pdb_file,code,chain,mut_type_renumbered,mut_type_pdb,wt_lora_pred,mt_lora_pred,combined_pred,combined_dddg_pred
C:\Users\gooud\AppData\Local\Temp\chimerax_rsv_input_nh8_3c1x\current_model_input_1.1_inference_prep.pdb,1ufm,A,G1A,G289A,0.038931459188461304,-0.17481178045272827,-0.06794016063213348,-0.10687161982059479
C:\Users\gooud\AppData\Local\Temp\chimerax_rsv_input_nh8_3c1x\current_model_input_1.1_inference_prep.pdb,1ufm,A,G1C,G289C,0.4096319079399109,0.24862536787986755,0.329128623008728,-0.08050327003002167
C:\Users\gooud\AppData\Local\Temp\chimerax_rsv_input_nh8_3c1x\current_model_input_1.1_inference_prep.pdb,1ufm,A,G1D,G289D,0.004444122314453125,-0.22966882586479187,-0.11261235177516937,-0.1170564740896225
C:\Users\gooud\AppData\Local\Temp\chimerax_rsv_input_nh8_3c1x\current_model_input_1.1_inference_prep.pdb,1ufm,A,G1E,G289E,-0.01924522966146469,-0.31421685218811035,-0.16673104465007782,-0.14748581126332283
C:\Users\gooud\AppData\Local\Temp\chimerax_rsv_input_nh8_3c1x\current_model_input_1.1_inference_prep.pdb,1ufm,A,G1F,G289F,0.06326528638601303,-0.012432180345058441,0.025416553020477295,-0.037848733365535736
C:\Users\gooud\AppData\Local\Temp\chimerax_rsv_input_nh8_3c1x\current_model_input_1.1_inference_prep.pdb,1ufm,A,G1H,G289H,-0.04064447432756424,-0.2824307978153229,-0.16153763234615326,-0.12089316174387932
C:\Users\gooud\AppData\Local\Temp\chimerax_rsv_input_nh8_3c1x\current_model_input_1.1_inference_prep.pdb,1ufm,A,G1I,G289I,0.036575160920619965,-0.04099638760089874,-0.002210613340139389,-0.038785774260759354
C:\Users\gooud\AppData\Local\Temp\chimerax_rsv_input_nh8_3c1x\current_model_input_1.1_inference_prep.pdb,1ufm,A,G1K,G289K,-0.09826765209436417,-0.23227044939994812,-0.16526904702186584,-0.06700139865279198
C:\Users\gooud\AppData\Local\Temp\chimerax_rsv_input_nh8_3c1x\current_model_input_1.1_inference_prep.pdb,1ufm,A,G1L,G289L,0.02303847298026085,-0.040888965129852295,-0.008925246074795723,-0.03196371905505657
C:\Users\gooud\AppData\Local\Temp\chimerax_rsv_input_nh8_3c1x\current_model_input_1.1_inference_prep.pdb,1ufm,A,G1M,G289M,-0.010182321071624756,-0.24710357189178467,-0.1286429464817047,-0.11846062541007996
C:\Users\gooud\AppData\Local\Temp\chimerax_rsv_input_nh8_3c1x\current_model_input_1.1_inference_prep.pdb,1ufm,A,G1N,G289N,0.025158360600471497,-0.2281118631362915,-0.10147675126791,-0.1266351118683815
C:\Users\gooud\AppData\Local\Temp\chimerax_rsv_input_nh8_3c1x\current_model_input_1.1_inference_prep.pdb,1ufm,A,G1P,G289P,-0.016806602478027344,-0.22011661529541016,-0.11846160888671875,-0.1016550064086914
C:\Users\gooud\AppData\Local\Temp\chimerax_rsv_input_nh8_3c1x\current_model_input_1.1_inference_prep.pdb,1ufm,A,G1Q,G289Q,-0.00858231633901596,-0.2369377613067627,-0.12276004254817963,-0.11417772248387337
C:\Users\gooud\AppData\Local\Temp\chimerax_rsv_input_nh8_3c1x\current_model_input_1.1_inference_prep.pdb,1ufm,A,G1R,G289R,-0.16563305258750916,-0.29508715867996216,-0.23036010563373566,-0.0647270530462265
C:\Users\gooud\AppData\Local\Temp\chimerax_rsv_input_nh8_3c1x\current_model_input_1.1_inference_prep.pdb,1ufm,A,G1S,G289S,0.13990408182144165,-0.17235563695430756,-0.016225777566432953,-0.1561298593878746
C:\Users\gooud\AppData\Local\Temp\chimerax_rsv_input_nh8_3c1x\current_model_input_1.1_inference_prep.pdb,1ufm,A,G1T,G289T,0.04498949646949768,-0.23473264276981354,-0.09487157315015793,-0.1398610696196556
C:\Users\gooud\AppData\Local\Temp\chimerax_rsv_input_nh8_3c1x\current_model_input_1.1_inference_prep.pdb,1ufm,A,G1V,G289V,-0.005353398621082306,-0.1895523965358734,-0.09745289385318756,-0.09209949895739555
C:\Users\gooud\AppData\Local\Temp\chimerax_rsv_input_nh8_3c1x\current_model_input_1.1_inference_prep.pdb,1ufm,A,G1W,G289W,-0.09461299329996109,0.008983440697193146,-0.04281477630138397,0.05179821699857712
C:\Users\gooud\AppData\Local\Temp\chimerax_rsv_input_nh8_3c1x\current_model_input_1.1_inference_prep.pdb,1ufm,A,G1Y,G289Y,-0.044335588812828064,-0.11442457884550095,-0.0793800801038742,-0.03504449501633644
C:\Users\gooud\AppData\Local\Temp\chimerax_rsv_input_nh8_3c1x\current_model_input_1.1_inference_prep.pdb,1ufm,A,S2A,S290A,-0.10411757975816727,-0.17725059390068054,-0.1406840831041336,-0.03656650707125664
C:\Users\gooud\AppData\Local\Temp\chimerax_rsv_input_nh8_3c1x\current_model_input_1.1_inference_prep.pdb,1ufm,A,S2C,S290C,0.11917078495025635,0.3500194549560547,0.23459511995315552,0.11542433500289917
C:\Users\gooud\AppData\Local\Temp\chimerax_rsv_input_nh8_3c1x\current_model_input_1.1_inference_prep.pdb,1ufm,A,S2D,S290D,-0.12889713048934937,-0.31304872035980225,-0.2209729254245758,-0.09207579493522644
C:\Users\gooud\AppData\Local\Temp\chimerax_rsv_input_nh8_3c1x\current_model_input_1.1_inference_prep.pdb,1ufm,A,S2E,S290E,-0.21301177144050598,-0.3306753635406494,-0.2718435525894165,-0.058831796050071716
C:\Users\gooud\AppData\Local\Temp\chimerax_rsv_input_nh8_3c1x\current_model_input_1.1_inference_prep.pdb,1ufm,A,S2F,S290F,-0.10442966967821121,0.01646178960800171,-0.04398394003510475,0.06044572964310646
C:\Users\gooud\AppData\Local\Temp\chimerax_rsv_input_nh8_3c1x\current_model_input_1.1_inference_prep.pdb,1ufm,A,S2G,S290G,-0.11671861261129379,-0.055089011788368225,-0.08590380847454071,0.030814800411462784
C:\Users\gooud\AppData\Local\Temp\chimerax_rsv_input_nh8_3c1x\current_model_input_1.1_inference_prep.pdb,1ufm,A,S2H,S290H,-0.23328897356987,-0.28423357009887695,-0.25876128673553467,-0.02547229826450348
C:\Users\gooud\AppData\Local\Temp\chimerax_rsv_input_nh8_3c1x\current_model_input_1.1_inference_prep.pdb,1ufm,A,S2I,S290I,-0.1461491882801056,0.008199639618396759,-0.06897477805614471,0.07717441394925117
C:\Users\gooud\AppData\Local\Temp\chimerax_rsv_input_nh8_3c1x\current_model_input_1.1_inference_prep.pdb,1ufm,A,S2K,S290K,-0.25191351771354675,-0.24416987597942352,-0.24804168939590454,0.003871820867061615
C:\Users\gooud\AppData\Local\Temp\chimerax_rsv_input_nh8_3c1x\current_model_input_1.1_inference_prep.pdb,1ufm,A,S2L,S290L,-0.1327759325504303,-0.09847810864448547,-0.11562702059745789,0.017148911952972412
C:\Users\gooud\AppData\Local\Temp\chimerax_rsv_input_nh8_3c1x\current_model_input_1.1_inference_prep.pdb,1ufm,A,S2M,S290M,-0.279898464679718,-0.2305767834186554,-0.2552376389503479,0.02466084063053131
C:\Users\gooud\AppData\Local\Temp\chimerax_rsv_input_nh8_3c1x\current_model_input_1.1_inference_prep.pdb,1ufm,A,S2N,S290N,-0.1260710060596466,-0.24928657710552216,-0.18767878413200378,-0.061607785522937775
C:\Users\gooud\AppData\Local\Temp\chimerax_rsv_input_nh8_3c1x\current_model_input_1.1_inference_prep.pdb,1ufm,A,S2P,S290P,0.007004827260971069,-0.20256057381629944,-0.09777787327766418,-0.10478270053863525
C:\Users\gooud\AppData\Local\Temp\chimerax_rsv_input_nh8_3c1x\current_model_input_1.1_inference_prep.pdb,1ufm,A,S2Q,S290Q,-0.19078728556632996,-0.2860059440135956,-0.23839661478996277,-0.04760932922363281
C:\Users\gooud\AppData\Local\Temp\chimerax_rsv_input_nh8_3c1x\current_model_input_1.1_inference_prep.pdb,1ufm,A,S2R,S290R,-0.2823360860347748,-0.19812503457069397,-0.24023056030273438,0.042105525732040405
C:\Users\gooud\AppData\Local\Temp\chimerax_rsv_input_nh8_3c1x\current_model_input_1.1_inference_prep.pdb,1ufm,A,S2T,S290T,-0.11883225291967392,-0.3539615869522095,-0.236396923661232,-0.11756466701626778
C:\Users\gooud\AppData\Local\Temp\chimerax_rsv_input_nh8_3c1x\current_model_input_1.1_inference_prep.pdb,1ufm,A,S2V,S290V,-0.18938225507736206,-0.19342264533042908,-0.19140245020389557,-0.0020201951265335083
C:\Users\gooud\AppData\Local\Temp\chimerax_rsv_input_nh8_3c1x\current_model_input_1.1_inference_prep.pdb,1ufm,A,S2W,S290W,-0.23410522937774658,-0.01987530291080475,-0.12699025869369507,0.10711496323347092
C:\Users\gooud\AppData\Local\Temp\chimerax_rsv_input_nh8_3c1x\current_model_input_1.1_inference_prep.pdb,1ufm,A,S2Y,S290Y,-0.15467354655265808,-0.0026999935507774353,-0.07868677377700806,0.07598677650094032
C:\Users\gooud\AppData\Local\Temp\chimerax_rsv_input_nh8_3c1x\current_model_input_1.1_inference_prep.pdb,1ufm,A,S3A,S291A,-0.0863056406378746,-0.1844179332256317,-0.13536179065704346,-0.049056146293878555
C:\Users\gooud\AppData\Local\Temp\chimerax_rsv_input_nh8_3c1x\current_model_input_1.1_inference_prep.pdb,1ufm,A,S3C,S291C,0.19129619002342224,0.46258431673049927,0.32694023847579956,0.1356440633535385
C:\Users\gooud\AppData\Local\Temp\chimerax_rsv_input_nh8_3c1x\current_model_input_1.1_inference_prep.pdb,1ufm,A,S3D,S291D,-0.13430610299110413,-0.20743277668952942,-0.17086943984031677,-0.036563336849212646
C:\Users\gooud\AppData\Local\Temp\chimerax_rsv_input_nh8_3c1x\current_model_input_1.1_inference_prep.pdb,1ufm,A,S3E,S291E,-0.2126345932483673,-0.250384658575058,-0.23150962591171265,-0.018875032663345337
C:\Users\gooud\AppData\Local\Temp\chimerax_rsv_input_nh8_3c1x\current_model_input_1.1_inference_prep.pdb,1ufm,A,S3F,S291F,-0.08083821088075638,0.027894005179405212,-0.026472102850675583,0.054366108030080795
C:\Users\gooud\AppData\Local\Temp\chimerax_rsv_input_nh8_3c1x\current_model_input_1.1_inference_prep.pdb,1ufm,A,S3G,S291G,-0.07770686596632004,-0.04786112159490585,-0.06278399378061295,0.014922872185707092
C:\Users\gooud\AppData\Local\Temp\chimerax_rsv_input_nh8_3c1x\current_model_input_1.1_inference_prep.pdb,1ufm,A,S3H,S291H,-0.20486143231391907,-0.20954719185829163,-0.20720431208610535,-0.0023428797721862793
C:\Users\gooud\AppData\Local\Temp\chimerax_rsv_input_nh8_3c1x\current_model_input_1.1_inference_prep.pdb,1ufm,A,S3I,S291I,-0.15038934350013733,-0.03751320391893387,-0.0939512699842453,0.05643806979060173
C:\Users\gooud\AppData\Local\Temp\chimerax_rsv_input_nh8_3c1x\current_model_input_1.1_inference_prep.pdb,1ufm,A,S3K,S291K,-0.24615362286567688,-0.22436998784542084,-0.23526179790496826,0.010891817510128021
C:\Users\gooud\AppData\Local\Temp\chimerax_rsv_input_nh8_3c1x\current_model_input_1.1_inference_prep.pdb,1ufm,A,S3L,S291L,-0.07850102335214615,-0.03486952930688858,-0.056685276329517365,0.021815747022628784
C:\Users\gooud\AppData\Local\Temp\chimerax_rsv_input_nh8_3c1x\current_model_input_1.1_inference_prep.pdb,1ufm,A,S3M,S291M,-0.21460974216461182,-0.13167421519756317,-0.1731419861316681,0.04146776348352432
C:\Users\gooud\AppData\Local\Temp\chimerax_rsv_input_nh8_3c1x\current_model_input_1.1_inference_prep.pdb,1ufm,A,S3N,S291N,-0.14877274632453918,-0.16351069509983063,-0.1561417281627655,-0.0073689743876457214
C:\Users\gooud\AppData\Local\Temp\chimerax_rsv_input_nh8_3c1x\current_model_input_1.1_inference_prep.pdb,1ufm,A,S3P,S291P,-0.03695604205131531,-0.015460662543773651,-0.02620835229754448,0.010747689753770828
C:\Users\gooud\AppData\Local\Temp\chimerax_rsv_input_nh8_3c1x\current_model_input_1.1_inference_prep.pdb,1ufm,A,S3Q,S291Q,-0.14262613654136658,-0.2518194913864136,-0.19722281396389008,-0.0545966774225235
C:\Users\gooud\AppData\Local\Temp\chimerax_rsv_input_nh8_3c1x\current_model_input_1.1_inference_prep.pdb,1ufm,A,S3R,S291R,-0.1553548276424408,-0.12451527267694473,-0.13993504643440247,0.015419777482748032
C:\Users\gooud\AppData\Local\Temp\chimerax_rsv_input_nh8_3c1x\current_model_input_1.1_inference_prep.pdb,1ufm,A,S3T,S291T,-0.09508944302797318,-0.292067289352417,-0.19357836246490479,-0.09848892316222191
C:\Users\gooud\AppData\Local\Temp\chimerax_rsv_input_nh8_3c1x\current_model_input_1.1_inference_prep.pdb,1ufm,A,S3V,S291V,-0.18248727917671204,-0.1811450719833374,-0.18181617558002472,0.0006711035966873169
C:\Users\gooud\AppData\Local\Temp\chimerax_rsv_input_nh8_3c1x\current_model_input_1.1_inference_prep.pdb,1ufm,A,S3W,S291W,-0.1673675775527954,0.1744239628314972,0.003528192639350891,0.1708957701921463
C:\Users\gooud\AppData\Local\Temp\chimerax_rsv_input_nh8_3c1x\current_model_input_1.1_inference_prep.pdb,1ufm,A,S3Y,S291Y,-0.09884489327669144,0.0842738002538681,-0.007285546511411667,0.09155934676527977
C:\Users\gooud\AppData\Local\Temp\chimerax_rsv_input_nh8_3c1x\current_model_input_1.1_inference_prep.pdb,1ufm,A,G4A,G292A,-0.009913116693496704,-0.10202710330486298,-0.05597010999917984,-0.046056993305683136
C:\Users\gooud\AppData\Local\Temp\chimerax_rsv_input_nh8_3c1x\current_model_input_1.1_inference_prep.pdb,1ufm,A,G4C,G292C,0.3213597238063812,0.3389650583267212,0.3301624059677124,0.008802667260169983
C:\Users\gooud\AppData\Local\Temp\chimerax_rsv_input_nh8_3c1x\current_model_input_1.1_inference_prep.pdb,1ufm,A,G4D,G292D,-0.08350909501314163,-0.10775028169155121,-0.09562969207763672,-0.012120593339204788
C:\Users\gooud\AppData\Local\Temp\chimerax_rsv_input_nh8_3c1x\current_model_input_1.1_inference_prep.pdb,1ufm,A,G4E,G292E,-0.1620233654975891,-0.23326274752616882,-0.19764305651187897,-0.035619691014289856
C:\Users\gooud\AppData\Local\Temp\chimerax_rsv_input_nh8_3c1x\current_model_input_1.1_inference_prep.pdb,1ufm,A,G4F,G292F,-0.015280105173587799,0.12150558829307556,0.05311274155974388,0.06839284673333168
C:\Users\gooud\AppData\Local\Temp\chimerax_rsv_input_nh8_3c1x\current_model_input_1.1_inference_prep.pdb,1ufm,A,G4H,G292H,-0.10981930047273636,-0.1894143521785736,-0.14961682260036469,-0.039797525852918625
C:\Users\gooud\AppData\Local\Temp\chimerax_rsv_input_nh8_3c1x\current_model_input_1.1_inference_prep.pdb,1ufm,A,G4I,G292I,-0.008682481944561005,0.1966584324836731,0.09398797154426575,0.10267045721411705
C:\Users\gooud\AppData\Local\Temp\chimerax_rsv_input_nh8_3c1x\current_model_input_1.1_inference_prep.pdb,1ufm,A,G4K,G292K,-0.15997415781021118,-0.1872352659702301,-0.17360471189022064,-0.01363055408000946
C:\Users\gooud\AppData\Local\Temp\chimerax_rsv_input_nh8_3c1x\current_model_input_1.1_inference_prep.pdb,1ufm,A,G4L,G292L,-0.02057299017906189,0.1375630795955658,0.05849504470825195,0.07906803488731384
C:\Users\gooud\AppData\Local\Temp\chimerax_rsv_input_nh8_3c1x\current_model_input_1.1_inference_prep.pdb,1ufm,A,G4M,G292M,-0.13122761249542236,-0.07450370490550995,-0.10286565870046616,0.028361953794956207
C:\Users\gooud\AppData\Local\Temp\chimerax_rsv_input_nh8_3c1x\current_model_input_1.1_inference_prep.pdb,1ufm,A,G4N,G292N,-0.04696457087993622,-0.23443469405174255,-0.1406996250152588,-0.09373506158590317
C:\Users\gooud\AppData\Local\Temp\chimerax_rsv_input_nh8_3c1x\current_model_input_1.1_inference_prep.pdb,1ufm,A,G4P,G292P,0.02240639552474022,0.0167321115732193,0.01956925354897976,-0.00283714197576046
C:\Users\gooud\AppData\Local\Temp\chimerax_rsv_input_nh8_3c1x\current_model_input_1.1_inference_prep.pdb,1ufm,A,G4Q,G292Q,-0.0690360888838768,-0.17882248759269714,-0.12392929196357727,-0.05489319935441017
C:\Users\gooud\AppData\Local\Temp\chimerax_rsv_input_nh8_3c1x\current_model_input_1.1_inference_prep.pdb,1ufm,A,G4R,G292R,-0.15965533256530762,-0.16272354125976562,-0.16118943691253662,-0.001534104347229004
C:\Users\gooud\AppData\Local\Temp\chimerax_rsv_input_nh8_3c1x\current_model_input_1.1_inference_prep.pdb,1ufm,A,G4S,G292S,0.0423671156167984,-0.030210763216018677,0.006078176200389862,-0.03628893941640854
C:\Users\gooud\AppData\Local\Temp\chimerax_rsv_input_nh8_3c1x\current_model_input_1.1_inference_prep.pdb,1ufm,A,G4T,G292T,-0.036188267171382904,-0.183059960603714,-0.10962411761283875,-0.07343584671616554
C:\Users\gooud\AppData\Local\Temp\chimerax_rsv_input_nh8_3c1x\current_model_input_1.1_inference_prep.pdb,1ufm,A,G4V,G292V,-0.06688601523637772,-0.052043404430150986,-0.0594647079706192,0.007421305403113365
C:\Users\gooud\AppData\Local\Temp\chimerax_rsv_input_nh8_3c1x\current_model_input_1.1_inference_prep.pdb,1ufm,A,G4W,G292W,-0.11975008994340897,0.381399542093277,0.1308247298002243,0.25057481601834297
C:\Users\gooud\AppData\Local\Temp\chimerax_rsv_input_nh8_3c1x\current_model_input_1.1_inference_prep.pdb,1ufm,A,G4Y,G292Y,-0.023886151611804962,0.11104343831539154,0.04357864335179329,0.06746479496359825
C:\Users\gooud\AppData\Local\Temp\chimerax_rsv_input_nh8_3c1x\current_model_input_1.1_inference_prep.pdb,1ufm,A,S5A,S293A,-0.029169701039791107,-0.14400064945220947,-0.08658517897129059,-0.05741547420620918
C:\Users\gooud\AppData\Local\Temp\chimerax_rsv_input_nh8_3c1x\current_model_input_1.1_inference_prep.pdb,1ufm,A,S5C,S293C,0.25385576486587524,0.5189667344093323,0.38641124963760376,0.13255548477172852
C:\Users\gooud\AppData\Local\Temp\chimerax_rsv_input_nh8_3c1x\current_model_input_1.1_inference_prep.pdb,1ufm,A,S5D,S293D,-0.07240083068609238,-0.17628973722457886,-0.12434528768062592,-0.05194445326924324
C:\Users\gooud\AppData\Local\Temp\chimerax_rsv_input_nh8_3c1x\current_model_input_1.1_inference_prep.pdb,1ufm,A,S5E,S293E,-0.12215473502874374,-0.17468494176864624,-0.1484198421239853,-0.026265103369951248
C:\Users\gooud\AppData\Local\Temp\chimerax_rsv_input_nh8_3c1x\current_model_input_1.1_inference_prep.pdb,1ufm,A,S5F,S293F,0.006396528333425522,0.1323229968547821,0.06935976445674896,0.06296323426067829
C:\Users\gooud\AppData\Local\Temp\chimerax_rsv_input_nh8_3c1x\current_model_input_1.1_inference_prep.pdb,1ufm,A,S5G,S293G,0.018381115049123764,0.12436407804489136,0.07137259840965271,0.0529914814978838
C:\Users\gooud\AppData\Local\Temp\chimerax_rsv_input_nh8_3c1x\current_model_input_1.1_inference_prep.pdb,1ufm,A,S5H,S293H,-0.11651775985956192,-0.008670225739479065,-0.06259399652481079,0.05392376706004143
C:\Users\gooud\AppData\Local\Temp\chimerax_rsv_input_nh8_3c1x\current_model_input_1.1_inference_prep.pdb,1ufm,A,S5I,S293I,-0.05377461761236191,0.3165651261806488,0.13139525055885315,0.18516987189650536
C:\Users\gooud\AppData\Local\Temp\chimerax_rsv_input_nh8_3c1x\current_model_input_1.1_inference_prep.pdb,1ufm,A,S5K,S293K,-0.17961764335632324,-0.1522461175918579,-0.16593188047409058,0.013685762882232666
C:\Users\gooud\AppData\Local\Temp\chimerax_rsv_input_nh8_3c1x\current_model_input_1.1_inference_prep.pdb,1ufm,A,S5L,S293L,-0.056083858013153076,0.19519802927970886,0.0695570856332779,0.12564094364643097
C:\Users\gooud\AppData\Local\Temp\chimerax_rsv_input_nh8_3c1x\current_model_input_1.1_inference_prep.pdb,1ufm,A,S5M,S293M,-0.15399423241615295,0.03477419912815094,-0.05961001664400101,0.09438421577215195
C:\Users\gooud\AppData\Local\Temp\chimerax_rsv_input_nh8_3c1x\current_model_input_1.1_inference_prep.pdb,1ufm,A,S5N,S293N,-0.07678749412298203,-0.13884170353412628,-0.10781459510326385,-0.03102710470557213
C:\Users\gooud\AppData\Local\Temp\chimerax_rsv_input_nh8_3c1x\current_model_input_1.1_inference_prep.pdb,1ufm,A,S5P,S293P,0.026300128549337387,0.06511834263801575,0.045709237456321716,0.01940910704433918
C:\Users\gooud\AppData\Local\Temp\chimerax_rsv_input_nh8_3c1x\current_model_input_1.1_inference_prep.pdb,1ufm,A,S5Q,S293Q,-0.06662333756685257,-0.1703139841556549,-0.11846865713596344,-0.05184532329440117
C:\Users\gooud\AppData\Local\Temp\chimerax_rsv_input_nh8_3c1x\current_model_input_1.1_inference_prep.pdb,1ufm,A,S5R,S293R,-0.17438584566116333,-0.1237008273601532,-0.14904333651065826,0.025342509150505066
C:\Users\gooud\AppData\Local\Temp\chimerax_rsv_input_nh8_3c1x\current_model_input_1.1_inference_prep.pdb,1ufm,A,S5T,S293T,-0.06303472071886063,-0.19977468252182007,-0.13140469789505005,-0.06836998090147972
C:\Users\gooud\AppData\Local\Temp\chimerax_rsv_input_nh8_3c1x\current_model_input_1.1_inference_prep.pdb,1ufm,A,S5V,S293V,-0.0802680030465126,0.02889484167098999,-0.025686580687761307,0.0545814223587513
C:\Users\gooud\AppData\Local\Temp\chimerax_rsv_input_nh8_3c1x\current_model_input_1.1_inference_prep.pdb,1ufm,A,S5W,S293W,-0.012467697262763977,0.21311551332473755,0.10032390803098679,0.11279160529375076
C:\Users\gooud\AppData\Local\Temp\chimerax_rsv_input_nh8_3c1x\current_model_input_1.1_inference_prep.pdb,1ufm,A,S5Y,S293Y,0.040947116911411285,0.2142428755760193,0.127594992518425,0.086647879332304
C:\Users\gooud\AppData\Local\Temp\chimerax_rsv_input_nh8_3c1x\current_model_input_1.1_inference_prep.pdb,1ufm,A,S6A,S294A,0.0017874911427497864,-0.125905841588974,-0.062059175223112106,-0.06384666636586189
C:\Users\gooud\AppData\Local\Temp\chimerax_rsv_input_nh8_3c1x\current_model_input_1.1_inference_prep.pdb,1ufm,A,S6C,S294C,0.3171979486942291,0.4021265506744385,0.3596622347831726,0.042464300990104675
C:\Users\gooud\AppData\Local\Temp\chimerax_rsv_input_nh8_3c1x\current_model_input_1.1_inference_prep.pdb,1ufm,A,S6D,S294D,-0.019213959574699402,-0.11745274066925049,-0.06833335012197495,-0.04911939054727554
C:\Users\gooud\AppData\Local\Temp\chimerax_rsv_input_nh8_3c1x\current_model_input_1.1_inference_prep.pdb,1ufm,A,S6E,S294E,-0.06331031769514084,-0.0793057531118393,-0.07130803167819977,-0.007997717708349228
C:\Users\gooud\AppData\Local\Temp\chimerax_rsv_input_nh8_3c1x\current_model_input_1.1_inference_prep.pdb,1ufm,A,S6F,S294F,0.0016678795218467712,0.1614939570426941,0.08158092200756073,0.07991303876042366
C:\Users\gooud\AppData\Local\Temp\chimerax_rsv_input_nh8_3c1x\current_model_input_1.1_inference_prep.pdb,1ufm,A,S6G,S294G,-0.01800484210252762,-0.06170753762125969,-0.039856187999248505,-0.021851347759366035
C:\Users\gooud\AppData\Local\Temp\chimerax_rsv_input_nh8_3c1x\current_model_input_1.1_inference_prep.pdb,1ufm,A,S6H,S294H,-0.1527412235736847,-0.10570700466632843,-0.12922412157058716,0.02351710945367813
C:\Users\gooud\AppData\Local\Temp\chimerax_rsv_input_nh8_3c1x\current_model_input_1.1_inference_prep.pdb,1ufm,A,S6I,S294I,-0.004469729959964752,0.13834187388420105,0.06693607568740845,0.0714058019220829
C:\Users\gooud\AppData\Local\Temp\chimerax_rsv_input_nh8_3c1x\current_model_input_1.1_inference_prep.pdb,1ufm,A,S6K,S294K,-0.16622930765151978,-0.19858339428901672,-0.18240635097026825,-0.016177043318748474
C:\Users\gooud\AppData\Local\Temp\chimerax_rsv_input_nh8_3c1x\current_model_input_1.1_inference_prep.pdb,1ufm,A,S6L,S294L,0.0022781118750572205,0.0678553581237793,0.03506673499941826,0.03278862312436104
C:\Users\gooud\AppData\Local\Temp\chimerax_rsv_input_nh8_3c1x\current_model_input_1.1_inference_prep.pdb,1ufm,A,S6M,S294M,-0.14154332876205444,-0.03209700435400009,-0.08682017028331757,0.054723162204027176
C:\Users\gooud\AppData\Local\Temp\chimerax_rsv_input_nh8_3c1x\current_model_input_1.1_inference_prep.pdb,1ufm,A,S6N,S294N,-0.06809482723474503,-0.09645837545394897,-0.0822765976190567,-0.014181774109601974
C:\Users\gooud\AppData\Local\Temp\chimerax_rsv_input_nh8_3c1x\current_model_input_1.1_inference_prep.pdb,1ufm,A,S6P,S294P,-0.004821158945560455,0.013346835970878601,0.004262838512659073,0.009083997458219528
C:\Users\gooud\AppData\Local\Temp\chimerax_rsv_input_nh8_3c1x\current_model_input_1.1_inference_prep.pdb,1ufm,A,S6Q,S294Q,-0.05242723971605301,-0.17776435613632202,-0.11509579420089722,-0.0626685582101345
C:\Users\gooud\AppData\Local\Temp\chimerax_rsv_input_nh8_3c1x\current_model_input_1.1_inference_prep.pdb,1ufm,A,S6R,S294R,-0.13435304164886475,-0.21463710069656372,-0.17449507117271423,-0.04014202952384949
C:\Users\gooud\AppData\Local\Temp\chimerax_rsv_input_nh8_3c1x\current_model_input_1.1_inference_prep.pdb,1ufm,A,S6T,S294T,-0.022902674973011017,-0.17880883812904358,-0.100855752825737,-0.07795308157801628
C:\Users\gooud\AppData\Local\Temp\chimerax_rsv_input_nh8_3c1x\current_model_input_1.1_inference_prep.pdb,1ufm,A,S6V,S294V,-0.04584001749753952,-0.06197842210531235,-0.053909219801425934,-0.008069202303886414
C:\Users\gooud\AppData\Local\Temp\chimerax_rsv_input_nh8_3c1x\current_model_input_1.1_inference_prep.pdb,1ufm,A,S6W,S294W,-0.10282961279153824,0.3189809024333954,0.10807564854621887,0.2109052576124668
C:\Users\gooud\AppData\Local\Temp\chimerax_rsv_input_nh8_3c1x\current_model_input_1.1_inference_prep.pdb,1ufm,A,S6Y,S294Y,0.03707391768693924,0.38193055987358093,0.2095022350549698,0.17242832109332085
C:\Users\gooud\AppData\Local\Temp\chimerax_rsv_input_nh8_3c1x\current_model_input_1.1_inference_prep.pdb,1ufm,A,G7A,G295A,0.06812123954296112,-0.13534346222877502,-0.03361111134290695,-0.10173235088586807
C:\Users\gooud\AppData\Local\Temp\chimerax_rsv_input_nh8_3c1x\current_model_input_1.1_inference_prep.pdb,1ufm,A,G7C,G295C,0.3152998685836792,0.3629339039325714,0.3391168713569641,0.023817017674446106
C:\Users\gooud\AppData\Local\Temp\chimerax_rsv_input_nh8_3c1x\current_model_input_1.1_inference_prep.pdb,1ufm,A,G7D,G295D,0.06890411674976349,-0.06240221485495567,0.0032509509474039078,-0.06565316580235958
C:\Users\gooud\AppData\Local\Temp\chimerax_rsv_input_nh8_3c1x\current_model_input_1.1_inference_prep.pdb,1ufm,A,G7E,G295E,0.027174942195415497,-0.11806518584489822,-0.045445121824741364,-0.07262006402015686
C:\Users\gooud\AppData\Local\Temp\chimerax_rsv_input_nh8_3c1x\current_model_input_1.1_inference_prep.pdb,1ufm,A,G7F,G295F,0.05168129503726959,-0.0022877752780914307,0.02469675987958908,-0.02698453515768051
C:\Users\gooud\AppData\Local\Temp\chimerax_rsv_input_nh8_3c1x\current_model_input_1.1_inference_prep.pdb,1ufm,A,G7H,G295H,-0.08966346830129623,-0.17698153853416443,-0.13332250714302063,-0.0436590351164341
C:\Users\gooud\AppData\Local\Temp\chimerax_rsv_input_nh8_3c1x\current_model_input_1.1_inference_prep.pdb,1ufm,A,G7I,G295I,0.06993663311004639,-0.005534537136554718,0.032201047986745834,-0.03773558512330055
C:\Users\gooud\AppData\Local\Temp\chimerax_rsv_input_nh8_3c1x\current_model_input_1.1_inference_prep.pdb,1ufm,A,G7K,G295K,-0.08708085864782333,-0.15562179684638977,-0.12135133147239685,-0.03427046909928322
C:\Users\gooud\AppData\Local\Temp\chimerax_rsv_input_nh8_3c1x\current_model_input_1.1_inference_prep.pdb,1ufm,A,G7L,G295L,0.09200676530599594,0.044874414801597595,0.06844058632850647,-0.023566175252199173
C:\Users\gooud\AppData\Local\Temp\chimerax_rsv_input_nh8_3c1x\current_model_input_1.1_inference_prep.pdb,1ufm,A,G7M,G295M,-0.06122157722711563,-0.10751201957464218,-0.0843667984008789,-0.023145221173763275
C:\Users\gooud\AppData\Local\Temp\chimerax_rsv_input_nh8_3c1x\current_model_input_1.1_inference_prep.pdb,1ufm,A,G7N,G295N,0.053108811378479004,-0.17045702040195465,-0.058674104511737823,-0.11178291589021683
C:\Users\gooud\AppData\Local\Temp\chimerax_rsv_input_nh8_3c1x\current_model_input_1.1_inference_prep.pdb,1ufm,A,G7P,G295P,0.04725658893585205,0.04940888285636902,0.048332735896110535,0.0010761469602584839
C:\Users\gooud\AppData\Local\Temp\chimerax_rsv_input_nh8_3c1x\current_model_input_1.1_inference_prep.pdb,1ufm,A,G7Q,G295Q,-0.005399130284786224,-0.1364678591489792,-0.07093349099159241,-0.06553436443209648
C:\Users\gooud\AppData\Local\Temp\chimerax_rsv_input_nh8_3c1x\current_model_input_1.1_inference_prep.pdb,1ufm,A,G7R,G295R,-0.09074639528989792,-0.05380300059914589,-0.07227469980716705,0.018471697345376015
C:\Users\gooud\AppData\Local\Temp\chimerax_rsv_input_nh8_3c1x\current_model_input_1.1_inference_prep.pdb,1ufm,A,G7S,G295S,0.08486609160900116,-0.04352692514657974,0.02066958323121071,-0.06419650837779045
C:\Users\gooud\AppData\Local\Temp\chimerax_rsv_input_nh8_3c1x\current_model_input_1.1_inference_prep.pdb,1ufm,A,G7T,G295T,0.041856735944747925,-0.138328418135643,-0.04823584109544754,-0.09009257704019547
C:\Users\gooud\AppData\Local\Temp\chimerax_rsv_input_nh8_3c1x\current_model_input_1.1_inference_prep.pdb,1ufm,A,G7V,G295V,0.015267189592123032,-0.14006750285625458,-0.062400154769420624,-0.0776673462241888
C:\Users\gooud\AppData\Local\Temp\chimerax_rsv_input_nh8_3c1x\current_model_input_1.1_inference_prep.pdb,1ufm,A,G7W,G295W,-0.0952419713139534,0.17702367901802063,0.040890853852033615,0.13613282516598701
C:\Users\gooud\AppData\Local\Temp\chimerax_rsv_input_nh8_3c1x\current_model_input_1.1_inference_prep.pdb,1ufm,A,G7Y,G295Y,0.0212840735912323,0.08017660677433014,0.05073034018278122,0.02944626659154892
C:\Users\gooud\AppData\Local\Temp\chimerax_rsv_input_nh8_3c1x\current_model_input_1.1_inference_prep.pdb,1ufm,A,G8A,G296A,0.09996315836906433,-0.04614879935979843,0.02690717950463295,-0.07305597886443138
C:\Users\gooud\AppData\Local\Temp\chimerax_rsv_input_nh8_3c1x\current_model_input_1.1_inference_prep.pdb,1ufm,A,G8C,G296C,0.32969993352890015,0.2752055823802948,0.3024527430534363,-0.027247175574302673
C:\Users\gooud\AppData\Local\Temp\chimerax_rsv_input_nh8_3c1x\current_model_input_1.1_inference_prep.pdb,1ufm,A,G8D,G296D,0.1441817581653595,-0.05514675751328468,0.044517502188682556,-0.09966425783932209
C:\Users\gooud\AppData\Local\Temp\chimerax_rsv_input_nh8_3c1x\current_model_input_1.1_inference_prep.pdb,1ufm,A,G8E,G296E,0.0910855382680893,-0.028890356421470642,0.031097590923309326,-0.05998794734477997
C:\Users\gooud\AppData\Local\Temp\chimerax_rsv_input_nh8_3c1x\current_model_input_1.1_inference_prep.pdb,1ufm,A,G8F,G296F,0.12791872024536133,0.06366299092769623,0.09579085558652878,-0.03212786465883255
C:\Users\gooud\AppData\Local\Temp\chimerax_rsv_input_nh8_3c1x\current_model_input_1.1_inference_prep.pdb,1ufm,A,G8H,G296H,-0.07279662042856216,-0.06347069144248962,-0.0681336522102356,0.00466296449303627
C:\Users\gooud\AppData\Local\Temp\chimerax_rsv_input_nh8_3c1x\current_model_input_1.1_inference_prep.pdb,1ufm,A,G8I,G296I,0.11619924008846283,0.10921907424926758,0.1127091571688652,-0.0034900829195976257
C:\Users\gooud\AppData\Local\Temp\chimerax_rsv_input_nh8_3c1x\current_model_input_1.1_inference_prep.pdb,1ufm,A,G8K,G296K,-0.10243520885705948,-0.06990431249141693,-0.0861697643995285,0.016265448182821274
C:\Users\gooud\AppData\Local\Temp\chimerax_rsv_input_nh8_3c1x\current_model_input_1.1_inference_prep.pdb,1ufm,A,G8L,G296L,0.12040358781814575,0.13371917605400085,0.1270613819360733,0.006657794117927551
C:\Users\gooud\AppData\Local\Temp\chimerax_rsv_input_nh8_3c1x\current_model_input_1.1_inference_prep.pdb,1ufm,A,G8M,G296M,-0.020494967699050903,-0.032991811633110046,-0.026743389666080475,-0.0062484219670295715
C:\Users\gooud\AppData\Local\Temp\chimerax_rsv_input_nh8_3c1x\current_model_input_1.1_inference_prep.pdb,1ufm,A,G8N,G296N,0.06895279139280319,-0.1142130047082901,-0.022630106657743454,-0.09158289805054665
C:\Users\gooud\AppData\Local\Temp\chimerax_rsv_input_nh8_3c1x\current_model_input_1.1_inference_prep.pdb,1ufm,A,G8P,G296P,0.12638768553733826,0.09701034426689148,0.11169901490211487,-0.014688670635223389
C:\Users\gooud\AppData\Local\Temp\chimerax_rsv_input_nh8_3c1x\current_model_input_1.1_inference_prep.pdb,1ufm,A,G8Q,G296Q,0.01490098237991333,-0.050891391932964325,-0.017995204776525497,-0.03289618715643883
C:\Users\gooud\AppData\Local\Temp\chimerax_rsv_input_nh8_3c1x\current_model_input_1.1_inference_prep.pdb,1ufm,A,G8R,G296R,-0.1253243088722229,-0.03743238002061844,-0.08137834072113037,0.04394596442580223
C:\Users\gooud\AppData\Local\Temp\chimerax_rsv_input_nh8_3c1x\current_model_input_1.1_inference_prep.pdb,1ufm,A,G8S,G296S,0.09319797903299332,0.09735994040966034,0.09527896344661713,0.0020809806883335114
C:\Users\gooud\AppData\Local\Temp\chimerax_rsv_input_nh8_3c1x\current_model_input_1.1_inference_prep.pdb,1ufm,A,G8T,G296T,0.03159099444746971,-0.08871041983366013,-0.028559712693095207,-0.06015070714056492
C:\Users\gooud\AppData\Local\Temp\chimerax_rsv_input_nh8_3c1x\current_model_input_1.1_inference_prep.pdb,1ufm,A,G8V,G296V,0.049558546394109726,0.0013817548751831055,0.025470150634646416,-0.02408839575946331
C:\Users\gooud\AppData\Local\Temp\chimerax_rsv_input_nh8_3c1x\current_model_input_1.1_inference_prep.pdb,1ufm,A,G8W,G296W,-0.020815372467041016,0.18661382794380188,0.08289922773838043,0.10371460020542145
C:\Users\gooud\AppData\Local\Temp\chimerax_rsv_input_nh8_3c1x\current_model_input_1.1_inference_prep.pdb,1ufm,A,G8Y,G296Y,0.09676750749349594,0.10914120078086853,0.10295435786247253,0.0061868466436862946
C:\Users\gooud\AppData\Local\Temp\chimerax_rsv_input_nh8_3c1x\current_model_input_1.1_inference_prep.pdb,1ufm,A,S9A,S297A,0.04914797842502594,-0.07989202439785004,-0.015372022986412048,-0.06452000141143799
C:\Users\gooud\AppData\Local\Temp\chimerax_rsv_input_nh8_3c1x\current_model_input_1.1_inference_prep.pdb,1ufm,A,S9C,S297C,0.324240505695343,0.5128140449523926,0.4185272753238678,0.09428676962852478
C:\Users\gooud\AppData\Local\Temp\chimerax_rsv_input_nh8_3c1x\current_model_input_1.1_inference_prep.pdb,1ufm,A,S9D,S297D,0.07984811067581177,-0.025001458823680878,0.027423325926065445,-0.05242478474974632
C:\Users\gooud\AppData\Local\Temp\chimerax_rsv_input_nh8_3c1x\current_model_input_1.1_inference_prep.pdb,1ufm,A,S9E,S297E,0.06077451631426811,-0.0036014243960380554,0.02858654595911503,-0.032187970355153084
C:\Users\gooud\AppData\Local\Temp\chimerax_rsv_input_nh8_3c1x\current_model_input_1.1_inference_prep.pdb,1ufm,A,S9F,S297F,-0.05289024859666824,0.13098368048667908,0.03904671594500542,0.09193696454167366
C:\Users\gooud\AppData\Local\Temp\chimerax_rsv_input_nh8_3c1x\current_model_input_1.1_inference_prep.pdb,1ufm,A,S9G,S297G,0.04651428759098053,-0.02684643864631653,0.009833924472332,-0.03668036311864853
C:\Users\gooud\AppData\Local\Temp\chimerax_rsv_input_nh8_3c1x\current_model_input_1.1_inference_prep.pdb,1ufm,A,S9H,S297H,-0.15497317910194397,-0.05995560437440872,-0.10746438801288605,0.047508787363767624
C:\Users\gooud\AppData\Local\Temp\chimerax_rsv_input_nh8_3c1x\current_model_input_1.1_inference_prep.pdb,1ufm,A,S9I,S297I,-0.03603425621986389,0.13489773869514465,0.04943174123764038,0.08546599745750427
C:\Users\gooud\AppData\Local\Temp\chimerax_rsv_input_nh8_3c1x\current_model_input_1.1_inference_prep.pdb,1ufm,A,S9K,S297K,-0.13687491416931152,-0.08127401769161224,-0.10907446593046188,0.02780044823884964
C:\Users\gooud\AppData\Local\Temp\chimerax_rsv_input_nh8_3c1x\current_model_input_1.1_inference_prep.pdb,1ufm,A,S9L,S297L,0.030589696019887924,0.19465512037277222,0.11262241005897522,0.08203271217644215
C:\Users\gooud\AppData\Local\Temp\chimerax_rsv_input_nh8_3c1x\current_model_input_1.1_inference_prep.pdb,1ufm,A,S9M,S297M,-0.10037174075841904,0.03426001965999603,-0.0330558605492115,0.06731588020920753
C:\Users\gooud\AppData\Local\Temp\chimerax_rsv_input_nh8_3c1x\current_model_input_1.1_inference_prep.pdb,1ufm,A,S9N,S297N,-0.03500743210315704,-0.16335242986679077,-0.09917993098497391,-0.06417249888181686
C:\Users\gooud\AppData\Local\Temp\chimerax_rsv_input_nh8_3c1x\current_model_input_1.1_inference_prep.pdb,1ufm,A,S9P,S297P,0.07407787442207336,0.05792488157749176,0.06600137799978256,-0.008076496422290802
C:\Users\gooud\AppData\Local\Temp\chimerax_rsv_input_nh8_3c1x\current_model_input_1.1_inference_prep.pdb,1ufm,A,S9Q,S297Q,-0.009999953210353851,-0.13203158974647522,-0.07101577520370483,-0.061015818268060684
C:\Users\gooud\AppData\Local\Temp\chimerax_rsv_input_nh8_3c1x\current_model_input_1.1_inference_prep.pdb,1ufm,A,S9R,S297R,-0.1271817982196808,-0.09779839217662811,-0.11249009519815445,0.014691703021526337
C:\Users\gooud\AppData\Local\Temp\chimerax_rsv_input_nh8_3c1x\current_model_input_1.1_inference_prep.pdb,1ufm,A,S9T,S297T,-0.01561950147151947,-0.1640310436487198,-0.08982527256011963,-0.07420577108860016
C:\Users\gooud\AppData\Local\Temp\chimerax_rsv_input_nh8_3c1x\current_model_input_1.1_inference_prep.pdb,1ufm,A,S9V,S297V,-0.05207056552171707,0.03725695610046387,-0.007406804710626602,0.04466376081109047
C:\Users\gooud\AppData\Local\Temp\chimerax_rsv_input_nh8_3c1x\current_model_input_1.1_inference_prep.pdb,1ufm,A,S9W,S297W,-0.12056685239076614,0.307011216878891,0.09322218596935272,0.21378903463482857
C:\Users\gooud\AppData\Local\Temp\chimerax_rsv_input_nh8_3c1x\current_model_input_1.1_inference_prep.pdb,1ufm,A,S9Y,S297Y,-0.009516708552837372,0.2635829746723175,0.12703312933444977,0.13654984161257744
C:\Users\gooud\AppData\Local\Temp\chimerax_rsv_input_nh8_3c1x\current_model_input_1.1_inference_prep.pdb,1ufm,A,S10A,S298A,0.08218424767255783,-0.06127980723977089,0.01045222021639347,-0.07173202745616436
C:\Users\gooud\AppData\Local\Temp\chimerax_rsv_input_nh8_3c1x\current_model_input_1.1_inference_prep.pdb,1ufm,A,S10C,S298C,0.39198365807533264,0.49625855684280396,0.4441211223602295,0.05213744938373566
C:\Users\gooud\AppData\Local\Temp\chimerax_rsv_input_nh8_3c1x\current_model_input_1.1_inference_prep.pdb,1ufm,A,S10D,S298D,0.11768314242362976,0.009407006204128265,0.06354507803916931,-0.05413806810975075
C:\Users\gooud\AppData\Local\Temp\chimerax_rsv_input_nh8_3c1x\current_model_input_1.1_inference_prep.pdb,1ufm,A,S10E,S298E,0.12993058562278748,0.0515243262052536,0.09072745591402054,-0.03920312970876694
C:\Users\gooud\AppData\Local\Temp\chimerax_rsv_input_nh8_3c1x\current_model_input_1.1_inference_prep.pdb,1ufm,A,S10F,S298F,0.06693025678396225,0.12319552898406982,0.09506289660930634,0.028132636100053787
C:\Users\gooud\AppData\Local\Temp\chimerax_rsv_input_nh8_3c1x\current_model_input_1.1_inference_prep.pdb,1ufm,A,S10G,S298G,0.03552313148975372,0.05596235394477844,0.04574274271726608,0.01021961122751236
C:\Users\gooud\AppData\Local\Temp\chimerax_rsv_input_nh8_3c1x\current_model_input_1.1_inference_prep.pdb,1ufm,A,S10H,S298H,-0.08259319514036179,-0.004081003367900848,-0.04333709925413132,0.03925609588623047
C:\Users\gooud\AppData\Local\Temp\chimerax_rsv_input_nh8_3c1x\current_model_input_1.1_inference_prep.pdb,1ufm,A,S10I,S298I,0.09220843762159348,0.10284437239170074,0.09752640128135681,0.005317967385053635
C:\Users\gooud\AppData\Local\Temp\chimerax_rsv_input_nh8_3c1x\current_model_input_1.1_inference_prep.pdb,1ufm,A,S10K,S298K,-0.08249803632497787,-0.017060041427612305,-0.04977903887629509,0.032718997448682785
C:\Users\gooud\AppData\Local\Temp\chimerax_rsv_input_nh8_3c1x\current_model_input_1.1_inference_prep.pdb,1ufm,A,S10L,S298L,0.1339845359325409,0.08883488178253174,0.11140970885753632,-0.022574827075004578
C:\Users\gooud\AppData\Local\Temp\chimerax_rsv_input_nh8_3c1x\current_model_input_1.1_inference_prep.pdb,1ufm,A,S10M,S298M,-0.01143646240234375,0.020399436354637146,0.004481486976146698,0.015917949378490448
C:\Users\gooud\AppData\Local\Temp\chimerax_rsv_input_nh8_3c1x\current_model_input_1.1_inference_prep.pdb,1ufm,A,S10N,S298N,-0.004166305065155029,-0.14539383351802826,-0.07478006929159164,-0.07061376422643661
C:\Users\gooud\AppData\Local\Temp\chimerax_rsv_input_nh8_3c1x\current_model_input_1.1_inference_prep.pdb,1ufm,A,S10P,S298P,0.08522433787584305,-0.04155556857585907,0.02183438464999199,-0.06338995322585106
C:\Users\gooud\AppData\Local\Temp\chimerax_rsv_input_nh8_3c1x\current_model_input_1.1_inference_prep.pdb,1ufm,A,S10Q,S298Q,0.0407877191901207,-0.11267431080341339,-0.03594329580664635,-0.07673101499676704
C:\Users\gooud\AppData\Local\Temp\chimerax_rsv_input_nh8_3c1x\current_model_input_1.1_inference_prep.pdb,1ufm,A,S10R,S298R,-0.09212256222963333,-0.006957970559597015,-0.04954026639461517,0.04258229583501816
C:\Users\gooud\AppData\Local\Temp\chimerax_rsv_input_nh8_3c1x\current_model_input_1.1_inference_prep.pdb,1ufm,A,S10T,S298T,0.047978080809116364,-0.11617085337638855,-0.03409638628363609,-0.08207446709275246
C:\Users\gooud\AppData\Local\Temp\chimerax_rsv_input_nh8_3c1x\current_model_input_1.1_inference_prep.pdb,1ufm,A,S10V,S298V,0.07418152689933777,0.040035396814346313,0.05710846185684204,-0.017073065042495728
C:\Users\gooud\AppData\Local\Temp\chimerax_rsv_input_nh8_3c1x\current_model_input_1.1_inference_prep.pdb,1ufm,A,S10W,S298W,0.0008110702037811279,0.22751039266586304,0.11416073143482208,0.11334966123104095
C:\Users\gooud\AppData\Local\Temp\chimerax_rsv_input_nh8_3c1x\current_model_input_1.1_inference_prep.pdb,1ufm,A,S10Y,S298Y,0.09451591968536377,0.2127619981765747,0.15363895893096924,0.05912303924560547
C:\Users\gooud\AppData\Local\Temp\chimerax_rsv_input_nh8_3c1x\current_model_input_1.1_inference_prep.pdb,1ufm,A,I11A,I299A,-0.1372905671596527,-0.15222500264644623,-0.14475777745246887,-0.007467217743396759
C:\Users\gooud\AppData\Local\Temp\chimerax_rsv_input_nh8_3c1x\current_model_input_1.1_inference_prep.pdb,1ufm,A,I11C,I299C,0.185764878988266,0.3197471797466278,0.2527560293674469,0.06699115037918091
C:\Users\gooud\AppData\Local\Temp\chimerax_rsv_input_nh8_3c1x\current_model_input_1.1_inference_prep.pdb,1ufm,A,I11D,I299D,-0.0229276642203331,-0.11695794761180878,-0.06994280219078064,-0.04701514169573784
C:\Users\gooud\AppData\Local\Temp\chimerax_rsv_input_nh8_3c1x\current_model_input_1.1_inference_prep.pdb,1ufm,A,I11E,I299E,-0.004109106957912445,-0.12108279764652252,-0.06259594857692719,-0.05848684534430504
C:\Users\gooud\AppData\Local\Temp\chimerax_rsv_input_nh8_3c1x\current_model_input_1.1_inference_prep.pdb,1ufm,A,I11F,I299F,0.05852063000202179,-0.04596748948097229,0.00627657026052475,-0.05224405974149704
C:\Users\gooud\AppData\Local\Temp\chimerax_rsv_input_nh8_3c1x\current_model_input_1.1_inference_prep.pdb,1ufm,A,I11G,I299G,-0.21899598836898804,-0.12930724024772644,-0.17415161430835724,0.0448443740606308
C:\Users\gooud\AppData\Local\Temp\chimerax_rsv_input_nh8_3c1x\current_model_input_1.1_inference_prep.pdb,1ufm,A,I11H,I299H,-0.28078752756118774,-0.10335211455821991,-0.19206982851028442,0.08871770650148392
C:\Users\gooud\AppData\Local\Temp\chimerax_rsv_input_nh8_3c1x\current_model_input_1.1_inference_prep.pdb,1ufm,A,I11K,I299K,-0.24775996804237366,-0.21675163507461548,-0.23225580155849457,0.01550416648387909
C:\Users\gooud\AppData\Local\Temp\chimerax_rsv_input_nh8_3c1x\current_model_input_1.1_inference_prep.pdb,1ufm,A,I11L,I299L,0.05314059555530548,-0.03546002507209778,0.008840285241603851,-0.04430031031370163
C:\Users\gooud\AppData\Local\Temp\chimerax_rsv_input_nh8_3c1x\current_model_input_1.1_inference_prep.pdb,1ufm,A,I11M,I299M,-0.1443670690059662,-0.1411454677581787,-0.14275626838207245,0.0016108006238937378
C:\Users\gooud\AppData\Local\Temp\chimerax_rsv_input_nh8_3c1x\current_model_input_1.1_inference_prep.pdb,1ufm,A,I11N,I299N,-0.15431547164916992,-0.14915107190608978,-0.15173327922821045,0.0025821998715400696
C:\Users\gooud\AppData\Local\Temp\chimerax_rsv_input_nh8_3c1x\current_model_input_1.1_inference_prep.pdb,1ufm,A,I11P,I299P,-0.12180420011281967,-0.2000037431716919,-0.16090397536754608,-0.03909977152943611
C:\Users\gooud\AppData\Local\Temp\chimerax_rsv_input_nh8_3c1x\current_model_input_1.1_inference_prep.pdb,1ufm,A,I11Q,I299Q,-0.10423285514116287,-0.1848936378955841,-0.1445632427930832,-0.04033039137721062
C:\Users\gooud\AppData\Local\Temp\chimerax_rsv_input_nh8_3c1x\current_model_input_1.1_inference_prep.pdb,1ufm,A,I11R,I299R,-0.37944215536117554,-0.23381401598453522,-0.3066280782222748,0.07281406968832016
C:\Users\gooud\AppData\Local\Temp\chimerax_rsv_input_nh8_3c1x\current_model_input_1.1_inference_prep.pdb,1ufm,A,I11S,I299S,-0.1635150909423828,-0.13460563123226166,-0.14906036853790283,0.014454729855060577
C:\Users\gooud\AppData\Local\Temp\chimerax_rsv_input_nh8_3c1x\current_model_input_1.1_inference_prep.pdb,1ufm,A,I11T,I299T,-0.11870292574167252,-0.20292726159095764,-0.16081508994102478,-0.04211216792464256
C:\Users\gooud\AppData\Local\Temp\chimerax_rsv_input_nh8_3c1x\current_model_input_1.1_inference_prep.pdb,1ufm,A,I11V,I299V,-0.008364222943782806,-0.18645736575126648,-0.09741079807281494,-0.08904657140374184
C:\Users\gooud\AppData\Local\Temp\chimerax_rsv_input_nh8_3c1x\current_model_input_1.1_inference_prep.pdb,1ufm,A,I11W,I299W,0.020175907760858536,-0.062102023512125015,-0.02096305787563324,-0.041138965636491776
C:\Users\gooud\AppData\Local\Temp\chimerax_rsv_input_nh8_3c1x\current_model_input_1.1_inference_prep.pdb,1ufm,A,I11Y,I299Y,-0.050646036863327026,-0.05752124637365341,-0.05408364161849022,-0.0034376047551631927
C:\Users\gooud\AppData\Local\Temp\chimerax_rsv_input_nh8_3c1x\current_model_input_1.1_inference_prep.pdb,1ufm,A,L12A,L300A,-0.28604230284690857,-0.33788633346557617,-0.31196433305740356,-0.0259220153093338
C:\Users\gooud\AppData\Local\Temp\chimerax_rsv_input_nh8_3c1x\current_model_input_1.1_inference_prep.pdb,1ufm,A,L12C,L300C,-0.10581887513399124,0.18266257643699646,0.03842185065150261,0.14424072578549385
C:\Users\gooud\AppData\Local\Temp\chimerax_rsv_input_nh8_3c1x\current_model_input_1.1_inference_prep.pdb,1ufm,A,L12D,L300D,-0.33494967222213745,-0.2977558374404907,-0.3163527548313141,0.018596917390823364
C:\Users\gooud\AppData\Local\Temp\chimerax_rsv_input_nh8_3c1x\current_model_input_1.1_inference_prep.pdb,1ufm,A,L12E,L300E,-0.2687889635562897,-0.2900070548057556,-0.27939802408218384,-0.010609045624732971
C:\Users\gooud\AppData\Local\Temp\chimerax_rsv_input_nh8_3c1x\current_model_input_1.1_inference_prep.pdb,1ufm,A,L12F,L300F,-0.18708965182304382,-0.09400156140327454,-0.14054560661315918,0.046544045209884644
C:\Users\gooud\AppData\Local\Temp\chimerax_rsv_input_nh8_3c1x\current_model_input_1.1_inference_prep.pdb,1ufm,A,L12G,L300G,-0.32808586955070496,-0.31482526659965515,-0.32145556807518005,0.006630301475524902
C:\Users\gooud\AppData\Local\Temp\chimerax_rsv_input_nh8_3c1x\current_model_input_1.1_inference_prep.pdb,1ufm,A,L12H,L300H,-0.46851688623428345,-0.3903091251850128,-0.4294130206108093,0.039103880524635315
C:\Users\gooud\AppData\Local\Temp\chimerax_rsv_input_nh8_3c1x\current_model_input_1.1_inference_prep.pdb,1ufm,A,L12I,L300I,-0.008470624685287476,-0.12548160552978516,-0.06697611510753632,-0.05850549042224884
C:\Users\gooud\AppData\Local\Temp\chimerax_rsv_input_nh8_3c1x\current_model_input_1.1_inference_prep.pdb,1ufm,A,L12K,L300K,-0.4110981822013855,-0.2547944188117981,-0.3329463005065918,0.0781518816947937
C:\Users\gooud\AppData\Local\Temp\chimerax_rsv_input_nh8_3c1x\current_model_input_1.1_inference_prep.pdb,1ufm,A,L12M,L300M,-0.14622649550437927,-0.14515268802642822,-0.14568959176540375,0.0005369037389755249
C:\Users\gooud\AppData\Local\Temp\chimerax_rsv_input_nh8_3c1x\current_model_input_1.1_inference_prep.pdb,1ufm,A,L12N,L300N,-0.472195029258728,-0.3669332265853882,-0.4195641279220581,0.05263090133666992
C:\Users\gooud\AppData\Local\Temp\chimerax_rsv_input_nh8_3c1x\current_model_input_1.1_inference_prep.pdb,1ufm,A,L12P,L300P,-0.21376296877861023,-0.17156559228897095,-0.1926642805337906,0.02109868824481964
C:\Users\gooud\AppData\Local\Temp\chimerax_rsv_input_nh8_3c1x\current_model_input_1.1_inference_prep.pdb,1ufm,A,L12Q,L300Q,-0.3041855990886688,-0.37351423501968384,-0.33884990215301514,-0.03466431796550751
C:\Users\gooud\AppData\Local\Temp\chimerax_rsv_input_nh8_3c1x\current_model_input_1.1_inference_prep.pdb,1ufm,A,L12R,L300R,-0.46919119358062744,-0.3618675470352173,-0.41552937030792236,0.05366182327270508
C:\Users\gooud\AppData\Local\Temp\chimerax_rsv_input_nh8_3c1x\current_model_input_1.1_inference_prep.pdb,1ufm,A,L12S,L300S,-0.3993294835090637,-0.2746191620826721,-0.3369743227958679,0.0623551607131958
C:\Users\gooud\AppData\Local\Temp\chimerax_rsv_input_nh8_3c1x\current_model_input_1.1_inference_prep.pdb,1ufm,A,L12T,L300T,-0.29753315448760986,-0.2458019256591797,-0.2716675400733948,0.025865614414215088
C:\Users\gooud\AppData\Local\Temp\chimerax_rsv_input_nh8_3c1x\current_model_input_1.1_inference_prep.pdb,1ufm,A,L12V,L300V,-0.09455319494009018,-0.17757007479667664,-0.1360616385936737,-0.04150843992829323
C:\Users\gooud\AppData\Local\Temp\chimerax_rsv_input_nh8_3c1x\current_model_input_1.1_inference_prep.pdb,1ufm,A,L12W,L300W,-0.2582657039165497,-0.2478594332933426,-0.25306257605552673,0.005203135311603546
C:\Users\gooud\AppData\Local\Temp\chimerax_rsv_input_nh8_3c1x\current_model_input_1.1_inference_prep.pdb,1ufm,A,L12Y,L300Y,-0.17996728420257568,-0.11987321823835373,-0.149920254945755,0.030047032982110977
C:\Users\gooud\AppData\Local\Temp\chimerax_rsv_input_nh8_3c1x\current_model_input_1.1_inference_prep.pdb,1ufm,A,D13A,D301A,-0.6006990075111389,-0.2815591096878052,-0.44112905859947205,0.15956994891166687
C:\Users\gooud\AppData\Local\Temp\chimerax_rsv_input_nh8_3c1x\current_model_input_1.1_inference_prep.pdb,1ufm,A,D13C,D301C,-0.11983097344636917,0.3118123412132263,0.09599068760871887,0.21582165732979774
C:\Users\gooud\AppData\Local\Temp\chimerax_rsv_input_nh8_3c1x\current_model_input_1.1_inference_prep.pdb,1ufm,A,D13E,D301E,-0.48404765129089355,-0.34085482358932495,-0.41245123744010925,0.0715964138507843
C:\Users\gooud\AppData\Local\Temp\chimerax_rsv_input_nh8_3c1x\current_model_input_1.1_inference_prep.pdb,1ufm,A,D13F,D301F,-0.5905448198318481,-0.01174066960811615,-0.30114275217056274,0.289402075111866
C:\Users\gooud\AppData\Local\Temp\chimerax_rsv_input_nh8_3c1x\current_model_input_1.1_inference_prep.pdb,1ufm,A,D13G,D301G,-0.7805286645889282,-0.26797252893447876,-0.5242506265640259,0.25627806782722473
C:\Users\gooud\AppData\Local\Temp\chimerax_rsv_input_nh8_3c1x\current_model_input_1.1_inference_prep.pdb,1ufm,A,D13H,D301H,-0.7061724662780762,-0.2642390727996826,-0.4852057695388794,0.22096669673919678
C:\Users\gooud\AppData\Local\Temp\chimerax_rsv_input_nh8_3c1x\current_model_input_1.1_inference_prep.pdb,1ufm,A,D13I,D301I,-0.6362335085868835,-0.22023439407348633,-0.42823395133018494,0.2079995572566986
C:\Users\gooud\AppData\Local\Temp\chimerax_rsv_input_nh8_3c1x\current_model_input_1.1_inference_prep.pdb,1ufm,A,D13K,D301K,-0.8197942972183228,-0.5424892902374268,-0.6811417937278748,0.138652503490448
C:\Users\gooud\AppData\Local\Temp\chimerax_rsv_input_nh8_3c1x\current_model_input_1.1_inference_prep.pdb,1ufm,A,D13L,D301L,-0.4961038827896118,-0.18031558394432068,-0.33820974826812744,0.15789414942264557
C:\Users\gooud\AppData\Local\Temp\chimerax_rsv_input_nh8_3c1x\current_model_input_1.1_inference_prep.pdb,1ufm,A,D13M,D301M,-0.6454934477806091,-0.2383585125207901,-0.441925972700119,0.20356746762990952
C:\Users\gooud\AppData\Local\Temp\chimerax_rsv_input_nh8_3c1x\current_model_input_1.1_inference_prep.pdb,1ufm,A,D13N,D301N,-0.2658919095993042,-0.25468820333480835,-0.2602900564670563,0.005601853132247925
C:\Users\gooud\AppData\Local\Temp\chimerax_rsv_input_nh8_3c1x\current_model_input_1.1_inference_prep.pdb,1ufm,A,D13P,D301P,-0.4254733622074127,-0.09643286466598511,-0.2609531283378601,0.1645202487707138
C:\Users\gooud\AppData\Local\Temp\chimerax_rsv_input_nh8_3c1x\current_model_input_1.1_inference_prep.pdb,1ufm,A,D13Q,D301Q,-0.6172751188278198,-0.41960132122039795,-0.5184382200241089,0.09883689880371094
C:\Users\gooud\AppData\Local\Temp\chimerax_rsv_input_nh8_3c1x\current_model_input_1.1_inference_prep.pdb,1ufm,A,D13R,D301R,-0.8521651029586792,-0.43369320034980774,-0.6429291367530823,0.20923595130443573
C:\Users\gooud\AppData\Local\Temp\chimerax_rsv_input_nh8_3c1x\current_model_input_1.1_inference_prep.pdb,1ufm,A,D13S,D301S,-0.44605904817581177,-0.044642217457294464,-0.24535062909126282,0.20070841535925865
C:\Users\gooud\AppData\Local\Temp\chimerax_rsv_input_nh8_3c1x\current_model_input_1.1_inference_prep.pdb,1ufm,A,D13T,D301T,-0.49774664640426636,-0.02690473198890686,-0.2623257040977478,0.23542095720767975
C:\Users\gooud\AppData\Local\Temp\chimerax_rsv_input_nh8_3c1x\current_model_input_1.1_inference_prep.pdb,1ufm,A,D13V,D301V,-0.6739065051078796,-0.3120793104171753,-0.49299290776252747,0.18091359734535217
C:\Users\gooud\AppData\Local\Temp\chimerax_rsv_input_nh8_3c1x\current_model_input_1.1_inference_prep.pdb,1ufm,A,D13W,D301W,-0.6447526216506958,0.1891697347164154,-0.2277914434671402,0.4169611781835556
C:\Users\gooud\AppData\Local\Temp\chimerax_rsv_input_nh8_3c1x\current_model_input_1.1_inference_prep.pdb,1ufm,A,D13Y,D301Y,-0.6294499635696411,-0.07788044214248657,-0.35366520285606384,0.27578476071357727
C:\Users\gooud\AppData\Local\Temp\chimerax_rsv_input_nh8_3c1x\current_model_input_1.1_inference_prep.pdb,1ufm,A,R14A,R302A,-0.2880725860595703,-0.022327691316604614,-0.15520013868808746,0.13287244737148285
C:\Users\gooud\AppData\Local\Temp\chimerax_rsv_input_nh8_3c1x\current_model_input_1.1_inference_prep.pdb,1ufm,A,R14C,R302C,0.19764459133148193,0.6366060376167297,0.41712531447410583,0.2194807231426239
C:\Users\gooud\AppData\Local\Temp\chimerax_rsv_input_nh8_3c1x\current_model_input_1.1_inference_prep.pdb,1ufm,A,R14D,R302D,-0.44702327251434326,0.016142264008522034,-0.2154405117034912,0.23158276826143265
C:\Users\gooud\AppData\Local\Temp\chimerax_rsv_input_nh8_3c1x\current_model_input_1.1_inference_prep.pdb,1ufm,A,R14E,R302E,-0.3314417898654938,0.022978901863098145,-0.15423144400119781,0.17721034586429596
C:\Users\gooud\AppData\Local\Temp\chimerax_rsv_input_nh8_3c1x\current_model_input_1.1_inference_prep.pdb,1ufm,A,R14F,R302F,0.22059252858161926,0.3478107750415802,0.28420165181159973,0.06360912322998047
C:\Users\gooud\AppData\Local\Temp\chimerax_rsv_input_nh8_3c1x\current_model_input_1.1_inference_prep.pdb,1ufm,A,R14G,R302G,-0.6958673000335693,-0.35227149724960327,-0.5240694284439087,0.17179790139198303
C:\Users\gooud\AppData\Local\Temp\chimerax_rsv_input_nh8_3c1x\current_model_input_1.1_inference_prep.pdb,1ufm,A,R14H,R302H,-0.26831623911857605,-0.14169403910636902,-0.20500513911247253,0.06331110000610352
C:\Users\gooud\AppData\Local\Temp\chimerax_rsv_input_nh8_3c1x\current_model_input_1.1_inference_prep.pdb,1ufm,A,R14I,R302I,0.20776662230491638,0.2850402593612671,0.24640344083309174,0.038636818528175354
C:\Users\gooud\AppData\Local\Temp\chimerax_rsv_input_nh8_3c1x\current_model_input_1.1_inference_prep.pdb,1ufm,A,R14K,R302K,-0.1938878297805786,-0.2418256253004074,-0.2178567349910736,-0.023968897759914398
C:\Users\gooud\AppData\Local\Temp\chimerax_rsv_input_nh8_3c1x\current_model_input_1.1_inference_prep.pdb,1ufm,A,R14L,R302L,0.28524792194366455,0.3802105188369751,0.3327292203903198,0.04748129844665527
C:\Users\gooud\AppData\Local\Temp\chimerax_rsv_input_nh8_3c1x\current_model_input_1.1_inference_prep.pdb,1ufm,A,R14M,R302M,0.30805906653404236,0.4713864326477051,0.3897227644920349,0.08166368305683136
C:\Users\gooud\AppData\Local\Temp\chimerax_rsv_input_nh8_3c1x\current_model_input_1.1_inference_prep.pdb,1ufm,A,R14N,R302N,-0.38222137093544006,-0.16005399823188782,-0.27113768458366394,0.11108368635177612
C:\Users\gooud\AppData\Local\Temp\chimerax_rsv_input_nh8_3c1x\current_model_input_1.1_inference_prep.pdb,1ufm,A,R14P,R302P,-0.3481975197792053,-0.058420661836862564,-0.2033090889453888,0.14488842897117138
C:\Users\gooud\AppData\Local\Temp\chimerax_rsv_input_nh8_3c1x\current_model_input_1.1_inference_prep.pdb,1ufm,A,R14Q,R302Q,-0.07890617102384567,0.04452916979789734,-0.017188500612974167,0.061717670410871506
C:\Users\gooud\AppData\Local\Temp\chimerax_rsv_input_nh8_3c1x\current_model_input_1.1_inference_prep.pdb,1ufm,A,R14S,R302S,-0.362967312335968,-0.07637423276901245,-0.21967077255249023,0.14329653978347778
C:\Users\gooud\AppData\Local\Temp\chimerax_rsv_input_nh8_3c1x\current_model_input_1.1_inference_prep.pdb,1ufm,A,R14T,R302T,-0.17225003242492676,-0.038774579763412476,-0.10551230609416962,0.06673772633075714
C:\Users\gooud\AppData\Local\Temp\chimerax_rsv_input_nh8_3c1x\current_model_input_1.1_inference_prep.pdb,1ufm,A,R14V,R302V,-0.08330469578504562,0.050567954778671265,-0.01636837050318718,0.06693632528185844
C:\Users\gooud\AppData\Local\Temp\chimerax_rsv_input_nh8_3c1x\current_model_input_1.1_inference_prep.pdb,1ufm,A,R14W,R302W,0.4706607460975647,0.6069888472557068,0.5388247966766357,0.06816405057907104
C:\Users\gooud\AppData\Local\Temp\chimerax_rsv_input_nh8_3c1x\current_model_input_1.1_inference_prep.pdb,1ufm,A,R14Y,R302Y,0.38964369893074036,0.27086856961250305,0.3302561342716217,-0.05938756465911865
C:\Users\gooud\AppData\Local\Temp\chimerax_rsv_input_nh8_3c1x\current_model_input_1.1_inference_prep.pdb,1ufm,A,A15C,A303C,-7.862597703933716e-05,0.17469623684883118,0.08730880916118622,0.08738743141293526
C:\Users\gooud\AppData\Local\Temp\chimerax_rsv_input_nh8_3c1x\current_model_input_1.1_inference_prep.pdb,1ufm,A,A15D,A303D,-0.1381983458995819,-0.21158048510551453,-0.17488941550254822,-0.03669106960296631
C:\Users\gooud\AppData\Local\Temp\chimerax_rsv_input_nh8_3c1x\current_model_input_1.1_inference_prep.pdb,1ufm,A,A15E,A303E,-0.07278899103403091,-0.1315072476863861,-0.10214811563491821,-0.029359128326177597
C:\Users\gooud\AppData\Local\Temp\chimerax_rsv_input_nh8_3c1x\current_model_input_1.1_inference_prep.pdb,1ufm,A,A15F,A303F,-0.2769012749195099,-0.06856398284435272,-0.1727326214313507,0.10416864603757858
C:\Users\gooud\AppData\Local\Temp\chimerax_rsv_input_nh8_3c1x\current_model_input_1.1_inference_prep.pdb,1ufm,A,A15G,A303G,-0.39073389768600464,-0.4163660407066345,-0.4035499691963196,-0.012816071510314941
C:\Users\gooud\AppData\Local\Temp\chimerax_rsv_input_nh8_3c1x\current_model_input_1.1_inference_prep.pdb,1ufm,A,A15H,A303H,-0.30380621552467346,-0.20137417316436768,-0.2525901794433594,0.05121602118015289
C:\Users\gooud\AppData\Local\Temp\chimerax_rsv_input_nh8_3c1x\current_model_input_1.1_inference_prep.pdb,1ufm,A,A15I,A303I,-0.24761006236076355,-0.14710739254951477,-0.19735872745513916,0.05025133490562439
C:\Users\gooud\AppData\Local\Temp\chimerax_rsv_input_nh8_3c1x\current_model_input_1.1_inference_prep.pdb,1ufm,A,A15K,A303K,-0.124435655772686,-0.1455683559179306,-0.135002002120018,-0.0105663500726223
C:\Users\gooud\AppData\Local\Temp\chimerax_rsv_input_nh8_3c1x\current_model_input_1.1_inference_prep.pdb,1ufm,A,A15L,A303L,-0.17013725638389587,-0.02081378549337387,-0.09547552466392517,0.074661735445261
C:\Users\gooud\AppData\Local\Temp\chimerax_rsv_input_nh8_3c1x\current_model_input_1.1_inference_prep.pdb,1ufm,A,A15M,A303M,-0.22482708096504211,-0.1378832310438156,-0.18135514855384827,0.04347192496061325
C:\Users\gooud\AppData\Local\Temp\chimerax_rsv_input_nh8_3c1x\current_model_input_1.1_inference_prep.pdb,1ufm,A,A15N,A303N,-0.27925416827201843,-0.3062137961387634,-0.29273396730422974,-0.013479813933372498
C:\Users\gooud\AppData\Local\Temp\chimerax_rsv_input_nh8_3c1x\current_model_input_1.1_inference_prep.pdb,1ufm,A,A15P,A303P,-0.7074975371360779,-0.6806145310401917,-0.6940560340881348,0.013441503047943115
C:\Users\gooud\AppData\Local\Temp\chimerax_rsv_input_nh8_3c1x\current_model_input_1.1_inference_prep.pdb,1ufm,A,A15Q,A303Q,-0.11536703258752823,-0.15803168714046478,-0.1366993635892868,-0.021332327276468277
C:\Users\gooud\AppData\Local\Temp\chimerax_rsv_input_nh8_3c1x\current_model_input_1.1_inference_prep.pdb,1ufm,A,A15R,A303R,-0.23576906323432922,-0.1449180543422699,-0.19034355878829956,0.04542550444602966
C:\Users\gooud\AppData\Local\Temp\chimerax_rsv_input_nh8_3c1x\current_model_input_1.1_inference_prep.pdb,1ufm,A,A15S,A303S,-0.07533513754606247,-0.07074296474456787,-0.07303905487060547,0.002296086400747299
C:\Users\gooud\AppData\Local\Temp\chimerax_rsv_input_nh8_3c1x\current_model_input_1.1_inference_prep.pdb,1ufm,A,A15T,A303T,-0.17671576142311096,-0.19351351261138916,-0.18511463701725006,-0.008398875594139099
C:\Users\gooud\AppData\Local\Temp\chimerax_rsv_input_nh8_3c1x\current_model_input_1.1_inference_prep.pdb,1ufm,A,A15V,A303V,-0.2498975396156311,-0.23002982139587402,-0.23996368050575256,0.00993385910987854
C:\Users\gooud\AppData\Local\Temp\chimerax_rsv_input_nh8_3c1x\current_model_input_1.1_inference_prep.pdb,1ufm,A,A15W,A303W,-0.32372838258743286,0.038282811641693115,-0.14272278547286987,0.181005597114563
C:\Users\gooud\AppData\Local\Temp\chimerax_rsv_input_nh8_3c1x\current_model_input_1.1_inference_prep.pdb,1ufm,A,A15Y,A303Y,-0.28485560417175293,-0.08268917351961136,-0.18377238512039185,0.10108321532607079
C:\Users\gooud\AppData\Local\Temp\chimerax_rsv_input_nh8_3c1x\current_model_input_1.1_inference_prep.pdb,1ufm,A,V16A,V304A,0.14260101318359375,-0.09700210392475128,0.022799454629421234,-0.11980155855417252
C:\Users\gooud\AppData\Local\Temp\chimerax_rsv_input_nh8_3c1x\current_model_input_1.1_inference_prep.pdb,1ufm,A,V16C,V304C,0.18812717497348785,0.15816694498062134,0.173147052526474,-0.014980114996433258
C:\Users\gooud\AppData\Local\Temp\chimerax_rsv_input_nh8_3c1x\current_model_input_1.1_inference_prep.pdb,1ufm,A,V16D,V304D,-0.21536004543304443,-0.2900440990924835,-0.2527020573616028,-0.03734202682971954
C:\Users\gooud\AppData\Local\Temp\chimerax_rsv_input_nh8_3c1x\current_model_input_1.1_inference_prep.pdb,1ufm,A,V16E,V304E,0.014443617314100266,-0.13153240084648132,-0.05854438990354538,-0.0729880090802908
C:\Users\gooud\AppData\Local\Temp\chimerax_rsv_input_nh8_3c1x\current_model_input_1.1_inference_prep.pdb,1ufm,A,V16F,V304F,0.020871475338935852,-0.05348111316561699,-0.01630481891334057,-0.03717629425227642
C:\Users\gooud\AppData\Local\Temp\chimerax_rsv_input_nh8_3c1x\current_model_input_1.1_inference_prep.pdb,1ufm,A,V16G,V304G,-0.47913163900375366,-0.4427321255207062,-0.4609318971633911,0.018199756741523743
C:\Users\gooud\AppData\Local\Temp\chimerax_rsv_input_nh8_3c1x\current_model_input_1.1_inference_prep.pdb,1ufm,A,V16H,V304H,-0.2455475628376007,-0.18187880516052246,-0.21371318399906158,0.031834378838539124
C:\Users\gooud\AppData\Local\Temp\chimerax_rsv_input_nh8_3c1x\current_model_input_1.1_inference_prep.pdb,1ufm,A,V16I,V304I,0.07691733539104462,-0.049353376030921936,0.01378197968006134,-0.06313535571098328
C:\Users\gooud\AppData\Local\Temp\chimerax_rsv_input_nh8_3c1x\current_model_input_1.1_inference_prep.pdb,1ufm,A,V16K,V304K,0.0870533436536789,-0.03781840205192566,0.024617470800876617,-0.06243587285280228
C:\Users\gooud\AppData\Local\Temp\chimerax_rsv_input_nh8_3c1x\current_model_input_1.1_inference_prep.pdb,1ufm,A,V16L,V304L,0.18220728635787964,0.07252649962902069,0.12736690044403076,-0.054840393364429474
C:\Users\gooud\AppData\Local\Temp\chimerax_rsv_input_nh8_3c1x\current_model_input_1.1_inference_prep.pdb,1ufm,A,V16M,V304M,0.08684051036834717,0.007718689739704132,0.04727960005402565,-0.03956091031432152
C:\Users\gooud\AppData\Local\Temp\chimerax_rsv_input_nh8_3c1x\current_model_input_1.1_inference_prep.pdb,1ufm,A,V16N,V304N,-0.2618851959705353,-0.3016801178455353,-0.2817826569080353,-0.0198974609375
C:\Users\gooud\AppData\Local\Temp\chimerax_rsv_input_nh8_3c1x\current_model_input_1.1_inference_prep.pdb,1ufm,A,V16P,V304P,-1.2757314443588257,-0.985897421836853,-1.1308144330978394,0.14491701126098633
C:\Users\gooud\AppData\Local\Temp\chimerax_rsv_input_nh8_3c1x\current_model_input_1.1_inference_prep.pdb,1ufm,A,V16Q,V304Q,0.10332711040973663,-0.030595824122428894,0.03636564314365387,-0.06696146726608276
C:\Users\gooud\AppData\Local\Temp\chimerax_rsv_input_nh8_3c1x\current_model_input_1.1_inference_prep.pdb,1ufm,A,V16R,V304R,-0.018886879086494446,-0.0332532599568367,-0.026070069521665573,-0.007183190435171127
C:\Users\gooud\AppData\Local\Temp\chimerax_rsv_input_nh8_3c1x\current_model_input_1.1_inference_prep.pdb,1ufm,A,V16S,V304S,-0.09578288346529007,-0.12546345591545105,-0.11062316596508026,-0.01484028622508049
C:\Users\gooud\AppData\Local\Temp\chimerax_rsv_input_nh8_3c1x\current_model_input_1.1_inference_prep.pdb,1ufm,A,V16T,V304T,-0.017402715981006622,0.021544963121414185,0.002071123570203781,0.019473839551210403
C:\Users\gooud\AppData\Local\Temp\chimerax_rsv_input_nh8_3c1x\current_model_input_1.1_inference_prep.pdb,1ufm,A,V16W,V304W,0.18082040548324585,0.1407216191291809,0.16077101230621338,-0.02004939317703247
C:\Users\gooud\AppData\Local\Temp\chimerax_rsv_input_nh8_3c1x\current_model_input_1.1_inference_prep.pdb,1ufm,A,V16Y,V304Y,-0.00045637041330337524,0.008459806442260742,0.0040017180144786835,0.004458088427782059
C:\Users\gooud\AppData\Local\Temp\chimerax_rsv_input_nh8_3c1x\current_model_input_1.1_inference_prep.pdb,1ufm,A,I17A,I305A,-0.6235876679420471,-0.5431065559387207,-0.5833470821380615,0.04024055600166321
C:\Users\gooud\AppData\Local\Temp\chimerax_rsv_input_nh8_3c1x\current_model_input_1.1_inference_prep.pdb,1ufm,A,I17C,I305C,-0.4577489495277405,-0.2211562693119049,-0.3394526243209839,0.11829634010791779
C:\Users\gooud\AppData\Local\Temp\chimerax_rsv_input_nh8_3c1x\current_model_input_1.1_inference_prep.pdb,1ufm,A,I17D,I305D,-1.7338467836380005,-1.1046395301818848,-1.4192430973052979,0.31460362672805786
C:\Users\gooud\AppData\Local\Temp\chimerax_rsv_input_nh8_3c1x\current_model_input_1.1_inference_prep.pdb,1ufm,A,I17E,I305E,-1.7073404788970947,-1.1907495260238647,-1.449044942855835,0.258295476436615
C:\Users\gooud\AppData\Local\Temp\chimerax_rsv_input_nh8_3c1x\current_model_input_1.1_inference_prep.pdb,1ufm,A,I17F,I305F,-0.6301193237304688,-0.48513248562812805,-0.5576258897781372,0.07249341905117035
C:\Users\gooud\AppData\Local\Temp\chimerax_rsv_input_nh8_3c1x\current_model_input_1.1_inference_prep.pdb,1ufm,A,I17G,I305G,-2.11919903755188,-1.4572176933288574,-1.7882083654403687,0.33099067211151123
C:\Users\gooud\AppData\Local\Temp\chimerax_rsv_input_nh8_3c1x\current_model_input_1.1_inference_prep.pdb,1ufm,A,I17H,I305H,-1.3646306991577148,-0.8210889101028442,-1.0928597450256348,0.2717708945274353
C:\Users\gooud\AppData\Local\Temp\chimerax_rsv_input_nh8_3c1x\current_model_input_1.1_inference_prep.pdb,1ufm,A,I17K,I305K,-1.6636537313461304,-0.9052007794380188,-1.284427285194397,0.3792264759540558
C:\Users\gooud\AppData\Local\Temp\chimerax_rsv_input_nh8_3c1x\current_model_input_1.1_inference_prep.pdb,1ufm,A,I17L,I305L,-0.05440620332956314,-0.2533174753189087,-0.15386183559894562,-0.09945563599467278
C:\Users\gooud\AppData\Local\Temp\chimerax_rsv_input_nh8_3c1x\current_model_input_1.1_inference_prep.pdb,1ufm,A,I17M,I305M,-0.5307019352912903,-0.43136829137802124,-0.48103511333465576,0.04966682195663452
C:\Users\gooud\AppData\Local\Temp\chimerax_rsv_input_nh8_3c1x\current_model_input_1.1_inference_prep.pdb,1ufm,A,I17N,I305N,-1.6938579082489014,-1.1390573978424072,-1.4164576530456543,0.27740025520324707
C:\Users\gooud\AppData\Local\Temp\chimerax_rsv_input_nh8_3c1x\current_model_input_1.1_inference_prep.pdb,1ufm,A,I17P,I305P,-2.38502836227417,-1.5279035568237305,-1.9564659595489502,0.4285624027252197
C:\Users\gooud\AppData\Local\Temp\chimerax_rsv_input_nh8_3c1x\current_model_input_1.1_inference_prep.pdb,1ufm,A,I17Q,I305Q,-1.4086591005325317,-0.8514019846916199,-1.1300305128097534,0.27862855792045593
C:\Users\gooud\AppData\Local\Temp\chimerax_rsv_input_nh8_3c1x\current_model_input_1.1_inference_prep.pdb,1ufm,A,I17R,I305R,-1.6728920936584473,-0.9624897837638855,-1.3176909685134888,0.3552011549472809
C:\Users\gooud\AppData\Local\Temp\chimerax_rsv_input_nh8_3c1x\current_model_input_1.1_inference_prep.pdb,1ufm,A,I17S,I305S,-1.5593466758728027,-1.0561652183532715,-1.307755947113037,0.2515907287597656
C:\Users\gooud\AppData\Local\Temp\chimerax_rsv_input_nh8_3c1x\current_model_input_1.1_inference_prep.pdb,1ufm,A,I17T,I305T,-1.0314677953720093,-0.8256160616874695,-0.928541898727417,0.1029258668422699
C:\Users\gooud\AppData\Local\Temp\chimerax_rsv_input_nh8_3c1x\current_model_input_1.1_inference_prep.pdb,1ufm,A,I17V,I305V,-0.19465959072113037,-0.32324904203414917,-0.25895431637763977,-0.0642947256565094
C:\Users\gooud\AppData\Local\Temp\chimerax_rsv_input_nh8_3c1x\current_model_input_1.1_inference_prep.pdb,1ufm,A,I17W,I305W,-0.45343804359436035,-0.3703443706035614,-0.41189122200012207,0.041546836495399475
C:\Users\gooud\AppData\Local\Temp\chimerax_rsv_input_nh8_3c1x\current_model_input_1.1_inference_prep.pdb,1ufm,A,I17Y,I305Y,-0.40988889336586,-0.48300546407699585,-0.4464471936225891,-0.03655828535556793
C:\Users\gooud\AppData\Local\Temp\chimerax_rsv_input_nh8_3c1x\current_model_input_1.1_inference_prep.pdb,1ufm,A,E18A,E306A,-0.7589008212089539,-0.375494122505188,-0.5671974420547485,0.19170334935188293
C:\Users\gooud\AppData\Local\Temp\chimerax_rsv_input_nh8_3c1x\current_model_input_1.1_inference_prep.pdb,1ufm,A,E18C,E306C,0.01635950803756714,0.34456366300582886,0.180461585521698,0.16410207748413086
C:\Users\gooud\AppData\Local\Temp\chimerax_rsv_input_nh8_3c1x\current_model_input_1.1_inference_prep.pdb,1ufm,A,E18D,E306D,-1.1878243684768677,-0.7867223024368286,-0.9872733354568481,0.20055103302001953
C:\Users\gooud\AppData\Local\Temp\chimerax_rsv_input_nh8_3c1x\current_model_input_1.1_inference_prep.pdb,1ufm,A,E18F,E306F,-0.3892650008201599,0.17265763878822327,-0.10830368101596832,0.2809613198041916
C:\Users\gooud\AppData\Local\Temp\chimerax_rsv_input_nh8_3c1x\current_model_input_1.1_inference_prep.pdb,1ufm,A,E18G,E306G,-1.5719209909439087,-0.8605886697769165,-1.2162548303604126,0.3556661605834961
C:\Users\gooud\AppData\Local\Temp\chimerax_rsv_input_nh8_3c1x\current_model_input_1.1_inference_prep.pdb,1ufm,A,E18H,E306H,-0.8240094184875488,-0.41826778650283813,-0.6211385726928711,0.20287081599235535
C:\Users\gooud\AppData\Local\Temp\chimerax_rsv_input_nh8_3c1x\current_model_input_1.1_inference_prep.pdb,1ufm,A,E18I,E306I,0.009223513305187225,0.12082844972610474,0.06502598524093628,0.055802468210458755
C:\Users\gooud\AppData\Local\Temp\chimerax_rsv_input_nh8_3c1x\current_model_input_1.1_inference_prep.pdb,1ufm,A,E18K,E306K,-1.0869134664535522,-0.6205208897590637,-0.8537172079086304,0.23319628834724426
C:\Users\gooud\AppData\Local\Temp\chimerax_rsv_input_nh8_3c1x\current_model_input_1.1_inference_prep.pdb,1ufm,A,E18L,E306L,-0.26531654596328735,0.16863861680030823,-0.04833896458148956,0.2169775813817978
C:\Users\gooud\AppData\Local\Temp\chimerax_rsv_input_nh8_3c1x\current_model_input_1.1_inference_prep.pdb,1ufm,A,E18M,E306M,-0.2462765872478485,0.05086907744407654,-0.09770375490188599,0.14857283234596252
C:\Users\gooud\AppData\Local\Temp\chimerax_rsv_input_nh8_3c1x\current_model_input_1.1_inference_prep.pdb,1ufm,A,E18N,E306N,-1.2479196786880493,-0.7529565691947937,-1.0004380941390991,0.2474815547466278
C:\Users\gooud\AppData\Local\Temp\chimerax_rsv_input_nh8_3c1x\current_model_input_1.1_inference_prep.pdb,1ufm,A,E18P,E306P,-2.3173828125,-1.1958224773406982,-1.7566026449203491,0.5607801675796509
C:\Users\gooud\AppData\Local\Temp\chimerax_rsv_input_nh8_3c1x\current_model_input_1.1_inference_prep.pdb,1ufm,A,E18Q,E306Q,-0.6561198234558105,-0.457389771938324,-0.5567548274993896,0.09936502575874329
C:\Users\gooud\AppData\Local\Temp\chimerax_rsv_input_nh8_3c1x\current_model_input_1.1_inference_prep.pdb,1ufm,A,E18R,E306R,-0.8753764629364014,-0.39863070845603943,-0.6370036005973816,0.23837287724018097
C:\Users\gooud\AppData\Local\Temp\chimerax_rsv_input_nh8_3c1x\current_model_input_1.1_inference_prep.pdb,1ufm,A,E18S,E306S,-1.054162859916687,-0.5726524591445923,-0.8134076595306396,0.24075520038604736
C:\Users\gooud\AppData\Local\Temp\chimerax_rsv_input_nh8_3c1x\current_model_input_1.1_inference_prep.pdb,1ufm,A,E18T,E306T,-0.7214688658714294,-0.399967223405838,-0.5607180595397949,0.16075082123279572
C:\Users\gooud\AppData\Local\Temp\chimerax_rsv_input_nh8_3c1x\current_model_input_1.1_inference_prep.pdb,1ufm,A,E18V,E306V,-0.29291898012161255,-0.1359439641237259,-0.21443146467208862,0.07848750799894333
C:\Users\gooud\AppData\Local\Temp\chimerax_rsv_input_nh8_3c1x\current_model_input_1.1_inference_prep.pdb,1ufm,A,E18W,E306W,-0.31427130103111267,0.32420986890792847,0.004969283938407898,0.31924058496952057
C:\Users\gooud\AppData\Local\Temp\chimerax_rsv_input_nh8_3c1x\current_model_input_1.1_inference_prep.pdb,1ufm,A,E18Y,E306Y,0.09942200779914856,0.2959131896495819,0.19766759872436523,0.09824559092521667
C:\Users\gooud\AppData\Local\Temp\chimerax_rsv_input_nh8_3c1x\current_model_input_1.1_inference_prep.pdb,1ufm,A,H19A,H307A,0.4551545977592468,0.14919769763946533,0.3021761476993561,-0.15297845005989075
C:\Users\gooud\AppData\Local\Temp\chimerax_rsv_input_nh8_3c1x\current_model_input_1.1_inference_prep.pdb,1ufm,A,H19C,H307C,0.18075278401374817,0.38774430751800537,0.2842485308647156,0.1034957617521286
C:\Users\gooud\AppData\Local\Temp\chimerax_rsv_input_nh8_3c1x\current_model_input_1.1_inference_prep.pdb,1ufm,A,H19D,H307D,-0.1640041172504425,-0.34755492210388184,-0.255779504776001,-0.09177540242671967
C:\Users\gooud\AppData\Local\Temp\chimerax_rsv_input_nh8_3c1x\current_model_input_1.1_inference_prep.pdb,1ufm,A,H19E,H307E,0.1959061622619629,-0.015958257019519806,0.08997395634651184,-0.10593220964074135
C:\Users\gooud\AppData\Local\Temp\chimerax_rsv_input_nh8_3c1x\current_model_input_1.1_inference_prep.pdb,1ufm,A,H19F,H307F,0.15176305174827576,0.09523415565490723,0.12349860370159149,-0.028264448046684265
C:\Users\gooud\AppData\Local\Temp\chimerax_rsv_input_nh8_3c1x\current_model_input_1.1_inference_prep.pdb,1ufm,A,H19G,H307G,-0.3540847897529602,-0.4846082031726837,-0.41934651136398315,-0.06526170670986176
C:\Users\gooud\AppData\Local\Temp\chimerax_rsv_input_nh8_3c1x\current_model_input_1.1_inference_prep.pdb,1ufm,A,H19I,H307I,-0.018394939601421356,-0.025485865771770477,-0.021940402686595917,-0.0035454630851745605
C:\Users\gooud\AppData\Local\Temp\chimerax_rsv_input_nh8_3c1x\current_model_input_1.1_inference_prep.pdb,1ufm,A,H19K,H307K,0.2658889889717102,-0.09749928116798401,0.0841948539018631,-0.1816941350698471
C:\Users\gooud\AppData\Local\Temp\chimerax_rsv_input_nh8_3c1x\current_model_input_1.1_inference_prep.pdb,1ufm,A,H19L,H307L,0.2540886104106903,0.17959493398666382,0.21684177219867706,-0.037246838212013245
C:\Users\gooud\AppData\Local\Temp\chimerax_rsv_input_nh8_3c1x\current_model_input_1.1_inference_prep.pdb,1ufm,A,H19M,H307M,0.29509085416793823,0.10896413028240204,0.20202749967575073,-0.0930633619427681
C:\Users\gooud\AppData\Local\Temp\chimerax_rsv_input_nh8_3c1x\current_model_input_1.1_inference_prep.pdb,1ufm,A,H19N,H307N,0.16121846437454224,-0.18917694687843323,-0.013979241251945496,-0.17519770562648773
C:\Users\gooud\AppData\Local\Temp\chimerax_rsv_input_nh8_3c1x\current_model_input_1.1_inference_prep.pdb,1ufm,A,H19P,H307P,-1.85708749294281,-1.3018373250961304,-1.5794624090194702,0.27762508392333984
C:\Users\gooud\AppData\Local\Temp\chimerax_rsv_input_nh8_3c1x\current_model_input_1.1_inference_prep.pdb,1ufm,A,H19Q,H307Q,0.393250972032547,0.06311924755573273,0.22818511724472046,-0.16506586223840714
C:\Users\gooud\AppData\Local\Temp\chimerax_rsv_input_nh8_3c1x\current_model_input_1.1_inference_prep.pdb,1ufm,A,H19R,H307R,0.29955992102622986,-0.0016157105565071106,0.14897210896015167,-0.15058781579136848
C:\Users\gooud\AppData\Local\Temp\chimerax_rsv_input_nh8_3c1x\current_model_input_1.1_inference_prep.pdb,1ufm,A,H19S,H307S,0.14509695768356323,-0.08096986263990402,0.032063547521829605,-0.11303341016173363
C:\Users\gooud\AppData\Local\Temp\chimerax_rsv_input_nh8_3c1x\current_model_input_1.1_inference_prep.pdb,1ufm,A,H19T,H307T,-0.04945095628499985,-0.18104341626167297,-0.11524718999862671,-0.06579622998833656
C:\Users\gooud\AppData\Local\Temp\chimerax_rsv_input_nh8_3c1x\current_model_input_1.1_inference_prep.pdb,1ufm,A,H19V,H307V,-0.1747893989086151,-0.18757733702659607,-0.1811833679676056,-0.0063939690589904785
C:\Users\gooud\AppData\Local\Temp\chimerax_rsv_input_nh8_3c1x\current_model_input_1.1_inference_prep.pdb,1ufm,A,H19W,H307W,0.20877262949943542,0.15886887907981873,0.18382075428962708,-0.02495187520980835
C:\Users\gooud\AppData\Local\Temp\chimerax_rsv_input_nh8_3c1x\current_model_input_1.1_inference_prep.pdb,1ufm,A,H19Y,H307Y,0.22332128882408142,0.0734531432390213,0.14838722348213196,-0.07493407279253006
C:\Users\gooud\AppData\Local\Temp\chimerax_rsv_input_nh8_3c1x\current_model_input_1.1_inference_prep.pdb,1ufm,A,N20A,N308A,0.7063140869140625,0.5769001245498657,0.6416071057319641,-0.06470698118209839
C:\Users\gooud\AppData\Local\Temp\chimerax_rsv_input_nh8_3c1x\current_model_input_1.1_inference_prep.pdb,1ufm,A,N20C,N308C,0.8793326616287231,1.0705792903900146,0.9749559760093689,0.09562331438064575
C:\Users\gooud\AppData\Local\Temp\chimerax_rsv_input_nh8_3c1x\current_model_input_1.1_inference_prep.pdb,1ufm,A,N20D,N308D,-0.37663131952285767,-0.5207841992378235,-0.4487077593803406,-0.07207643985748291
C:\Users\gooud\AppData\Local\Temp\chimerax_rsv_input_nh8_3c1x\current_model_input_1.1_inference_prep.pdb,1ufm,A,N20E,N308E,-0.07206732779741287,-0.07584163546562195,-0.07395447790622711,-0.001887153834104538
C:\Users\gooud\AppData\Local\Temp\chimerax_rsv_input_nh8_3c1x\current_model_input_1.1_inference_prep.pdb,1ufm,A,N20F,N308F,0.6854189038276672,0.6878622770309448,0.6866406202316284,0.001221686601638794
C:\Users\gooud\AppData\Local\Temp\chimerax_rsv_input_nh8_3c1x\current_model_input_1.1_inference_prep.pdb,1ufm,A,N20G,N308G,-0.3057639002799988,-0.024602212011814117,-0.16518305242061615,0.14058084413409233
C:\Users\gooud\AppData\Local\Temp\chimerax_rsv_input_nh8_3c1x\current_model_input_1.1_inference_prep.pdb,1ufm,A,N20H,N308H,0.0017923638224601746,0.11220301687717438,0.056997690349817276,0.0552053265273571
C:\Users\gooud\AppData\Local\Temp\chimerax_rsv_input_nh8_3c1x\current_model_input_1.1_inference_prep.pdb,1ufm,A,N20I,N308I,0.5145837664604187,0.7072213292121887,0.6109025478363037,0.09631878137588501
C:\Users\gooud\AppData\Local\Temp\chimerax_rsv_input_nh8_3c1x\current_model_input_1.1_inference_prep.pdb,1ufm,A,N20K,N308K,0.5138236880302429,0.30879291892051697,0.41130828857421875,-0.10251538455486298
C:\Users\gooud\AppData\Local\Temp\chimerax_rsv_input_nh8_3c1x\current_model_input_1.1_inference_prep.pdb,1ufm,A,N20L,N308L,0.815867006778717,0.7778894305229187,0.7968782186508179,-0.01898878812789917
C:\Users\gooud\AppData\Local\Temp\chimerax_rsv_input_nh8_3c1x\current_model_input_1.1_inference_prep.pdb,1ufm,A,N20M,N308M,0.9300350546836853,0.7576177716255188,0.843826413154602,-0.08620864152908325
C:\Users\gooud\AppData\Local\Temp\chimerax_rsv_input_nh8_3c1x\current_model_input_1.1_inference_prep.pdb,1ufm,A,N20P,N308P,-2.1664772033691406,-1.3105803728103638,-1.7385287284851074,0.4279484152793884
C:\Users\gooud\AppData\Local\Temp\chimerax_rsv_input_nh8_3c1x\current_model_input_1.1_inference_prep.pdb,1ufm,A,N20Q,N308Q,0.3339649736881256,0.19457346200942993,0.26426923274993896,-0.06969575583934784
C:\Users\gooud\AppData\Local\Temp\chimerax_rsv_input_nh8_3c1x\current_model_input_1.1_inference_prep.pdb,1ufm,A,N20R,N308R,0.5278550982475281,0.3366982936859131,0.4322766959667206,-0.0955784022808075
C:\Users\gooud\AppData\Local\Temp\chimerax_rsv_input_nh8_3c1x\current_model_input_1.1_inference_prep.pdb,1ufm,A,N20S,N308S,-0.026153407990932465,0.007830984890460968,-0.009161211550235748,0.016992196440696716
C:\Users\gooud\AppData\Local\Temp\chimerax_rsv_input_nh8_3c1x\current_model_input_1.1_inference_prep.pdb,1ufm,A,N20T,N308T,0.10122707486152649,0.13828220963478088,0.11975464224815369,0.018527567386627197
C:\Users\gooud\AppData\Local\Temp\chimerax_rsv_input_nh8_3c1x\current_model_input_1.1_inference_prep.pdb,1ufm,A,N20V,N308V,0.2056044340133667,0.47244060039520264,0.33902251720428467,0.13341808319091797
C:\Users\gooud\AppData\Local\Temp\chimerax_rsv_input_nh8_3c1x\current_model_input_1.1_inference_prep.pdb,1ufm,A,N20W,N308W,0.6930230259895325,0.6437340974807739,0.6683785915374756,-0.024644464254379272
C:\Users\gooud\AppData\Local\Temp\chimerax_rsv_input_nh8_3c1x\current_model_input_1.1_inference_prep.pdb,1ufm,A,N20Y,N308Y,0.5375041365623474,0.5281239151954651,0.5328140258789062,-0.004690110683441162
C:\Users\gooud\AppData\Local\Temp\chimerax_rsv_input_nh8_3c1x\current_model_input_1.1_inference_prep.pdb,1ufm,A,L21A,L309A,-1.8927255868911743,-1.380198359489441,-1.6364619731903076,0.2562636137008667
C:\Users\gooud\AppData\Local\Temp\chimerax_rsv_input_nh8_3c1x\current_model_input_1.1_inference_prep.pdb,1ufm,A,L21C,L309C,-1.4058064222335815,-0.691127359867096,-1.0484669208526611,0.3573395311832428
C:\Users\gooud\AppData\Local\Temp\chimerax_rsv_input_nh8_3c1x\current_model_input_1.1_inference_prep.pdb,1ufm,A,L21D,L309D,-2.6606814861297607,-2.113279342651367,-2.3869805335998535,0.2737010717391968
C:\Users\gooud\AppData\Local\Temp\chimerax_rsv_input_nh8_3c1x\current_model_input_1.1_inference_prep.pdb,1ufm,A,L21E,L309E,-2.328070640563965,-1.9683042764663696,-2.1481873989105225,0.1798831820487976
C:\Users\gooud\AppData\Local\Temp\chimerax_rsv_input_nh8_3c1x\current_model_input_1.1_inference_prep.pdb,1ufm,A,L21F,L309F,-1.4896103143692017,-1.099649429321289,-1.2946298122406006,0.1949804425239563
C:\Users\gooud\AppData\Local\Temp\chimerax_rsv_input_nh8_3c1x\current_model_input_1.1_inference_prep.pdb,1ufm,A,L21G,L309G,-2.8395142555236816,-2.1617212295532227,-2.500617742538452,0.3388965129852295
C:\Users\gooud\AppData\Local\Temp\chimerax_rsv_input_nh8_3c1x\current_model_input_1.1_inference_prep.pdb,1ufm,A,L21H,L309H,-2.7508630752563477,-2.112581253051758,-2.4317221641540527,0.3191409111022949
C:\Users\gooud\AppData\Local\Temp\chimerax_rsv_input_nh8_3c1x\current_model_input_1.1_inference_prep.pdb,1ufm,A,L21I,L309I,0.21413475275039673,0.16435766220092773,0.18924620747566223,-0.024888545274734497
C:\Users\gooud\AppData\Local\Temp\chimerax_rsv_input_nh8_3c1x\current_model_input_1.1_inference_prep.pdb,1ufm,A,L21K,L309K,-2.5194475650787354,-1.965598225593567,-2.242522954940796,0.27692466974258423
C:\Users\gooud\AppData\Local\Temp\chimerax_rsv_input_nh8_3c1x\current_model_input_1.1_inference_prep.pdb,1ufm,A,L21M,L309M,-0.6373302936553955,-0.38277673721313477,-0.5100535154342651,0.12727677822113037
C:\Users\gooud\AppData\Local\Temp\chimerax_rsv_input_nh8_3c1x\current_model_input_1.1_inference_prep.pdb,1ufm,A,L21N,L309N,-2.712566375732422,-2.2102370262145996,-2.4614017009735107,0.25116467475891113
C:\Users\gooud\AppData\Local\Temp\chimerax_rsv_input_nh8_3c1x\current_model_input_1.1_inference_prep.pdb,1ufm,A,L21P,L309P,-2.6924405097961426,-2.082672357559204,-2.387556552886963,0.30488407611846924
C:\Users\gooud\AppData\Local\Temp\chimerax_rsv_input_nh8_3c1x\current_model_input_1.1_inference_prep.pdb,1ufm,A,L21Q,L309Q,-2.376460075378418,-2.057898998260498,-2.217179536819458,0.15928053855895996
C:\Users\gooud\AppData\Local\Temp\chimerax_rsv_input_nh8_3c1x\current_model_input_1.1_inference_prep.pdb,1ufm,A,L21R,L309R,-2.490665912628174,-1.9804717302322388,-2.2355687618255615,0.25509709119796753
C:\Users\gooud\AppData\Local\Temp\chimerax_rsv_input_nh8_3c1x\current_model_input_1.1_inference_prep.pdb,1ufm,A,L21S,L309S,-2.518691301345825,-1.8401873111724854,-2.1794393062591553,0.3392519950866699
C:\Users\gooud\AppData\Local\Temp\chimerax_rsv_input_nh8_3c1x\current_model_input_1.1_inference_prep.pdb,1ufm,A,L21T,L309T,-2.2318155765533447,-1.6042782068252563,-1.9180469512939453,0.3137686848640442
C:\Users\gooud\AppData\Local\Temp\chimerax_rsv_input_nh8_3c1x\current_model_input_1.1_inference_prep.pdb,1ufm,A,L21V,L309V,-0.8070014119148254,-0.4562097489833832,-0.6316055655479431,0.17539583146572113
C:\Users\gooud\AppData\Local\Temp\chimerax_rsv_input_nh8_3c1x\current_model_input_1.1_inference_prep.pdb,1ufm,A,L21W,L309W,-2.362565755844116,-1.6566356420516968,-2.0096006393432617,0.3529650568962097
C:\Users\gooud\AppData\Local\Temp\chimerax_rsv_input_nh8_3c1x\current_model_input_1.1_inference_prep.pdb,1ufm,A,L21Y,L309Y,-2.2193052768707275,-1.8746572732925415,-2.0469813346862793,0.17232400178909302
C:\Users\gooud\AppData\Local\Temp\chimerax_rsv_input_nh8_3c1x\current_model_input_1.1_inference_prep.pdb,1ufm,A,L22A,L310A,-1.2656444311141968,-1.0590121746063232,-1.1623282432556152,0.10331612825393677
C:\Users\gooud\AppData\Local\Temp\chimerax_rsv_input_nh8_3c1x\current_model_input_1.1_inference_prep.pdb,1ufm,A,L22C,L310C,-0.4139780104160309,0.07751056551933289,-0.168233722448349,0.24574428796768188
C:\Users\gooud\AppData\Local\Temp\chimerax_rsv_input_nh8_3c1x\current_model_input_1.1_inference_prep.pdb,1ufm,A,L22D,L310D,-1.7908844947814941,-1.728193998336792,-1.759539246559143,0.031345248222351074
C:\Users\gooud\AppData\Local\Temp\chimerax_rsv_input_nh8_3c1x\current_model_input_1.1_inference_prep.pdb,1ufm,A,L22E,L310E,-1.1693885326385498,-1.120253562927246,-1.144821047782898,0.024567484855651855
C:\Users\gooud\AppData\Local\Temp\chimerax_rsv_input_nh8_3c1x\current_model_input_1.1_inference_prep.pdb,1ufm,A,L22F,L310F,-0.6907357573509216,-0.27449366450309753,-0.4826146960258484,0.20812104642391205
C:\Users\gooud\AppData\Local\Temp\chimerax_rsv_input_nh8_3c1x\current_model_input_1.1_inference_prep.pdb,1ufm,A,L22G,L310G,-2.0085248947143555,-1.5617581605911255,-1.7851414680480957,0.223383367061615
C:\Users\gooud\AppData\Local\Temp\chimerax_rsv_input_nh8_3c1x\current_model_input_1.1_inference_prep.pdb,1ufm,A,L22H,L310H,-1.2960976362228394,-0.9964786171913147,-1.1462881565093994,0.14980950951576233
C:\Users\gooud\AppData\Local\Temp\chimerax_rsv_input_nh8_3c1x\current_model_input_1.1_inference_prep.pdb,1ufm,A,L22I,L310I,-0.13273832201957703,-0.21405869722366333,-0.17339850962162018,-0.04066018760204315
C:\Users\gooud\AppData\Local\Temp\chimerax_rsv_input_nh8_3c1x\current_model_input_1.1_inference_prep.pdb,1ufm,A,L22K,L310K,-1.4979840517044067,-1.0963706970214844,-1.2971773147583008,0.20080667734146118
C:\Users\gooud\AppData\Local\Temp\chimerax_rsv_input_nh8_3c1x\current_model_input_1.1_inference_prep.pdb,1ufm,A,L22M,L310M,-0.3306991755962372,-0.349869042634964,-0.3402841091156006,-0.009584933519363403
C:\Users\gooud\AppData\Local\Temp\chimerax_rsv_input_nh8_3c1x\current_model_input_1.1_inference_prep.pdb,1ufm,A,L22N,L310N,-1.3891398906707764,-1.3333979845046997,-1.3612689971923828,0.02787095308303833
C:\Users\gooud\AppData\Local\Temp\chimerax_rsv_input_nh8_3c1x\current_model_input_1.1_inference_prep.pdb,1ufm,A,L22P,L310P,-3.0410730838775635,-1.9555823802947998,-2.4983277320861816,0.5427453517913818
C:\Users\gooud\AppData\Local\Temp\chimerax_rsv_input_nh8_3c1x\current_model_input_1.1_inference_prep.pdb,1ufm,A,L22Q,L310Q,-1.1052327156066895,-0.9811298847198486,-1.043181300163269,0.06205141544342041
C:\Users\gooud\AppData\Local\Temp\chimerax_rsv_input_nh8_3c1x\current_model_input_1.1_inference_prep.pdb,1ufm,A,L22R,L310R,-1.3275938034057617,-0.9085513353347778,-1.118072509765625,0.20952123403549194
C:\Users\gooud\AppData\Local\Temp\chimerax_rsv_input_nh8_3c1x\current_model_input_1.1_inference_prep.pdb,1ufm,A,L22S,L310S,-1.51845383644104,-1.2020833492279053,-1.3602685928344727,0.15818524360656738
C:\Users\gooud\AppData\Local\Temp\chimerax_rsv_input_nh8_3c1x\current_model_input_1.1_inference_prep.pdb,1ufm,A,L22T,L310T,-1.31998872756958,-1.0266422033309937,-1.1733155250549316,0.1466732621192932
C:\Users\gooud\AppData\Local\Temp\chimerax_rsv_input_nh8_3c1x\current_model_input_1.1_inference_prep.pdb,1ufm,A,L22V,L310V,-0.6098737120628357,-0.5000386238098145,-0.5549561977386475,0.05491754412651062
C:\Users\gooud\AppData\Local\Temp\chimerax_rsv_input_nh8_3c1x\current_model_input_1.1_inference_prep.pdb,1ufm,A,L22W,L310W,-0.7085118889808655,-0.1494273543357849,-0.4289696216583252,0.2795422673225403
C:\Users\gooud\AppData\Local\Temp\chimerax_rsv_input_nh8_3c1x\current_model_input_1.1_inference_prep.pdb,1ufm,A,L22Y,L310Y,-0.5847508907318115,-0.16258081793785095,-0.37366586923599243,0.21108503639698029
C:\Users\gooud\AppData\Local\Temp\chimerax_rsv_input_nh8_3c1x\current_model_input_1.1_inference_prep.pdb,1ufm,A,S23A,S311A,0.38186872005462646,0.2776617109775543,0.3297652006149292,-0.05210350453853607
C:\Users\gooud\AppData\Local\Temp\chimerax_rsv_input_nh8_3c1x\current_model_input_1.1_inference_prep.pdb,1ufm,A,S23C,S311C,0.5542527437210083,0.7519572973251343,0.6531050205230713,0.09885227680206299
C:\Users\gooud\AppData\Local\Temp\chimerax_rsv_input_nh8_3c1x\current_model_input_1.1_inference_prep.pdb,1ufm,A,S23D,S311D,-0.2082815170288086,-0.3434128165245056,-0.2758471667766571,-0.06756564974784851
C:\Users\gooud\AppData\Local\Temp\chimerax_rsv_input_nh8_3c1x\current_model_input_1.1_inference_prep.pdb,1ufm,A,S23E,S311E,0.3789035677909851,0.2942487597465515,0.3365761637687683,-0.0423274040222168
C:\Users\gooud\AppData\Local\Temp\chimerax_rsv_input_nh8_3c1x\current_model_input_1.1_inference_prep.pdb,1ufm,A,S23F,S311F,0.4173668622970581,0.6497822999954224,0.5335745811462402,0.11620771884918213
C:\Users\gooud\AppData\Local\Temp\chimerax_rsv_input_nh8_3c1x\current_model_input_1.1_inference_prep.pdb,1ufm,A,S23G,S311G,-0.630118191242218,-0.47432321310043335,-0.5522207021713257,0.07789748907089233
C:\Users\gooud\AppData\Local\Temp\chimerax_rsv_input_nh8_3c1x\current_model_input_1.1_inference_prep.pdb,1ufm,A,S23H,S311H,0.3361020088195801,0.39791327714920044,0.36700764298439026,0.03090563416481018
C:\Users\gooud\AppData\Local\Temp\chimerax_rsv_input_nh8_3c1x\current_model_input_1.1_inference_prep.pdb,1ufm,A,S23I,S311I,0.5560623407363892,0.8261026740074158,0.6910824775695801,0.1350201666355133
C:\Users\gooud\AppData\Local\Temp\chimerax_rsv_input_nh8_3c1x\current_model_input_1.1_inference_prep.pdb,1ufm,A,S23K,S311K,0.38059350848197937,0.324505090713501,0.35254931449890137,-0.028044208884239197
C:\Users\gooud\AppData\Local\Temp\chimerax_rsv_input_nh8_3c1x\current_model_input_1.1_inference_prep.pdb,1ufm,A,S23L,S311L,0.6777055263519287,0.9250022172927856,0.8013538718223572,0.12364834547042847
C:\Users\gooud\AppData\Local\Temp\chimerax_rsv_input_nh8_3c1x\current_model_input_1.1_inference_prep.pdb,1ufm,A,S23M,S311M,0.7115504145622253,0.7576166391372681,0.7345834970474243,0.023033112287521362
C:\Users\gooud\AppData\Local\Temp\chimerax_rsv_input_nh8_3c1x\current_model_input_1.1_inference_prep.pdb,1ufm,A,S23N,S311N,0.26415857672691345,0.07731203734874725,0.17073529958724976,-0.0934232696890831
C:\Users\gooud\AppData\Local\Temp\chimerax_rsv_input_nh8_3c1x\current_model_input_1.1_inference_prep.pdb,1ufm,A,S23P,S311P,-2.4407851696014404,-1.4805740118026733,-1.960679531097412,0.48010557889938354
C:\Users\gooud\AppData\Local\Temp\chimerax_rsv_input_nh8_3c1x\current_model_input_1.1_inference_prep.pdb,1ufm,A,S23Q,S311Q,0.48747682571411133,0.3421004116535187,0.4147886037826538,-0.07268820703029633
C:\Users\gooud\AppData\Local\Temp\chimerax_rsv_input_nh8_3c1x\current_model_input_1.1_inference_prep.pdb,1ufm,A,S23R,S311R,0.446286678314209,0.36686551570892334,0.40657609701156616,-0.03971058130264282
C:\Users\gooud\AppData\Local\Temp\chimerax_rsv_input_nh8_3c1x\current_model_input_1.1_inference_prep.pdb,1ufm,A,S23T,S311T,0.17289642989635468,0.17408180236816406,0.17348912358283997,0.0005926862359046936
C:\Users\gooud\AppData\Local\Temp\chimerax_rsv_input_nh8_3c1x\current_model_input_1.1_inference_prep.pdb,1ufm,A,S23V,S311V,0.37988078594207764,0.6308481097221375,0.5053644180297852,0.1254836618900299
C:\Users\gooud\AppData\Local\Temp\chimerax_rsv_input_nh8_3c1x\current_model_input_1.1_inference_prep.pdb,1ufm,A,S23W,S311W,0.6416599154472351,0.6563596725463867,0.6490098237991333,0.007349878549575806
C:\Users\gooud\AppData\Local\Temp\chimerax_rsv_input_nh8_3c1x\current_model_input_1.1_inference_prep.pdb,1ufm,A,S23Y,S311Y,0.6070319414138794,0.6748940348625183,0.6409629583358765,0.03393104672431946
C:\Users\gooud\AppData\Local\Temp\chimerax_rsv_input_nh8_3c1x\current_model_input_1.1_inference_prep.pdb,1ufm,A,A24C,A312C,-0.36068305373191833,0.0035400688648223877,-0.17857149243354797,0.18211156129837036
C:\Users\gooud\AppData\Local\Temp\chimerax_rsv_input_nh8_3c1x\current_model_input_1.1_inference_prep.pdb,1ufm,A,A24D,A312D,-2.6952688694000244,-1.5824486017227173,-2.1388587951660156,0.5564101338386536
C:\Users\gooud\AppData\Local\Temp\chimerax_rsv_input_nh8_3c1x\current_model_input_1.1_inference_prep.pdb,1ufm,A,A24E,A312E,-1.7833136320114136,-1.3796164989471436,-1.5814650058746338,0.201848566532135
C:\Users\gooud\AppData\Local\Temp\chimerax_rsv_input_nh8_3c1x\current_model_input_1.1_inference_prep.pdb,1ufm,A,A24F,A312F,0.05037114396691322,0.31347841024398804,0.18192477524280548,0.1315536331385374
C:\Users\gooud\AppData\Local\Temp\chimerax_rsv_input_nh8_3c1x\current_model_input_1.1_inference_prep.pdb,1ufm,A,A24G,A312G,-1.9566103219985962,-1.3262468576431274,-1.6414285898208618,0.3151817321777344
C:\Users\gooud\AppData\Local\Temp\chimerax_rsv_input_nh8_3c1x\current_model_input_1.1_inference_prep.pdb,1ufm,A,A24H,A312H,-1.1011011600494385,-0.8279379606246948,-0.9645195603370667,0.13658159971237183
C:\Users\gooud\AppData\Local\Temp\chimerax_rsv_input_nh8_3c1x\current_model_input_1.1_inference_prep.pdb,1ufm,A,A24I,A312I,0.5594573616981506,0.6371930837631226,0.598325252532959,0.03886786103248596
C:\Users\gooud\AppData\Local\Temp\chimerax_rsv_input_nh8_3c1x\current_model_input_1.1_inference_prep.pdb,1ufm,A,A24K,A312K,-1.3976614475250244,-1.12259840965271,-1.2601299285888672,0.13753151893615723
C:\Users\gooud\AppData\Local\Temp\chimerax_rsv_input_nh8_3c1x\current_model_input_1.1_inference_prep.pdb,1ufm,A,A24L,A312L,0.6301552057266235,0.6223501563072205,0.6262526512145996,-0.003902524709701538
C:\Users\gooud\AppData\Local\Temp\chimerax_rsv_input_nh8_3c1x\current_model_input_1.1_inference_prep.pdb,1ufm,A,A24M,A312M,-0.028711222112178802,-0.04198493808507919,-0.035348080098629,-0.006636857986450195
C:\Users\gooud\AppData\Local\Temp\chimerax_rsv_input_nh8_3c1x\current_model_input_1.1_inference_prep.pdb,1ufm,A,A24N,A312N,-1.77718186378479,-1.2416003942489624,-1.5093910694122314,0.2677907347679138
C:\Users\gooud\AppData\Local\Temp\chimerax_rsv_input_nh8_3c1x\current_model_input_1.1_inference_prep.pdb,1ufm,A,A24P,A312P,-3.0656707286834717,-1.7765545845031738,-2.421112537384033,0.6445580720901489
C:\Users\gooud\AppData\Local\Temp\chimerax_rsv_input_nh8_3c1x\current_model_input_1.1_inference_prep.pdb,1ufm,A,A24Q,A312Q,-1.1624128818511963,-1.0752496719360352,-1.1188312768936157,0.043581604957580566
C:\Users\gooud\AppData\Local\Temp\chimerax_rsv_input_nh8_3c1x\current_model_input_1.1_inference_prep.pdb,1ufm,A,A24R,A312R,-1.6154149770736694,-1.0793142318725586,-1.3473646640777588,0.2680503726005554
C:\Users\gooud\AppData\Local\Temp\chimerax_rsv_input_nh8_3c1x\current_model_input_1.1_inference_prep.pdb,1ufm,A,A24S,A312S,-1.409430980682373,-1.0976537466049194,-1.253542423248291,0.1558886170387268
C:\Users\gooud\AppData\Local\Temp\chimerax_rsv_input_nh8_3c1x\current_model_input_1.1_inference_prep.pdb,1ufm,A,A24T,A312T,-1.1532126665115356,-0.7712526321411133,-0.9622326493263245,0.19098001718521118
C:\Users\gooud\AppData\Local\Temp\chimerax_rsv_input_nh8_3c1x\current_model_input_1.1_inference_prep.pdb,1ufm,A,A24V,A312V,-0.23442873358726501,0.01731574535369873,-0.10855649411678314,0.12587223947048187
C:\Users\gooud\AppData\Local\Temp\chimerax_rsv_input_nh8_3c1x\current_model_input_1.1_inference_prep.pdb,1ufm,A,A24W,A312W,-0.2588871419429779,0.06682758033275604,-0.09602978080511093,0.16285736113786697
C:\Users\gooud\AppData\Local\Temp\chimerax_rsv_input_nh8_3c1x\current_model_input_1.1_inference_prep.pdb,1ufm,A,A24Y,A312Y,0.10542107373476028,0.2112722396850586,0.15834665298461914,0.052925582975149155
C:\Users\gooud\AppData\Local\Temp\chimerax_rsv_input_nh8_3c1x\current_model_input_1.1_inference_prep.pdb,1ufm,A,S25A,S313A,0.39336851239204407,0.33104822039604187,0.36220836639404297,-0.0311601459980011
C:\Users\gooud\AppData\Local\Temp\chimerax_rsv_input_nh8_3c1x\current_model_input_1.1_inference_prep.pdb,1ufm,A,S25C,S313C,-0.2684956192970276,0.3768633008003235,0.05418384075164795,0.32267946004867554
C:\Users\gooud\AppData\Local\Temp\chimerax_rsv_input_nh8_3c1x\current_model_input_1.1_inference_prep.pdb,1ufm,A,S25D,S313D,-2.177794933319092,-1.383960485458374,-1.780877709388733,0.3969172239303589
C:\Users\gooud\AppData\Local\Temp\chimerax_rsv_input_nh8_3c1x\current_model_input_1.1_inference_prep.pdb,1ufm,A,S25E,S313E,-1.4386086463928223,-1.067397117614746,-1.2530028820037842,0.18560576438903809
C:\Users\gooud\AppData\Local\Temp\chimerax_rsv_input_nh8_3c1x\current_model_input_1.1_inference_prep.pdb,1ufm,A,S25F,S313F,-0.4786618947982788,0.4745723009109497,-0.0020447969436645508,0.47661709785461426
C:\Users\gooud\AppData\Local\Temp\chimerax_rsv_input_nh8_3c1x\current_model_input_1.1_inference_prep.pdb,1ufm,A,S25G,S313G,-0.4803003668785095,-0.2954273223876953,-0.3878638446331024,0.0924365222454071
C:\Users\gooud\AppData\Local\Temp\chimerax_rsv_input_nh8_3c1x\current_model_input_1.1_inference_prep.pdb,1ufm,A,S25H,S313H,-0.9908455014228821,-0.34577882289886475,-0.6683121919631958,0.32253333926200867
C:\Users\gooud\AppData\Local\Temp\chimerax_rsv_input_nh8_3c1x\current_model_input_1.1_inference_prep.pdb,1ufm,A,S25I,S313I,-0.703325629234314,0.4072006940841675,-0.14806246757507324,0.5552631616592407
C:\Users\gooud\AppData\Local\Temp\chimerax_rsv_input_nh8_3c1x\current_model_input_1.1_inference_prep.pdb,1ufm,A,S25K,S313K,-1.3549762964248657,-0.8515463471412659,-1.1032613515853882,0.2517149746417999
C:\Users\gooud\AppData\Local\Temp\chimerax_rsv_input_nh8_3c1x\current_model_input_1.1_inference_prep.pdb,1ufm,A,S25L,S313L,-0.8018247485160828,0.6536650061607361,-0.07407987117767334,0.7277448773384094
C:\Users\gooud\AppData\Local\Temp\chimerax_rsv_input_nh8_3c1x\current_model_input_1.1_inference_prep.pdb,1ufm,A,S25M,S313M,-0.4717264771461487,0.34723877906799316,-0.06224384903907776,0.4094826281070709
C:\Users\gooud\AppData\Local\Temp\chimerax_rsv_input_nh8_3c1x\current_model_input_1.1_inference_prep.pdb,1ufm,A,S25N,S313N,-1.387844443321228,-0.8183025121688843,-1.1030734777450562,0.2847709655761719
C:\Users\gooud\AppData\Local\Temp\chimerax_rsv_input_nh8_3c1x\current_model_input_1.1_inference_prep.pdb,1ufm,A,S25P,S313P,-1.9247735738754272,-0.9777379035949707,-1.4512557983398438,0.47351783514022827
C:\Users\gooud\AppData\Local\Temp\chimerax_rsv_input_nh8_3c1x\current_model_input_1.1_inference_prep.pdb,1ufm,A,S25Q,S313Q,-0.8446226716041565,-0.33890408277511597,-0.5917633771896362,0.25285929441452026
C:\Users\gooud\AppData\Local\Temp\chimerax_rsv_input_nh8_3c1x\current_model_input_1.1_inference_prep.pdb,1ufm,A,S25R,S313R,-1.1829757690429688,-0.64306640625,-0.9130210876464844,0.2699546813964844
C:\Users\gooud\AppData\Local\Temp\chimerax_rsv_input_nh8_3c1x\current_model_input_1.1_inference_prep.pdb,1ufm,A,S25T,S313T,-1.0610153675079346,-0.5434356927871704,-0.8022255301475525,0.2587898373603821
C:\Users\gooud\AppData\Local\Temp\chimerax_rsv_input_nh8_3c1x\current_model_input_1.1_inference_prep.pdb,1ufm,A,S25V,S313V,-0.817887544631958,0.11126561462879181,-0.3533109724521637,0.4645765796303749
C:\Users\gooud\AppData\Local\Temp\chimerax_rsv_input_nh8_3c1x\current_model_input_1.1_inference_prep.pdb,1ufm,A,S25W,S313W,-0.4243249297142029,0.2683485448360443,-0.07798819243907928,0.3463367372751236
C:\Users\gooud\AppData\Local\Temp\chimerax_rsv_input_nh8_3c1x\current_model_input_1.1_inference_prep.pdb,1ufm,A,S25Y,S313Y,-0.43285703659057617,0.11619535088539124,-0.15833084285259247,0.2745261937379837
C:\Users\gooud\AppData\Local\Temp\chimerax_rsv_input_nh8_3c1x\current_model_input_1.1_inference_prep.pdb,1ufm,A,K26A,K314A,-0.2740630507469177,-0.23625057935714722,-0.25515681505203247,0.018906235694885254
C:\Users\gooud\AppData\Local\Temp\chimerax_rsv_input_nh8_3c1x\current_model_input_1.1_inference_prep.pdb,1ufm,A,K26C,K314C,0.11041337251663208,0.3669659495353699,0.23868966102600098,0.1282762885093689
C:\Users\gooud\AppData\Local\Temp\chimerax_rsv_input_nh8_3c1x\current_model_input_1.1_inference_prep.pdb,1ufm,A,K26D,K314D,-0.9932538866996765,-0.7621187567710876,-0.8776863217353821,0.11556756496429443
C:\Users\gooud\AppData\Local\Temp\chimerax_rsv_input_nh8_3c1x\current_model_input_1.1_inference_prep.pdb,1ufm,A,K26E,K314E,-0.4816051721572876,-0.39952564239501953,-0.44056540727615356,0.04103976488113403
C:\Users\gooud\AppData\Local\Temp\chimerax_rsv_input_nh8_3c1x\current_model_input_1.1_inference_prep.pdb,1ufm,A,K26F,K314F,-0.18820899724960327,0.2963942289352417,0.054092615842819214,0.24230161309242249
C:\Users\gooud\AppData\Local\Temp\chimerax_rsv_input_nh8_3c1x\current_model_input_1.1_inference_prep.pdb,1ufm,A,K26G,K314G,-0.6694214940071106,-0.588649570941925,-0.6290355324745178,0.04038596153259277
C:\Users\gooud\AppData\Local\Temp\chimerax_rsv_input_nh8_3c1x\current_model_input_1.1_inference_prep.pdb,1ufm,A,K26H,K314H,-0.24143925309181213,-0.08198221027851105,-0.1617107391357422,0.07972852140665054
C:\Users\gooud\AppData\Local\Temp\chimerax_rsv_input_nh8_3c1x\current_model_input_1.1_inference_prep.pdb,1ufm,A,K26I,K314I,-0.20923206210136414,0.0813668817281723,-0.06393259018659592,0.14529947191476822
C:\Users\gooud\AppData\Local\Temp\chimerax_rsv_input_nh8_3c1x\current_model_input_1.1_inference_prep.pdb,1ufm,A,K26L,K314L,0.0732516199350357,0.2910134792327881,0.1821325421333313,0.10888092964887619
C:\Users\gooud\AppData\Local\Temp\chimerax_rsv_input_nh8_3c1x\current_model_input_1.1_inference_prep.pdb,1ufm,A,K26M,K314M,0.0842227190732956,0.21707549691200256,0.15064910054206848,0.06642638891935349
C:\Users\gooud\AppData\Local\Temp\chimerax_rsv_input_nh8_3c1x\current_model_input_1.1_inference_prep.pdb,1ufm,A,K26N,K314N,-0.3696393668651581,-0.3018236458301544,-0.33573150634765625,0.03390786051750183
C:\Users\gooud\AppData\Local\Temp\chimerax_rsv_input_nh8_3c1x\current_model_input_1.1_inference_prep.pdb,1ufm,A,K26P,K314P,-2.254207134246826,-1.277382493019104,-1.7657947540283203,0.4884123206138611
C:\Users\gooud\AppData\Local\Temp\chimerax_rsv_input_nh8_3c1x\current_model_input_1.1_inference_prep.pdb,1ufm,A,K26Q,K314Q,0.03780016303062439,-0.12746794521808624,-0.044833891093730927,-0.08263405412435532
C:\Users\gooud\AppData\Local\Temp\chimerax_rsv_input_nh8_3c1x\current_model_input_1.1_inference_prep.pdb,1ufm,A,K26R,K314R,0.18912608921527863,0.006059199571609497,0.09759264439344406,-0.09153344482183456
C:\Users\gooud\AppData\Local\Temp\chimerax_rsv_input_nh8_3c1x\current_model_input_1.1_inference_prep.pdb,1ufm,A,K26S,K314S,-0.2982121407985687,-0.1956574022769928,-0.24693477153778076,0.051277369260787964
C:\Users\gooud\AppData\Local\Temp\chimerax_rsv_input_nh8_3c1x\current_model_input_1.1_inference_prep.pdb,1ufm,A,K26T,K314T,-0.2806832194328308,-0.18454456329345703,-0.23261389136314392,0.04806932806968689
C:\Users\gooud\AppData\Local\Temp\chimerax_rsv_input_nh8_3c1x\current_model_input_1.1_inference_prep.pdb,1ufm,A,K26V,K314V,-0.3475375771522522,-0.11271721124649048,-0.23012739419937134,0.11741018295288086
C:\Users\gooud\AppData\Local\Temp\chimerax_rsv_input_nh8_3c1x\current_model_input_1.1_inference_prep.pdb,1ufm,A,K26W,K314W,-0.38381725549697876,0.302643358707428,-0.04058694839477539,0.34323030710220337
C:\Users\gooud\AppData\Local\Temp\chimerax_rsv_input_nh8_3c1x\current_model_input_1.1_inference_prep.pdb,1ufm,A,K26Y,K314Y,-0.16100925207138062,0.2725263237953186,0.055758535861968994,0.2167677879333496
C:\Users\gooud\AppData\Local\Temp\chimerax_rsv_input_nh8_3c1x\current_model_input_1.1_inference_prep.pdb,1ufm,A,L27A,L315A,-0.46671533584594727,-0.5905501842498779,-0.5286327600479126,-0.06191742420196533
C:\Users\gooud\AppData\Local\Temp\chimerax_rsv_input_nh8_3c1x\current_model_input_1.1_inference_prep.pdb,1ufm,A,L27C,L315C,-0.18893051147460938,-0.09275242686271667,-0.14084146916866302,0.04808904230594635
C:\Users\gooud\AppData\Local\Temp\chimerax_rsv_input_nh8_3c1x\current_model_input_1.1_inference_prep.pdb,1ufm,A,L27D,L315D,-1.1308680772781372,-0.9495871067047119,-1.0402276515960693,0.09064048528671265
C:\Users\gooud\AppData\Local\Temp\chimerax_rsv_input_nh8_3c1x\current_model_input_1.1_inference_prep.pdb,1ufm,A,L27E,L315E,-0.6648510694503784,-0.752347469329834,-0.7085992693901062,-0.04374819993972778
C:\Users\gooud\AppData\Local\Temp\chimerax_rsv_input_nh8_3c1x\current_model_input_1.1_inference_prep.pdb,1ufm,A,L27F,L315F,-0.19982308149337769,-0.1767025589942932,-0.18826282024383545,0.011560261249542236
C:\Users\gooud\AppData\Local\Temp\chimerax_rsv_input_nh8_3c1x\current_model_input_1.1_inference_prep.pdb,1ufm,A,L27G,L315G,-1.143678069114685,-0.9988713264465332,-1.071274757385254,0.07240337133407593
C:\Users\gooud\AppData\Local\Temp\chimerax_rsv_input_nh8_3c1x\current_model_input_1.1_inference_prep.pdb,1ufm,A,L27H,L315H,-0.35559403896331787,-0.2970407009124756,-0.32631736993789673,0.029276669025421143
C:\Users\gooud\AppData\Local\Temp\chimerax_rsv_input_nh8_3c1x\current_model_input_1.1_inference_prep.pdb,1ufm,A,L27I,L315I,0.009819373488426208,-0.14415059983730316,-0.06716561317443848,-0.07698498666286469
C:\Users\gooud\AppData\Local\Temp\chimerax_rsv_input_nh8_3c1x\current_model_input_1.1_inference_prep.pdb,1ufm,A,L27K,L315K,0.09795786440372467,-0.1946418434381485,-0.048341989517211914,-0.14629985392093658
C:\Users\gooud\AppData\Local\Temp\chimerax_rsv_input_nh8_3c1x\current_model_input_1.1_inference_prep.pdb,1ufm,A,L27M,L315M,0.09307411313056946,-0.10813684016466141,-0.007531363517045975,-0.10060547664761543
C:\Users\gooud\AppData\Local\Temp\chimerax_rsv_input_nh8_3c1x\current_model_input_1.1_inference_prep.pdb,1ufm,A,L27N,L315N,-0.4891846179962158,-0.4643682837486267,-0.47677645087242126,0.012408167123794556
C:\Users\gooud\AppData\Local\Temp\chimerax_rsv_input_nh8_3c1x\current_model_input_1.1_inference_prep.pdb,1ufm,A,L27P,L315P,-2.850696086883545,-1.8779449462890625,-2.3643205165863037,0.4863755702972412
C:\Users\gooud\AppData\Local\Temp\chimerax_rsv_input_nh8_3c1x\current_model_input_1.1_inference_prep.pdb,1ufm,A,L27Q,L315Q,-0.09298115223646164,-0.3187115788459778,-0.20584636926651,-0.11286521330475807
C:\Users\gooud\AppData\Local\Temp\chimerax_rsv_input_nh8_3c1x\current_model_input_1.1_inference_prep.pdb,1ufm,A,L27R,L315R,-0.0743066594004631,-0.26683980226516724,-0.17057323455810547,-0.09626657143235207
C:\Users\gooud\AppData\Local\Temp\chimerax_rsv_input_nh8_3c1x\current_model_input_1.1_inference_prep.pdb,1ufm,A,L27S,L315S,-0.501370906829834,-0.5347710847854614,-0.5180709958076477,-0.01670008897781372
C:\Users\gooud\AppData\Local\Temp\chimerax_rsv_input_nh8_3c1x\current_model_input_1.1_inference_prep.pdb,1ufm,A,L27T,L315T,-0.21417906880378723,-0.38021042943000793,-0.2971947491168976,-0.08301568031311035
C:\Users\gooud\AppData\Local\Temp\chimerax_rsv_input_nh8_3c1x\current_model_input_1.1_inference_prep.pdb,1ufm,A,L27V,L315V,-0.24308368563652039,-0.34646672010421753,-0.29477518796920776,-0.05169151723384857
C:\Users\gooud\AppData\Local\Temp\chimerax_rsv_input_nh8_3c1x\current_model_input_1.1_inference_prep.pdb,1ufm,A,L27W,L315W,-0.5153627395629883,-0.21972966194152832,-0.3675462007522583,0.14781653881072998
C:\Users\gooud\AppData\Local\Temp\chimerax_rsv_input_nh8_3c1x\current_model_input_1.1_inference_prep.pdb,1ufm,A,L27Y,L315Y,-0.22995880246162415,-0.2023766189813614,-0.21616771817207336,0.013791091740131378
C:\Users\gooud\AppData\Local\Temp\chimerax_rsv_input_nh8_3c1x\current_model_input_1.1_inference_prep.pdb,1ufm,A,Y28A,Y316A,-1.7084428071975708,-0.8920783996582031,-1.3002605438232422,0.40818220376968384
C:\Users\gooud\AppData\Local\Temp\chimerax_rsv_input_nh8_3c1x\current_model_input_1.1_inference_prep.pdb,1ufm,A,Y28C,Y316C,-0.9276018738746643,-0.30689001083374023,-0.6172459125518799,0.31035593152046204
C:\Users\gooud\AppData\Local\Temp\chimerax_rsv_input_nh8_3c1x\current_model_input_1.1_inference_prep.pdb,1ufm,A,Y28D,Y316D,-2.653252124786377,-1.4718836545944214,-2.062567949295044,0.5906842350959778
C:\Users\gooud\AppData\Local\Temp\chimerax_rsv_input_nh8_3c1x\current_model_input_1.1_inference_prep.pdb,1ufm,A,Y28E,Y316E,-2.172536849975586,-1.4563003778457642,-1.8144185543060303,0.3581182360649109
C:\Users\gooud\AppData\Local\Temp\chimerax_rsv_input_nh8_3c1x\current_model_input_1.1_inference_prep.pdb,1ufm,A,Y28F,Y316F,-0.1803002953529358,-0.14955970644950867,-0.16493000090122223,0.015370294451713562
C:\Users\gooud\AppData\Local\Temp\chimerax_rsv_input_nh8_3c1x\current_model_input_1.1_inference_prep.pdb,1ufm,A,Y28G,Y316G,-2.1045002937316895,-1.1338520050048828,-1.6191761493682861,0.4853241443634033
C:\Users\gooud\AppData\Local\Temp\chimerax_rsv_input_nh8_3c1x\current_model_input_1.1_inference_prep.pdb,1ufm,A,Y28H,Y316H,-0.7167037725448608,-0.657504141330719,-0.6871039867401123,0.029599815607070923
C:\Users\gooud\AppData\Local\Temp\chimerax_rsv_input_nh8_3c1x\current_model_input_1.1_inference_prep.pdb,1ufm,A,Y28I,Y316I,-1.1013858318328857,-0.5948172807693481,-0.8481015563011169,0.2532842755317688
C:\Users\gooud\AppData\Local\Temp\chimerax_rsv_input_nh8_3c1x\current_model_input_1.1_inference_prep.pdb,1ufm,A,Y28K,Y316K,-1.3595163822174072,-0.8641435503959656,-1.1118299961090088,0.24768641591072083
C:\Users\gooud\AppData\Local\Temp\chimerax_rsv_input_nh8_3c1x\current_model_input_1.1_inference_prep.pdb,1ufm,A,Y28L,Y316L,-0.8619658350944519,-0.4949377775192261,-0.6784517765045166,0.18351402878761292
C:\Users\gooud\AppData\Local\Temp\chimerax_rsv_input_nh8_3c1x\current_model_input_1.1_inference_prep.pdb,1ufm,A,Y28M,Y316M,-0.7931104302406311,-0.5584292411804199,-0.6757698059082031,0.11734059453010559
C:\Users\gooud\AppData\Local\Temp\chimerax_rsv_input_nh8_3c1x\current_model_input_1.1_inference_prep.pdb,1ufm,A,Y28N,Y316N,-1.7049899101257324,-1.074169635772705,-1.3895797729492188,0.31541013717651367
C:\Users\gooud\AppData\Local\Temp\chimerax_rsv_input_nh8_3c1x\current_model_input_1.1_inference_prep.pdb,1ufm,A,Y28P,Y316P,-2.6127750873565674,-1.382784366607666,-1.9977797269821167,0.6149953603744507
C:\Users\gooud\AppData\Local\Temp\chimerax_rsv_input_nh8_3c1x\current_model_input_1.1_inference_prep.pdb,1ufm,A,Y28Q,Y316Q,-1.7131493091583252,-0.99648118019104,-1.3548152446746826,0.3583340644836426
C:\Users\gooud\AppData\Local\Temp\chimerax_rsv_input_nh8_3c1x\current_model_input_1.1_inference_prep.pdb,1ufm,A,Y28R,Y316R,-1.3564753532409668,-0.7894502878189087,-1.072962760925293,0.28351253271102905
C:\Users\gooud\AppData\Local\Temp\chimerax_rsv_input_nh8_3c1x\current_model_input_1.1_inference_prep.pdb,1ufm,A,Y28S,Y316S,-1.7394616603851318,-0.9419704079627991,-1.340716004371643,0.3987456262111664
C:\Users\gooud\AppData\Local\Temp\chimerax_rsv_input_nh8_3c1x\current_model_input_1.1_inference_prep.pdb,1ufm,A,Y28T,Y316T,-1.6814779043197632,-0.9124595522880554,-1.296968698501587,0.3845091760158539
C:\Users\gooud\AppData\Local\Temp\chimerax_rsv_input_nh8_3c1x\current_model_input_1.1_inference_prep.pdb,1ufm,A,Y28V,Y316V,-1.2870075702667236,-0.696951150894165,-0.9919793605804443,0.2950282096862793
C:\Users\gooud\AppData\Local\Temp\chimerax_rsv_input_nh8_3c1x\current_model_input_1.1_inference_prep.pdb,1ufm,A,Y28W,Y316W,-0.6847310662269592,-0.436143159866333,-0.5604370832443237,0.12429395318031311
C:\Users\gooud\AppData\Local\Temp\chimerax_rsv_input_nh8_3c1x\current_model_input_1.1_inference_prep.pdb,1ufm,A,N29A,N317A,0.055014465004205704,0.1459609568119049,0.10048770904541016,0.0454732459038496
C:\Users\gooud\AppData\Local\Temp\chimerax_rsv_input_nh8_3c1x\current_model_input_1.1_inference_prep.pdb,1ufm,A,N29C,N317C,0.27912870049476624,0.43577468395233154,0.3574516773223877,0.07832299172878265
C:\Users\gooud\AppData\Local\Temp\chimerax_rsv_input_nh8_3c1x\current_model_input_1.1_inference_prep.pdb,1ufm,A,N29D,N317D,-0.15038448572158813,-0.2786906659603119,-0.21453757584095,-0.06415309011936188
C:\Users\gooud\AppData\Local\Temp\chimerax_rsv_input_nh8_3c1x\current_model_input_1.1_inference_prep.pdb,1ufm,A,N29E,N317E,-0.11266668885946274,-0.12396006286144257,-0.11831337213516235,-0.005646687000989914
C:\Users\gooud\AppData\Local\Temp\chimerax_rsv_input_nh8_3c1x\current_model_input_1.1_inference_prep.pdb,1ufm,A,N29F,N317F,-0.2539237141609192,0.09874707460403442,-0.07758831977844238,0.1763353943824768
C:\Users\gooud\AppData\Local\Temp\chimerax_rsv_input_nh8_3c1x\current_model_input_1.1_inference_prep.pdb,1ufm,A,N29G,N317G,-0.045667678117752075,0.03249803185462952,-0.006584823131561279,0.039082854986190796
C:\Users\gooud\AppData\Local\Temp\chimerax_rsv_input_nh8_3c1x\current_model_input_1.1_inference_prep.pdb,1ufm,A,N29H,N317H,0.17242875695228577,0.19327852129936218,0.18285363912582397,0.010424882173538208
C:\Users\gooud\AppData\Local\Temp\chimerax_rsv_input_nh8_3c1x\current_model_input_1.1_inference_prep.pdb,1ufm,A,N29I,N317I,-0.17451223731040955,0.11649172008037567,-0.029010258615016937,0.1455019786953926
C:\Users\gooud\AppData\Local\Temp\chimerax_rsv_input_nh8_3c1x\current_model_input_1.1_inference_prep.pdb,1ufm,A,N29K,N317K,0.43620043992996216,0.27722787857055664,0.3567141592502594,-0.07948628067970276
C:\Users\gooud\AppData\Local\Temp\chimerax_rsv_input_nh8_3c1x\current_model_input_1.1_inference_prep.pdb,1ufm,A,N29L,N317L,-0.13957512378692627,0.19399437308311462,0.027209624648094177,0.16678474843502045
C:\Users\gooud\AppData\Local\Temp\chimerax_rsv_input_nh8_3c1x\current_model_input_1.1_inference_prep.pdb,1ufm,A,N29M,N317M,-0.22672322392463684,0.11807668209075928,-0.05432327091693878,0.17239995300769806
C:\Users\gooud\AppData\Local\Temp\chimerax_rsv_input_nh8_3c1x\current_model_input_1.1_inference_prep.pdb,1ufm,A,N29P,N317P,-0.19967272877693176,-0.041023023426532745,-0.12034787237644196,0.07932485267519951
C:\Users\gooud\AppData\Local\Temp\chimerax_rsv_input_nh8_3c1x\current_model_input_1.1_inference_prep.pdb,1ufm,A,N29Q,N317Q,0.13112378120422363,0.07076182961463928,0.10094280540943146,-0.030180975794792175
C:\Users\gooud\AppData\Local\Temp\chimerax_rsv_input_nh8_3c1x\current_model_input_1.1_inference_prep.pdb,1ufm,A,N29R,N317R,0.4478229880332947,0.2948443591594696,0.37133365869522095,-0.07648931443691254
C:\Users\gooud\AppData\Local\Temp\chimerax_rsv_input_nh8_3c1x\current_model_input_1.1_inference_prep.pdb,1ufm,A,N29S,N317S,0.342973917722702,0.10530480742454529,0.22413936257362366,-0.11883455514907837
C:\Users\gooud\AppData\Local\Temp\chimerax_rsv_input_nh8_3c1x\current_model_input_1.1_inference_prep.pdb,1ufm,A,N29T,N317T,0.27616965770721436,0.13868719339370728,0.20742842555046082,-0.06874123215675354
C:\Users\gooud\AppData\Local\Temp\chimerax_rsv_input_nh8_3c1x\current_model_input_1.1_inference_prep.pdb,1ufm,A,N29V,N317V,-0.14988118410110474,0.13066935539245605,-0.00960591435432434,0.1402752697467804
C:\Users\gooud\AppData\Local\Temp\chimerax_rsv_input_nh8_3c1x\current_model_input_1.1_inference_prep.pdb,1ufm,A,N29W,N317W,-0.36033034324645996,0.043372005224227905,-0.15847916901111603,0.20185117423534393
C:\Users\gooud\AppData\Local\Temp\chimerax_rsv_input_nh8_3c1x\current_model_input_1.1_inference_prep.pdb,1ufm,A,N29Y,N317Y,-0.27365610003471375,0.050643190741539,-0.11150645464658737,0.16214964538812637
C:\Users\gooud\AppData\Local\Temp\chimerax_rsv_input_nh8_3c1x\current_model_input_1.1_inference_prep.pdb,1ufm,A,N30A,N318A,0.28211185336112976,0.10347063839435577,0.19279125332832336,-0.089320607483387
C:\Users\gooud\AppData\Local\Temp\chimerax_rsv_input_nh8_3c1x\current_model_input_1.1_inference_prep.pdb,1ufm,A,N30C,N318C,0.7616347670555115,0.7288351058959961,0.7452349662780762,-0.01639983057975769
C:\Users\gooud\AppData\Local\Temp\chimerax_rsv_input_nh8_3c1x\current_model_input_1.1_inference_prep.pdb,1ufm,A,N30D,N318D,-0.7658063173294067,-0.6756693124771118,-0.7207378149032593,0.04506850242614746
C:\Users\gooud\AppData\Local\Temp\chimerax_rsv_input_nh8_3c1x\current_model_input_1.1_inference_prep.pdb,1ufm,A,N30E,N318E,-0.21426141262054443,-0.26620620489120483,-0.24023380875587463,-0.0259723961353302
C:\Users\gooud\AppData\Local\Temp\chimerax_rsv_input_nh8_3c1x\current_model_input_1.1_inference_prep.pdb,1ufm,A,N30F,N318F,0.4869454503059387,0.2057437300682068,0.34634459018707275,-0.14060086011886597
C:\Users\gooud\AppData\Local\Temp\chimerax_rsv_input_nh8_3c1x\current_model_input_1.1_inference_prep.pdb,1ufm,A,N30G,N318G,-0.24755343794822693,0.12260894477367401,-0.06247224658727646,0.18508119136095047
C:\Users\gooud\AppData\Local\Temp\chimerax_rsv_input_nh8_3c1x\current_model_input_1.1_inference_prep.pdb,1ufm,A,N30H,N318H,0.2565945088863373,0.29498136043548584,0.27578794956207275,0.01919342577457428
C:\Users\gooud\AppData\Local\Temp\chimerax_rsv_input_nh8_3c1x\current_model_input_1.1_inference_prep.pdb,1ufm,A,N30I,N318I,0.30564963817596436,0.04695585370063782,0.1763027459383011,-0.12934689223766327
C:\Users\gooud\AppData\Local\Temp\chimerax_rsv_input_nh8_3c1x\current_model_input_1.1_inference_prep.pdb,1ufm,A,N30K,N318K,0.6138492226600647,0.3942992687225342,0.504074215888977,-0.10977497696876526
C:\Users\gooud\AppData\Local\Temp\chimerax_rsv_input_nh8_3c1x\current_model_input_1.1_inference_prep.pdb,1ufm,A,N30L,N318L,0.03874626010656357,-0.15818044543266296,-0.0597170926630497,-0.09846335276961327
C:\Users\gooud\AppData\Local\Temp\chimerax_rsv_input_nh8_3c1x\current_model_input_1.1_inference_prep.pdb,1ufm,A,N30M,N318M,0.35619664192199707,0.05585610866546631,0.2060263752937317,-0.15017026662826538
C:\Users\gooud\AppData\Local\Temp\chimerax_rsv_input_nh8_3c1x\current_model_input_1.1_inference_prep.pdb,1ufm,A,N30P,N318P,-1.004756212234497,-0.7378672957420349,-0.8713117837905884,0.13344445824623108
C:\Users\gooud\AppData\Local\Temp\chimerax_rsv_input_nh8_3c1x\current_model_input_1.1_inference_prep.pdb,1ufm,A,N30Q,N318Q,0.38548147678375244,0.06481374800205231,0.22514760494232178,-0.16033386439085007
C:\Users\gooud\AppData\Local\Temp\chimerax_rsv_input_nh8_3c1x\current_model_input_1.1_inference_prep.pdb,1ufm,A,N30R,N318R,0.8074835538864136,0.5600931644439697,0.6837883591651917,-0.12369519472122192
C:\Users\gooud\AppData\Local\Temp\chimerax_rsv_input_nh8_3c1x\current_model_input_1.1_inference_prep.pdb,1ufm,A,N30S,N318S,0.5215640068054199,0.2781900465488434,0.39987701177597046,-0.12168698012828827
C:\Users\gooud\AppData\Local\Temp\chimerax_rsv_input_nh8_3c1x\current_model_input_1.1_inference_prep.pdb,1ufm,A,N30T,N318T,0.3099161982536316,0.09990307688713074,0.20490963757038116,-0.10500656068325043
C:\Users\gooud\AppData\Local\Temp\chimerax_rsv_input_nh8_3c1x\current_model_input_1.1_inference_prep.pdb,1ufm,A,N30V,N318V,0.3425041437149048,0.03933879733085632,0.19092147052288055,-0.15158267319202423
C:\Users\gooud\AppData\Local\Temp\chimerax_rsv_input_nh8_3c1x\current_model_input_1.1_inference_prep.pdb,1ufm,A,N30W,N318W,0.6758086681365967,0.4514439105987549,0.5636262893676758,-0.1121823787689209
C:\Users\gooud\AppData\Local\Temp\chimerax_rsv_input_nh8_3c1x\current_model_input_1.1_inference_prep.pdb,1ufm,A,N30Y,N318Y,0.6554959416389465,0.2544724941253662,0.45498421788215637,-0.20051172375679016
C:\Users\gooud\AppData\Local\Temp\chimerax_rsv_input_nh8_3c1x\current_model_input_1.1_inference_prep.pdb,1ufm,A,I31A,I319A,-1.6761068105697632,-0.8891055583953857,-1.2826061248779297,0.3935006260871887
C:\Users\gooud\AppData\Local\Temp\chimerax_rsv_input_nh8_3c1x\current_model_input_1.1_inference_prep.pdb,1ufm,A,I31C,I319C,-1.1000462770462036,-0.40912628173828125,-0.7545862793922424,0.3454599976539612
C:\Users\gooud\AppData\Local\Temp\chimerax_rsv_input_nh8_3c1x\current_model_input_1.1_inference_prep.pdb,1ufm,A,I31D,I319D,-2.980940341949463,-1.9097820520401,-2.4453611373901367,0.5355791449546814
C:\Users\gooud\AppData\Local\Temp\chimerax_rsv_input_nh8_3c1x\current_model_input_1.1_inference_prep.pdb,1ufm,A,I31E,I319E,-2.772857666015625,-1.7665480375289917,-2.269702911376953,0.5031548142433167
C:\Users\gooud\AppData\Local\Temp\chimerax_rsv_input_nh8_3c1x\current_model_input_1.1_inference_prep.pdb,1ufm,A,I31F,I319F,-0.914069414138794,-0.9324877262115479,-0.9232785701751709,-0.009209156036376953
C:\Users\gooud\AppData\Local\Temp\chimerax_rsv_input_nh8_3c1x\current_model_input_1.1_inference_prep.pdb,1ufm,A,I31G,I319G,-2.403308629989624,-1.7177488803863525,-2.0605287551879883,0.34277987480163574
C:\Users\gooud\AppData\Local\Temp\chimerax_rsv_input_nh8_3c1x\current_model_input_1.1_inference_prep.pdb,1ufm,A,I31H,I319H,-1.9717200994491577,-1.4759420156478882,-1.723831057548523,0.24788904190063477
C:\Users\gooud\AppData\Local\Temp\chimerax_rsv_input_nh8_3c1x\current_model_input_1.1_inference_prep.pdb,1ufm,A,I31K,I319K,-1.7393360137939453,-1.1093723773956299,-1.4243541955947876,0.3149818181991577
C:\Users\gooud\AppData\Local\Temp\chimerax_rsv_input_nh8_3c1x\current_model_input_1.1_inference_prep.pdb,1ufm,A,I31L,I319L,-0.5881413221359253,-0.2711443305015564,-0.42964282631874084,0.15849849581718445
C:\Users\gooud\AppData\Local\Temp\chimerax_rsv_input_nh8_3c1x\current_model_input_1.1_inference_prep.pdb,1ufm,A,I31M,I319M,-0.5945473313331604,-0.6033544540405273,-0.5989508628845215,-0.004403561353683472
C:\Users\gooud\AppData\Local\Temp\chimerax_rsv_input_nh8_3c1x\current_model_input_1.1_inference_prep.pdb,1ufm,A,I31N,I319N,-2.581272602081299,-1.4952455759048462,-2.0382590293884277,0.5430135130882263
C:\Users\gooud\AppData\Local\Temp\chimerax_rsv_input_nh8_3c1x\current_model_input_1.1_inference_prep.pdb,1ufm,A,I31P,I319P,-2.4544620513916016,-1.397276520729065,-1.9258692264556885,0.5285927653312683
C:\Users\gooud\AppData\Local\Temp\chimerax_rsv_input_nh8_3c1x\current_model_input_1.1_inference_prep.pdb,1ufm,A,I31Q,I319Q,-2.162214994430542,-1.5485106706619263,-1.855362892150879,0.30685216188430786
C:\Users\gooud\AppData\Local\Temp\chimerax_rsv_input_nh8_3c1x\current_model_input_1.1_inference_prep.pdb,1ufm,A,I31R,I319R,-1.9733418226242065,-1.512410283088684,-1.7428760528564453,0.23046576976776123
C:\Users\gooud\AppData\Local\Temp\chimerax_rsv_input_nh8_3c1x\current_model_input_1.1_inference_prep.pdb,1ufm,A,I31S,I319S,-2.1224355697631836,-1.406193494796753,-1.7643145322799683,0.35812103748321533
C:\Users\gooud\AppData\Local\Temp\chimerax_rsv_input_nh8_3c1x\current_model_input_1.1_inference_prep.pdb,1ufm,A,I31T,I319T,-1.7408311367034912,-1.087783694267273,-1.4143073558807373,0.32652372121810913
C:\Users\gooud\AppData\Local\Temp\chimerax_rsv_input_nh8_3c1x\current_model_input_1.1_inference_prep.pdb,1ufm,A,I31V,I319V,-0.5417404174804688,-0.527172327041626,-0.5344563722610474,0.007284045219421387
C:\Users\gooud\AppData\Local\Temp\chimerax_rsv_input_nh8_3c1x\current_model_input_1.1_inference_prep.pdb,1ufm,A,I31W,I319W,-1.3122365474700928,-0.8033959865570068,-1.0578162670135498,0.25442028045654297
C:\Users\gooud\AppData\Local\Temp\chimerax_rsv_input_nh8_3c1x\current_model_input_1.1_inference_prep.pdb,1ufm,A,I31Y,I319Y,-1.1260578632354736,-0.9476486444473267,-1.036853313446045,0.08920460939407349
C:\Users\gooud\AppData\Local\Temp\chimerax_rsv_input_nh8_3c1x\current_model_input_1.1_inference_prep.pdb,1ufm,A,T32A,T320A,-0.8642302751541138,-0.6622594594955444,-0.7632448673248291,0.10098540782928467
C:\Users\gooud\AppData\Local\Temp\chimerax_rsv_input_nh8_3c1x\current_model_input_1.1_inference_prep.pdb,1ufm,A,T32C,T320C,-0.9085327386856079,-0.8940868973731995,-0.9013098478317261,0.007222920656204224
C:\Users\gooud\AppData\Local\Temp\chimerax_rsv_input_nh8_3c1x\current_model_input_1.1_inference_prep.pdb,1ufm,A,T32D,T320D,-1.5079090595245361,-1.3489453792572021,-1.4284272193908691,0.07948184013366699
C:\Users\gooud\AppData\Local\Temp\chimerax_rsv_input_nh8_3c1x\current_model_input_1.1_inference_prep.pdb,1ufm,A,T32E,T320E,-1.8231528997421265,-1.4124596118927002,-1.6178061962127686,0.20534664392471313
C:\Users\gooud\AppData\Local\Temp\chimerax_rsv_input_nh8_3c1x\current_model_input_1.1_inference_prep.pdb,1ufm,A,T32F,T320F,-1.2664124965667725,-0.8228099346160889,-1.0446112155914307,0.2218012809753418
C:\Users\gooud\AppData\Local\Temp\chimerax_rsv_input_nh8_3c1x\current_model_input_1.1_inference_prep.pdb,1ufm,A,T32G,T320G,-0.7872725129127502,-1.0031509399414062,-0.8952116966247559,-0.107939213514328
C:\Users\gooud\AppData\Local\Temp\chimerax_rsv_input_nh8_3c1x\current_model_input_1.1_inference_prep.pdb,1ufm,A,T32H,T320H,-0.7313450574874878,-0.5263080596923828,-0.6288265585899353,0.10251849889755249
C:\Users\gooud\AppData\Local\Temp\chimerax_rsv_input_nh8_3c1x\current_model_input_1.1_inference_prep.pdb,1ufm,A,T32I,T320I,-1.6461632251739502,-1.0723940134048462,-1.359278678894043,0.286884605884552
C:\Users\gooud\AppData\Local\Temp\chimerax_rsv_input_nh8_3c1x\current_model_input_1.1_inference_prep.pdb,1ufm,A,T32K,T320K,-0.49383246898651123,-0.5301812887191772,-0.5120068788528442,-0.018174409866333008
C:\Users\gooud\AppData\Local\Temp\chimerax_rsv_input_nh8_3c1x\current_model_input_1.1_inference_prep.pdb,1ufm,A,T32L,T320L,-1.1303328275680542,-0.7621945142745972,-0.9462636709213257,0.18406915664672852
C:\Users\gooud\AppData\Local\Temp\chimerax_rsv_input_nh8_3c1x\current_model_input_1.1_inference_prep.pdb,1ufm,A,T32M,T320M,-1.298087477684021,-1.022623896598816,-1.1603556871414185,0.13773179054260254
C:\Users\gooud\AppData\Local\Temp\chimerax_rsv_input_nh8_3c1x\current_model_input_1.1_inference_prep.pdb,1ufm,A,T32N,T320N,-0.8114398717880249,-0.8975851535797119,-0.8545125126838684,-0.043072640895843506
C:\Users\gooud\AppData\Local\Temp\chimerax_rsv_input_nh8_3c1x\current_model_input_1.1_inference_prep.pdb,1ufm,A,T32P,T320P,-0.7653399705886841,-0.6736136674880981,-0.7194768190383911,0.04586315155029297
C:\Users\gooud\AppData\Local\Temp\chimerax_rsv_input_nh8_3c1x\current_model_input_1.1_inference_prep.pdb,1ufm,A,T32Q,T320Q,-1.2900382280349731,-1.1265522241592407,-1.208295226097107,0.08174300193786621
C:\Users\gooud\AppData\Local\Temp\chimerax_rsv_input_nh8_3c1x\current_model_input_1.1_inference_prep.pdb,1ufm,A,T32R,T320R,-0.4263556897640228,-0.43156886100769043,-0.4289622902870178,-0.0026065856218338013
C:\Users\gooud\AppData\Local\Temp\chimerax_rsv_input_nh8_3c1x\current_model_input_1.1_inference_prep.pdb,1ufm,A,T32S,T320S,-0.005021117627620697,-0.24122881889343262,-0.12312497198581696,-0.11810385063290596
C:\Users\gooud\AppData\Local\Temp\chimerax_rsv_input_nh8_3c1x\current_model_input_1.1_inference_prep.pdb,1ufm,A,T32V,T320V,-1.5308128595352173,-0.9960217475891113,-1.2634172439575195,0.267395555973053
C:\Users\gooud\AppData\Local\Temp\chimerax_rsv_input_nh8_3c1x\current_model_input_1.1_inference_prep.pdb,1ufm,A,T32W,T320W,-1.4517923593521118,-0.8226539492607117,-1.1372231245040894,0.3145692050457001
C:\Users\gooud\AppData\Local\Temp\chimerax_rsv_input_nh8_3c1x\current_model_input_1.1_inference_prep.pdb,1ufm,A,T32Y,T320Y,-1.0948277711868286,-0.7130922079086304,-0.9039599895477295,0.19086778163909912
C:\Users\gooud\AppData\Local\Temp\chimerax_rsv_input_nh8_3c1x\current_model_input_1.1_inference_prep.pdb,1ufm,A,F33A,F321A,-1.941576600074768,-1.5970211029052734,-1.769298791885376,0.17227774858474731
C:\Users\gooud\AppData\Local\Temp\chimerax_rsv_input_nh8_3c1x\current_model_input_1.1_inference_prep.pdb,1ufm,A,F33C,F321C,-1.162100911140442,-1.0383217334747314,-1.1002113819122314,0.061889588832855225
C:\Users\gooud\AppData\Local\Temp\chimerax_rsv_input_nh8_3c1x\current_model_input_1.1_inference_prep.pdb,1ufm,A,F33D,F321D,-3.3101489543914795,-2.723323345184326,-3.0167360305786133,0.29341280460357666
C:\Users\gooud\AppData\Local\Temp\chimerax_rsv_input_nh8_3c1x\current_model_input_1.1_inference_prep.pdb,1ufm,A,F33E,F321E,-3.367302656173706,-2.2183852195739746,-2.792843818664551,0.5744587182998657
C:\Users\gooud\AppData\Local\Temp\chimerax_rsv_input_nh8_3c1x\current_model_input_1.1_inference_prep.pdb,1ufm,A,F33G,F321G,-2.7448043823242188,-2.1983370780944824,-2.4715707302093506,0.27323365211486816
C:\Users\gooud\AppData\Local\Temp\chimerax_rsv_input_nh8_3c1x\current_model_input_1.1_inference_prep.pdb,1ufm,A,F33H,F321H,-2.360166311264038,-2.0097551345825195,-2.1849608421325684,0.17520558834075928
C:\Users\gooud\AppData\Local\Temp\chimerax_rsv_input_nh8_3c1x\current_model_input_1.1_inference_prep.pdb,1ufm,A,F33I,F321I,-0.6586315035820007,-0.3847165107727051,-0.5216740369796753,0.13695749640464783
C:\Users\gooud\AppData\Local\Temp\chimerax_rsv_input_nh8_3c1x\current_model_input_1.1_inference_prep.pdb,1ufm,A,F33K,F321K,-2.357481002807617,-1.930240273475647,-2.1438605785369873,0.2136203646659851
C:\Users\gooud\AppData\Local\Temp\chimerax_rsv_input_nh8_3c1x\current_model_input_1.1_inference_prep.pdb,1ufm,A,F33L,F321L,-0.5423203706741333,-0.22127564251422882,-0.38179799914360046,0.16052236407995224
C:\Users\gooud\AppData\Local\Temp\chimerax_rsv_input_nh8_3c1x\current_model_input_1.1_inference_prep.pdb,1ufm,A,F33M,F321M,-1.0211175680160522,-0.7368584275245667,-0.8789880275726318,0.1421295702457428
C:\Users\gooud\AppData\Local\Temp\chimerax_rsv_input_nh8_3c1x\current_model_input_1.1_inference_prep.pdb,1ufm,A,F33N,F321N,-2.525531053543091,-2.2363409996032715,-2.3809361457824707,0.14459502696990967
C:\Users\gooud\AppData\Local\Temp\chimerax_rsv_input_nh8_3c1x\current_model_input_1.1_inference_prep.pdb,1ufm,A,F33P,F321P,-2.394680976867676,-1.8370296955108643,-2.1158552169799805,0.27882564067840576
C:\Users\gooud\AppData\Local\Temp\chimerax_rsv_input_nh8_3c1x\current_model_input_1.1_inference_prep.pdb,1ufm,A,F33Q,F321Q,-2.8089685440063477,-2.0197534561157227,-2.414361000061035,0.3946075439453125
C:\Users\gooud\AppData\Local\Temp\chimerax_rsv_input_nh8_3c1x\current_model_input_1.1_inference_prep.pdb,1ufm,A,F33R,F321R,-2.360456943511963,-1.9141722917556763,-2.137314558029175,0.2231423258781433
C:\Users\gooud\AppData\Local\Temp\chimerax_rsv_input_nh8_3c1x\current_model_input_1.1_inference_prep.pdb,1ufm,A,F33S,F321S,-2.2539222240448,-1.87699556350708,-2.0654587745666504,0.18846333026885986
C:\Users\gooud\AppData\Local\Temp\chimerax_rsv_input_nh8_3c1x\current_model_input_1.1_inference_prep.pdb,1ufm,A,F33T,F321T,-1.9963699579238892,-1.6629552841186523,-1.829662561416626,0.1667073369026184
C:\Users\gooud\AppData\Local\Temp\chimerax_rsv_input_nh8_3c1x\current_model_input_1.1_inference_prep.pdb,1ufm,A,F33V,F321V,-1.1784920692443848,-0.918460488319397,-1.048476219177246,0.1300157904624939
C:\Users\gooud\AppData\Local\Temp\chimerax_rsv_input_nh8_3c1x\current_model_input_1.1_inference_prep.pdb,1ufm,A,F33W,F321W,-0.9083063006401062,-0.47105178236961365,-0.6896790266036987,0.21862725913524628
C:\Users\gooud\AppData\Local\Temp\chimerax_rsv_input_nh8_3c1x\current_model_input_1.1_inference_prep.pdb,1ufm,A,F33Y,F321Y,-0.29561856389045715,-0.5568256974220276,-0.42622214555740356,-0.13060356676578522
C:\Users\gooud\AppData\Local\Temp\chimerax_rsv_input_nh8_3c1x\current_model_input_1.1_inference_prep.pdb,1ufm,A,E34A,E322A,0.24097618460655212,0.15347033739089966,0.1972232609987259,-0.04375292360782623
C:\Users\gooud\AppData\Local\Temp\chimerax_rsv_input_nh8_3c1x\current_model_input_1.1_inference_prep.pdb,1ufm,A,E34C,E322C,-0.029475636780261993,0.2927789092063904,0.1316516399383545,0.1611272729933262
C:\Users\gooud\AppData\Local\Temp\chimerax_rsv_input_nh8_3c1x\current_model_input_1.1_inference_prep.pdb,1ufm,A,E34D,E322D,-0.08839640766382217,-0.36004531383514404,-0.2242208570241928,-0.13582445308566093
C:\Users\gooud\AppData\Local\Temp\chimerax_rsv_input_nh8_3c1x\current_model_input_1.1_inference_prep.pdb,1ufm,A,E34F,E322F,-0.1174599900841713,0.11208733916282654,-0.0026863254606723785,0.11477366462349892
C:\Users\gooud\AppData\Local\Temp\chimerax_rsv_input_nh8_3c1x\current_model_input_1.1_inference_prep.pdb,1ufm,A,E34G,E322G,-0.37951889634132385,-0.416972815990448,-0.3982458710670471,-0.018726959824562073
C:\Users\gooud\AppData\Local\Temp\chimerax_rsv_input_nh8_3c1x\current_model_input_1.1_inference_prep.pdb,1ufm,A,E34H,E322H,-0.0831802561879158,-0.13930505514144897,-0.11124265193939209,-0.028062399476766586
C:\Users\gooud\AppData\Local\Temp\chimerax_rsv_input_nh8_3c1x\current_model_input_1.1_inference_prep.pdb,1ufm,A,E34I,E322I,0.037161748856306076,-0.023578748106956482,0.006791500374674797,-0.03037024848163128
C:\Users\gooud\AppData\Local\Temp\chimerax_rsv_input_nh8_3c1x\current_model_input_1.1_inference_prep.pdb,1ufm,A,E34K,E322K,0.14352475106716156,-0.10211215913295746,0.02070629596710205,-0.12281845510005951
C:\Users\gooud\AppData\Local\Temp\chimerax_rsv_input_nh8_3c1x\current_model_input_1.1_inference_prep.pdb,1ufm,A,E34L,E322L,-0.09718654304742813,0.10433895885944366,0.0035762079060077667,0.1007627509534359
C:\Users\gooud\AppData\Local\Temp\chimerax_rsv_input_nh8_3c1x\current_model_input_1.1_inference_prep.pdb,1ufm,A,E34M,E322M,-0.1572396159172058,-0.056300852447748184,-0.10677023231983185,0.05046938173472881
C:\Users\gooud\AppData\Local\Temp\chimerax_rsv_input_nh8_3c1x\current_model_input_1.1_inference_prep.pdb,1ufm,A,E34N,E322N,-0.13930892944335938,-0.3818025290966034,-0.2605557441711426,-0.12124679982662201
C:\Users\gooud\AppData\Local\Temp\chimerax_rsv_input_nh8_3c1x\current_model_input_1.1_inference_prep.pdb,1ufm,A,E34P,E322P,-0.6431498527526855,-0.8599918484687805,-0.7515708208084106,-0.10842099785804749
C:\Users\gooud\AppData\Local\Temp\chimerax_rsv_input_nh8_3c1x\current_model_input_1.1_inference_prep.pdb,1ufm,A,E34Q,E322Q,0.0005751624703407288,-0.07280099391937256,-0.036112915724515915,-0.036688078194856644
C:\Users\gooud\AppData\Local\Temp\chimerax_rsv_input_nh8_3c1x\current_model_input_1.1_inference_prep.pdb,1ufm,A,E34R,E322R,-0.012952588498592377,-0.12508495151996613,-0.06901876628398895,-0.056066181510686874
C:\Users\gooud\AppData\Local\Temp\chimerax_rsv_input_nh8_3c1x\current_model_input_1.1_inference_prep.pdb,1ufm,A,E34S,E322S,-0.04761345684528351,-0.16945484280586243,-0.10853414982557297,-0.06092069298028946
C:\Users\gooud\AppData\Local\Temp\chimerax_rsv_input_nh8_3c1x\current_model_input_1.1_inference_prep.pdb,1ufm,A,E34T,E322T,-0.08161785453557968,-0.20848962664604187,-0.14505374431610107,-0.0634358860552311
C:\Users\gooud\AppData\Local\Temp\chimerax_rsv_input_nh8_3c1x\current_model_input_1.1_inference_prep.pdb,1ufm,A,E34V,E322V,0.10300041735172272,-0.01609642803668976,0.04345199465751648,-0.05954842269420624
C:\Users\gooud\AppData\Local\Temp\chimerax_rsv_input_nh8_3c1x\current_model_input_1.1_inference_prep.pdb,1ufm,A,E34W,E322W,-0.11595375090837479,0.2079794704914093,0.04601285979151726,0.16196661069989204
C:\Users\gooud\AppData\Local\Temp\chimerax_rsv_input_nh8_3c1x\current_model_input_1.1_inference_prep.pdb,1ufm,A,E34Y,E322Y,-0.014375343918800354,0.0380893349647522,0.011856995522975922,0.026232339441776276
C:\Users\gooud\AppData\Local\Temp\chimerax_rsv_input_nh8_3c1x\current_model_input_1.1_inference_prep.pdb,1ufm,A,E35A,E323A,-0.025837033987045288,-0.15252532064914703,-0.08918117731809616,-0.06334414333105087
C:\Users\gooud\AppData\Local\Temp\chimerax_rsv_input_nh8_3c1x\current_model_input_1.1_inference_prep.pdb,1ufm,A,E35C,E323C,-0.1278184950351715,0.11609461903572083,-0.005861937999725342,0.12195655703544617
C:\Users\gooud\AppData\Local\Temp\chimerax_rsv_input_nh8_3c1x\current_model_input_1.1_inference_prep.pdb,1ufm,A,E35D,E323D,-0.2760418951511383,-0.5226643085479736,-0.3993530869483948,-0.12331120669841766
C:\Users\gooud\AppData\Local\Temp\chimerax_rsv_input_nh8_3c1x\current_model_input_1.1_inference_prep.pdb,1ufm,A,E35F,E323F,-0.49703776836395264,-0.09062083065509796,-0.2938292920589447,0.20320846885442734
C:\Users\gooud\AppData\Local\Temp\chimerax_rsv_input_nh8_3c1x\current_model_input_1.1_inference_prep.pdb,1ufm,A,E35G,E323G,-0.8683093786239624,-0.8849996328353882,-0.8766545057296753,-0.00834512710571289
C:\Users\gooud\AppData\Local\Temp\chimerax_rsv_input_nh8_3c1x\current_model_input_1.1_inference_prep.pdb,1ufm,A,E35H,E323H,-0.38158896565437317,-0.3247379958629608,-0.353163480758667,0.028425484895706177
C:\Users\gooud\AppData\Local\Temp\chimerax_rsv_input_nh8_3c1x\current_model_input_1.1_inference_prep.pdb,1ufm,A,E35I,E323I,-0.3411167562007904,-0.10422540456056595,-0.22267107665538788,0.11844567582011223
C:\Users\gooud\AppData\Local\Temp\chimerax_rsv_input_nh8_3c1x\current_model_input_1.1_inference_prep.pdb,1ufm,A,E35K,E323K,-0.09218700975179672,-0.2708209455013275,-0.18150398135185242,-0.0893169678747654
C:\Users\gooud\AppData\Local\Temp\chimerax_rsv_input_nh8_3c1x\current_model_input_1.1_inference_prep.pdb,1ufm,A,E35L,E323L,-0.28796106576919556,-0.09112037718296051,-0.18954071402549744,0.09842034429311752
C:\Users\gooud\AppData\Local\Temp\chimerax_rsv_input_nh8_3c1x\current_model_input_1.1_inference_prep.pdb,1ufm,A,E35M,E323M,-0.030057698488235474,-0.037595123052597046,-0.03382641077041626,-0.003768712282180786
C:\Users\gooud\AppData\Local\Temp\chimerax_rsv_input_nh8_3c1x\current_model_input_1.1_inference_prep.pdb,1ufm,A,E35N,E323N,-0.5346579551696777,-0.7864060401916504,-0.6605319976806641,-0.12587404251098633
C:\Users\gooud\AppData\Local\Temp\chimerax_rsv_input_nh8_3c1x\current_model_input_1.1_inference_prep.pdb,1ufm,A,E35P,E323P,-2.5046987533569336,-1.8570001125335693,-2.180849552154541,0.32384932041168213
C:\Users\gooud\AppData\Local\Temp\chimerax_rsv_input_nh8_3c1x\current_model_input_1.1_inference_prep.pdb,1ufm,A,E35Q,E323Q,0.1782165914773941,0.00426822155714035,0.09124240279197693,-0.08697418496012688
C:\Users\gooud\AppData\Local\Temp\chimerax_rsv_input_nh8_3c1x\current_model_input_1.1_inference_prep.pdb,1ufm,A,E35R,E323R,-0.2930472195148468,-0.2673056423664093,-0.28017643094062805,0.01287078857421875
C:\Users\gooud\AppData\Local\Temp\chimerax_rsv_input_nh8_3c1x\current_model_input_1.1_inference_prep.pdb,1ufm,A,E35S,E323S,-0.5059157609939575,-0.5524410605430603,-0.5291783809661865,-0.02326264977455139
C:\Users\gooud\AppData\Local\Temp\chimerax_rsv_input_nh8_3c1x\current_model_input_1.1_inference_prep.pdb,1ufm,A,E35T,E323T,-0.27908554673194885,-0.269540011882782,-0.2743127942085266,0.004772767424583435
C:\Users\gooud\AppData\Local\Temp\chimerax_rsv_input_nh8_3c1x\current_model_input_1.1_inference_prep.pdb,1ufm,A,E35V,E323V,-0.19931629300117493,0.04228809475898743,-0.07851409912109375,0.12080219388008118
C:\Users\gooud\AppData\Local\Temp\chimerax_rsv_input_nh8_3c1x\current_model_input_1.1_inference_prep.pdb,1ufm,A,E35W,E323W,-0.5599291324615479,-0.20665401220321655,-0.3832915723323822,0.17663756012916565
C:\Users\gooud\AppData\Local\Temp\chimerax_rsv_input_nh8_3c1x\current_model_input_1.1_inference_prep.pdb,1ufm,A,E35Y,E323Y,-0.4650340676307678,-0.1835145354270935,-0.32427430152893066,0.14075976610183716
C:\Users\gooud\AppData\Local\Temp\chimerax_rsv_input_nh8_3c1x\current_model_input_1.1_inference_prep.pdb,1ufm,A,L36A,L324A,-1.9255528450012207,-1.642012596130371,-1.783782720565796,0.1417701244354248
C:\Users\gooud\AppData\Local\Temp\chimerax_rsv_input_nh8_3c1x\current_model_input_1.1_inference_prep.pdb,1ufm,A,L36C,L324C,-1.6740268468856812,-1.124082326889038,-1.3990545272827148,0.27497225999832153
C:\Users\gooud\AppData\Local\Temp\chimerax_rsv_input_nh8_3c1x\current_model_input_1.1_inference_prep.pdb,1ufm,A,L36D,L324D,-3.374354600906372,-2.8615241050720215,-3.1179394721984863,0.2564152479171753
C:\Users\gooud\AppData\Local\Temp\chimerax_rsv_input_nh8_3c1x\current_model_input_1.1_inference_prep.pdb,1ufm,A,L36E,L324E,-3.340453863143921,-2.854506492614746,-3.097480297088623,0.2429736852645874
C:\Users\gooud\AppData\Local\Temp\chimerax_rsv_input_nh8_3c1x\current_model_input_1.1_inference_prep.pdb,1ufm,A,L36F,L324F,-1.4557271003723145,-1.0817455053329468,-1.2687363624572754,0.18699079751968384
C:\Users\gooud\AppData\Local\Temp\chimerax_rsv_input_nh8_3c1x\current_model_input_1.1_inference_prep.pdb,1ufm,A,L36G,L324G,-2.922513723373413,-2.822706699371338,-2.872610092163086,0.0499035120010376
C:\Users\gooud\AppData\Local\Temp\chimerax_rsv_input_nh8_3c1x\current_model_input_1.1_inference_prep.pdb,1ufm,A,L36H,L324H,-3.451660633087158,-2.7762985229492188,-3.1139795780181885,0.3376810550689697
C:\Users\gooud\AppData\Local\Temp\chimerax_rsv_input_nh8_3c1x\current_model_input_1.1_inference_prep.pdb,1ufm,A,L36I,L324I,-1.1565263271331787,-0.5481685400009155,-0.8523474335670471,0.3041788935661316
C:\Users\gooud\AppData\Local\Temp\chimerax_rsv_input_nh8_3c1x\current_model_input_1.1_inference_prep.pdb,1ufm,A,L36K,L324K,-3.2713613510131836,-2.854947566986084,-3.063154458999634,0.2082068920135498
C:\Users\gooud\AppData\Local\Temp\chimerax_rsv_input_nh8_3c1x\current_model_input_1.1_inference_prep.pdb,1ufm,A,L36M,L324M,-1.1653095483779907,-0.8513932228088379,-1.0083513259887695,0.15695816278457642
C:\Users\gooud\AppData\Local\Temp\chimerax_rsv_input_nh8_3c1x\current_model_input_1.1_inference_prep.pdb,1ufm,A,L36N,L324N,-3.6370432376861572,-2.934691905975342,-3.285867691040039,0.3511756658554077
C:\Users\gooud\AppData\Local\Temp\chimerax_rsv_input_nh8_3c1x\current_model_input_1.1_inference_prep.pdb,1ufm,A,L36P,L324P,-3.562694787979126,-3.1067209243774414,-3.334707736968994,0.22798693180084229
C:\Users\gooud\AppData\Local\Temp\chimerax_rsv_input_nh8_3c1x\current_model_input_1.1_inference_prep.pdb,1ufm,A,L36Q,L324Q,-3.366983413696289,-2.7154688835144043,-3.0412261486053467,0.3257572650909424
C:\Users\gooud\AppData\Local\Temp\chimerax_rsv_input_nh8_3c1x\current_model_input_1.1_inference_prep.pdb,1ufm,A,L36R,L324R,-3.238048553466797,-2.756481647491455,-2.997265100479126,0.2407834529876709
C:\Users\gooud\AppData\Local\Temp\chimerax_rsv_input_nh8_3c1x\current_model_input_1.1_inference_prep.pdb,1ufm,A,L36S,L324S,-3.040102481842041,-2.4656014442443848,-2.752851963043213,0.2872505187988281
C:\Users\gooud\AppData\Local\Temp\chimerax_rsv_input_nh8_3c1x\current_model_input_1.1_inference_prep.pdb,1ufm,A,L36T,L324T,-2.9387834072113037,-2.166862964630127,-2.552823066711426,0.3859602212905884
C:\Users\gooud\AppData\Local\Temp\chimerax_rsv_input_nh8_3c1x\current_model_input_1.1_inference_prep.pdb,1ufm,A,L36V,L324V,-1.7492656707763672,-1.1654828786849976,-1.4573743343353271,0.2918913960456848
C:\Users\gooud\AppData\Local\Temp\chimerax_rsv_input_nh8_3c1x\current_model_input_1.1_inference_prep.pdb,1ufm,A,L36W,L324W,-1.833001732826233,-1.4586368799209595,-1.6458193063735962,0.18718242645263672
C:\Users\gooud\AppData\Local\Temp\chimerax_rsv_input_nh8_3c1x\current_model_input_1.1_inference_prep.pdb,1ufm,A,L36Y,L324Y,-2.4229836463928223,-1.754018783569336,-2.088501214981079,0.33448243141174316
C:\Users\gooud\AppData\Local\Temp\chimerax_rsv_input_nh8_3c1x\current_model_input_1.1_inference_prep.pdb,1ufm,A,G37A,G325A,0.3520554006099701,0.666904091835022,0.5094797611236572,0.15742434561252594
C:\Users\gooud\AppData\Local\Temp\chimerax_rsv_input_nh8_3c1x\current_model_input_1.1_inference_prep.pdb,1ufm,A,G37C,G325C,-0.9356870055198669,-0.18415892124176025,-0.5599229335784912,0.37576404213905334
C:\Users\gooud\AppData\Local\Temp\chimerax_rsv_input_nh8_3c1x\current_model_input_1.1_inference_prep.pdb,1ufm,A,G37D,G325D,-2.334340810775757,-1.2198656797409058,-1.7771031856536865,0.5572375655174255
C:\Users\gooud\AppData\Local\Temp\chimerax_rsv_input_nh8_3c1x\current_model_input_1.1_inference_prep.pdb,1ufm,A,G37E,G325E,-1.3894031047821045,-0.6807835102081299,-1.0350933074951172,0.3543097972869873
C:\Users\gooud\AppData\Local\Temp\chimerax_rsv_input_nh8_3c1x\current_model_input_1.1_inference_prep.pdb,1ufm,A,G37F,G325F,-1.2047576904296875,-0.2529212236404419,-0.7288394570350647,0.4759182333946228
C:\Users\gooud\AppData\Local\Temp\chimerax_rsv_input_nh8_3c1x\current_model_input_1.1_inference_prep.pdb,1ufm,A,G37H,G325H,-1.5902807712554932,-0.5113943219184875,-1.050837516784668,0.5394432246685028
C:\Users\gooud\AppData\Local\Temp\chimerax_rsv_input_nh8_3c1x\current_model_input_1.1_inference_prep.pdb,1ufm,A,G37I,G325I,-1.1510103940963745,-0.45833611488342285,-0.8046732544898987,0.34633713960647583
C:\Users\gooud\AppData\Local\Temp\chimerax_rsv_input_nh8_3c1x\current_model_input_1.1_inference_prep.pdb,1ufm,A,G37K,G325K,-1.3270987272262573,-0.8559793829917908,-1.0915390253067017,0.23555967211723328
C:\Users\gooud\AppData\Local\Temp\chimerax_rsv_input_nh8_3c1x\current_model_input_1.1_inference_prep.pdb,1ufm,A,G37L,G325L,-1.3295409679412842,-0.36095279455184937,-0.8452469110488892,0.4842940866947174
C:\Users\gooud\AppData\Local\Temp\chimerax_rsv_input_nh8_3c1x\current_model_input_1.1_inference_prep.pdb,1ufm,A,G37M,G325M,-0.9072874784469604,-0.1886909306049347,-0.5479891896247864,0.3592982739210129
C:\Users\gooud\AppData\Local\Temp\chimerax_rsv_input_nh8_3c1x\current_model_input_1.1_inference_prep.pdb,1ufm,A,G37N,G325N,-1.9382044076919556,-0.9658942222595215,-1.4520492553710938,0.48615509271621704
C:\Users\gooud\AppData\Local\Temp\chimerax_rsv_input_nh8_3c1x\current_model_input_1.1_inference_prep.pdb,1ufm,A,G37P,G325P,-2.5064704418182373,-1.9100044965744019,-2.208237409591675,0.2982329726219177
C:\Users\gooud\AppData\Local\Temp\chimerax_rsv_input_nh8_3c1x\current_model_input_1.1_inference_prep.pdb,1ufm,A,G37Q,G325Q,-1.163270115852356,-0.634882926940918,-0.899076521396637,0.264193594455719
C:\Users\gooud\AppData\Local\Temp\chimerax_rsv_input_nh8_3c1x\current_model_input_1.1_inference_prep.pdb,1ufm,A,G37R,G325R,-1.3255126476287842,-0.6128288507461548,-0.9691707491874695,0.3563418984413147
C:\Users\gooud\AppData\Local\Temp\chimerax_rsv_input_nh8_3c1x\current_model_input_1.1_inference_prep.pdb,1ufm,A,G37S,G325S,-0.31919440627098083,0.17715856432914734,-0.07101792097091675,0.2481764853000641
C:\Users\gooud\AppData\Local\Temp\chimerax_rsv_input_nh8_3c1x\current_model_input_1.1_inference_prep.pdb,1ufm,A,G37T,G325T,-1.3931283950805664,-0.5050342082977295,-0.949081301689148,0.44404709339141846
C:\Users\gooud\AppData\Local\Temp\chimerax_rsv_input_nh8_3c1x\current_model_input_1.1_inference_prep.pdb,1ufm,A,G37V,G325V,-1.1585088968276978,-0.4447384774684906,-0.8016237020492554,0.3568852096796036
C:\Users\gooud\AppData\Local\Temp\chimerax_rsv_input_nh8_3c1x\current_model_input_1.1_inference_prep.pdb,1ufm,A,G37W,G325W,-0.7203099131584167,-0.0407349094748497,-0.38052240014076233,0.3397875018417835
C:\Users\gooud\AppData\Local\Temp\chimerax_rsv_input_nh8_3c1x\current_model_input_1.1_inference_prep.pdb,1ufm,A,G37Y,G325Y,-1.3122787475585938,-0.23782706260681152,-0.7750529050827026,0.5372258424758911
C:\Users\gooud\AppData\Local\Temp\chimerax_rsv_input_nh8_3c1x\current_model_input_1.1_inference_prep.pdb,1ufm,A,A38C,A326C,-0.031224459409713745,0.2327246069908142,0.10075007379055023,0.13197453320026398
C:\Users\gooud\AppData\Local\Temp\chimerax_rsv_input_nh8_3c1x\current_model_input_1.1_inference_prep.pdb,1ufm,A,A38D,A326D,-0.6080042719841003,-0.6315768361091614,-0.6197905540466309,-0.011786282062530518
C:\Users\gooud\AppData\Local\Temp\chimerax_rsv_input_nh8_3c1x\current_model_input_1.1_inference_prep.pdb,1ufm,A,A38E,A326E,-0.3100418448448181,-0.35184675455093384,-0.330944299697876,-0.02090245485305786
C:\Users\gooud\AppData\Local\Temp\chimerax_rsv_input_nh8_3c1x\current_model_input_1.1_inference_prep.pdb,1ufm,A,A38F,A326F,-0.2417701780796051,6.854534149169922e-06,-0.12088166177272797,0.12088851630687714
C:\Users\gooud\AppData\Local\Temp\chimerax_rsv_input_nh8_3c1x\current_model_input_1.1_inference_prep.pdb,1ufm,A,A38G,A326G,-0.5689019560813904,-0.6090409755706787,-0.5889714956283569,-0.020069509744644165
C:\Users\gooud\AppData\Local\Temp\chimerax_rsv_input_nh8_3c1x\current_model_input_1.1_inference_prep.pdb,1ufm,A,A38H,A326H,-0.14773109555244446,-0.10626309365034103,-0.12699709832668304,0.020734000951051712
C:\Users\gooud\AppData\Local\Temp\chimerax_rsv_input_nh8_3c1x\current_model_input_1.1_inference_prep.pdb,1ufm,A,A38I,A326I,-0.10957347601652145,-0.018266648054122925,-0.06392006576061249,0.045653413981199265
C:\Users\gooud\AppData\Local\Temp\chimerax_rsv_input_nh8_3c1x\current_model_input_1.1_inference_prep.pdb,1ufm,A,A38K,A326K,0.3676200807094574,0.18883997201919556,0.2782300114631653,-0.08939005434513092
C:\Users\gooud\AppData\Local\Temp\chimerax_rsv_input_nh8_3c1x\current_model_input_1.1_inference_prep.pdb,1ufm,A,A38L,A326L,-0.04822298139333725,0.06521914899349213,0.008498083800077438,0.05672106519341469
C:\Users\gooud\AppData\Local\Temp\chimerax_rsv_input_nh8_3c1x\current_model_input_1.1_inference_prep.pdb,1ufm,A,A38M,A326M,-0.01987159252166748,0.029796108603477478,0.004962258040904999,0.02483385056257248
C:\Users\gooud\AppData\Local\Temp\chimerax_rsv_input_nh8_3c1x\current_model_input_1.1_inference_prep.pdb,1ufm,A,A38N,A326N,-0.06528591364622116,-0.22782933712005615,-0.14655762910842896,-0.0812717117369175
C:\Users\gooud\AppData\Local\Temp\chimerax_rsv_input_nh8_3c1x\current_model_input_1.1_inference_prep.pdb,1ufm,A,A38P,A326P,-2.369044542312622,-1.5649290084838867,-1.9669867753982544,0.4020577669143677
C:\Users\gooud\AppData\Local\Temp\chimerax_rsv_input_nh8_3c1x\current_model_input_1.1_inference_prep.pdb,1ufm,A,A38Q,A326Q,0.023876138031482697,-0.10960746556520462,-0.04286566376686096,-0.06674180179834366
C:\Users\gooud\AppData\Local\Temp\chimerax_rsv_input_nh8_3c1x\current_model_input_1.1_inference_prep.pdb,1ufm,A,A38R,A326R,0.38467511534690857,0.42129409313201904,0.402984619140625,0.018309488892555237
C:\Users\gooud\AppData\Local\Temp\chimerax_rsv_input_nh8_3c1x\current_model_input_1.1_inference_prep.pdb,1ufm,A,A38S,A326S,-0.1258952021598816,-0.24725551903247833,-0.18657535314559937,-0.06068015843629837
C:\Users\gooud\AppData\Local\Temp\chimerax_rsv_input_nh8_3c1x\current_model_input_1.1_inference_prep.pdb,1ufm,A,A38T,A326T,-0.26248955726623535,-0.2957664132118225,-0.27912798523902893,-0.01663842797279358
C:\Users\gooud\AppData\Local\Temp\chimerax_rsv_input_nh8_3c1x\current_model_input_1.1_inference_prep.pdb,1ufm,A,A38V,A326V,-0.2522469162940979,-0.22935819625854492,-0.2408025562763214,0.01144436001777649
C:\Users\gooud\AppData\Local\Temp\chimerax_rsv_input_nh8_3c1x\current_model_input_1.1_inference_prep.pdb,1ufm,A,A38W,A326W,-0.3983437418937683,0.01604267954826355,-0.19115053117275238,0.20719321072101593
C:\Users\gooud\AppData\Local\Temp\chimerax_rsv_input_nh8_3c1x\current_model_input_1.1_inference_prep.pdb,1ufm,A,A38Y,A326Y,-0.2267054319381714,-0.0543137826025486,-0.14050960540771484,0.0861958246678114
C:\Users\gooud\AppData\Local\Temp\chimerax_rsv_input_nh8_3c1x\current_model_input_1.1_inference_prep.pdb,1ufm,A,L39A,L327A,-0.9763985276222229,-0.9398699402809143,-0.9581342339515686,0.018264293670654297
C:\Users\gooud\AppData\Local\Temp\chimerax_rsv_input_nh8_3c1x\current_model_input_1.1_inference_prep.pdb,1ufm,A,L39C,L327C,-0.631841242313385,-0.2493167668581009,-0.44057899713516235,0.19126223772764206
C:\Users\gooud\AppData\Local\Temp\chimerax_rsv_input_nh8_3c1x\current_model_input_1.1_inference_prep.pdb,1ufm,A,L39D,L327D,-2.337451934814453,-1.7202280759811401,-2.0288400650024414,0.3086119294166565
C:\Users\gooud\AppData\Local\Temp\chimerax_rsv_input_nh8_3c1x\current_model_input_1.1_inference_prep.pdb,1ufm,A,L39E,L327E,-1.589996337890625,-1.3930778503417969,-1.491537094116211,0.09845924377441406
C:\Users\gooud\AppData\Local\Temp\chimerax_rsv_input_nh8_3c1x\current_model_input_1.1_inference_prep.pdb,1ufm,A,L39F,L327F,-0.11239049583673477,-0.09001768380403519,-0.10120408982038498,0.011186406016349792
C:\Users\gooud\AppData\Local\Temp\chimerax_rsv_input_nh8_3c1x\current_model_input_1.1_inference_prep.pdb,1ufm,A,L39G,L327G,-2.1206214427948,-1.5393542051315308,-1.8299877643585205,0.2906336188316345
C:\Users\gooud\AppData\Local\Temp\chimerax_rsv_input_nh8_3c1x\current_model_input_1.1_inference_prep.pdb,1ufm,A,L39H,L327H,-0.9024397730827332,-0.8013901114463806,-0.8519149422645569,0.05052483081817627
C:\Users\gooud\AppData\Local\Temp\chimerax_rsv_input_nh8_3c1x\current_model_input_1.1_inference_prep.pdb,1ufm,A,L39I,L327I,0.097690150141716,-0.1168951541185379,-0.00960250198841095,-0.10729265213012695
C:\Users\gooud\AppData\Local\Temp\chimerax_rsv_input_nh8_3c1x\current_model_input_1.1_inference_prep.pdb,1ufm,A,L39K,L327K,-0.8726298809051514,-0.9345483779907227,-0.903589129447937,-0.030959248542785645
C:\Users\gooud\AppData\Local\Temp\chimerax_rsv_input_nh8_3c1x\current_model_input_1.1_inference_prep.pdb,1ufm,A,L39M,L327M,-0.0885213240981102,-0.20691314339637756,-0.14771723747253418,-0.05919590964913368
C:\Users\gooud\AppData\Local\Temp\chimerax_rsv_input_nh8_3c1x\current_model_input_1.1_inference_prep.pdb,1ufm,A,L39N,L327N,-1.750685453414917,-1.3708468675613403,-1.5607662200927734,0.18991929292678833
C:\Users\gooud\AppData\Local\Temp\chimerax_rsv_input_nh8_3c1x\current_model_input_1.1_inference_prep.pdb,1ufm,A,L39P,L327P,-3.5396602153778076,-2.0733301639556885,-2.806495189666748,0.7331650257110596
C:\Users\gooud\AppData\Local\Temp\chimerax_rsv_input_nh8_3c1x\current_model_input_1.1_inference_prep.pdb,1ufm,A,L39Q,L327Q,-1.14634108543396,-1.0704412460327148,-1.1083911657333374,0.03794991970062256
C:\Users\gooud\AppData\Local\Temp\chimerax_rsv_input_nh8_3c1x\current_model_input_1.1_inference_prep.pdb,1ufm,A,L39R,L327R,-0.8872697949409485,-0.8542950749397278,-0.8707824349403381,0.01648736000061035
C:\Users\gooud\AppData\Local\Temp\chimerax_rsv_input_nh8_3c1x\current_model_input_1.1_inference_prep.pdb,1ufm,A,L39S,L327S,-1.553469181060791,-1.242155909538269,-1.3978126049041748,0.155656635761261
C:\Users\gooud\AppData\Local\Temp\chimerax_rsv_input_nh8_3c1x\current_model_input_1.1_inference_prep.pdb,1ufm,A,L39T,L327T,-1.538649082183838,-1.1500415802001953,-1.3443453311920166,0.1943037509918213
C:\Users\gooud\AppData\Local\Temp\chimerax_rsv_input_nh8_3c1x\current_model_input_1.1_inference_prep.pdb,1ufm,A,L39V,L327V,-0.7528203725814819,-0.6655706763267517,-0.7091954946517944,0.04362484812736511
C:\Users\gooud\AppData\Local\Temp\chimerax_rsv_input_nh8_3c1x\current_model_input_1.1_inference_prep.pdb,1ufm,A,L39W,L327W,-0.488361120223999,-0.20646439492702484,-0.34741276502609253,0.1409483626484871
C:\Users\gooud\AppData\Local\Temp\chimerax_rsv_input_nh8_3c1x\current_model_input_1.1_inference_prep.pdb,1ufm,A,L39Y,L327Y,-0.29251977801322937,-0.21135035157203674,-0.25193506479263306,0.040584713220596313
C:\Users\gooud\AppData\Local\Temp\chimerax_rsv_input_nh8_3c1x\current_model_input_1.1_inference_prep.pdb,1ufm,A,L40A,L328A,-1.6872822046279907,-0.9340636134147644,-1.3106728792190552,0.37660929560661316
C:\Users\gooud\AppData\Local\Temp\chimerax_rsv_input_nh8_3c1x\current_model_input_1.1_inference_prep.pdb,1ufm,A,L40C,L328C,-0.41377946734428406,-0.07747724652290344,-0.24562835693359375,0.1681511104106903
C:\Users\gooud\AppData\Local\Temp\chimerax_rsv_input_nh8_3c1x\current_model_input_1.1_inference_prep.pdb,1ufm,A,L40D,L328D,-2.98907208442688,-1.9260711669921875,-2.457571506500244,0.5315004587173462
C:\Users\gooud\AppData\Local\Temp\chimerax_rsv_input_nh8_3c1x\current_model_input_1.1_inference_prep.pdb,1ufm,A,L40E,L328E,-2.8313987255096436,-1.9153538942337036,-2.3733763694763184,0.45802241563796997
C:\Users\gooud\AppData\Local\Temp\chimerax_rsv_input_nh8_3c1x\current_model_input_1.1_inference_prep.pdb,1ufm,A,L40F,L328F,-1.2093145847320557,-0.909598708152771,-1.0594565868377686,0.14985793828964233
C:\Users\gooud\AppData\Local\Temp\chimerax_rsv_input_nh8_3c1x\current_model_input_1.1_inference_prep.pdb,1ufm,A,L40G,L328G,-2.274263858795166,-1.6554369926452637,-1.9648504257202148,0.30941343307495117
C:\Users\gooud\AppData\Local\Temp\chimerax_rsv_input_nh8_3c1x\current_model_input_1.1_inference_prep.pdb,1ufm,A,L40H,L328H,-2.7047877311706543,-1.8945527076721191,-2.2996702194213867,0.4051175117492676
C:\Users\gooud\AppData\Local\Temp\chimerax_rsv_input_nh8_3c1x\current_model_input_1.1_inference_prep.pdb,1ufm,A,L40I,L328I,-0.7053936719894409,-0.5738117098808289,-0.6396026611328125,0.06579098105430603
C:\Users\gooud\AppData\Local\Temp\chimerax_rsv_input_nh8_3c1x\current_model_input_1.1_inference_prep.pdb,1ufm,A,L40K,L328K,-3.1557748317718506,-1.9546922445297241,-2.5552334785461426,0.6005412936210632
C:\Users\gooud\AppData\Local\Temp\chimerax_rsv_input_nh8_3c1x\current_model_input_1.1_inference_prep.pdb,1ufm,A,L40M,L328M,-0.6722465753555298,-0.4887530207633972,-0.5804997682571411,0.09174677729606628
C:\Users\gooud\AppData\Local\Temp\chimerax_rsv_input_nh8_3c1x\current_model_input_1.1_inference_prep.pdb,1ufm,A,L40N,L328N,-2.416140079498291,-1.686381459236145,-2.0512607097625732,0.364879310131073
C:\Users\gooud\AppData\Local\Temp\chimerax_rsv_input_nh8_3c1x\current_model_input_1.1_inference_prep.pdb,1ufm,A,L40P,L328P,-2.853942632675171,-1.8818720579147339,-2.3679072856903076,0.4860352873802185
C:\Users\gooud\AppData\Local\Temp\chimerax_rsv_input_nh8_3c1x\current_model_input_1.1_inference_prep.pdb,1ufm,A,L40Q,L328Q,-2.8940396308898926,-1.9780820608139038,-2.436060905456543,0.4579787850379944
C:\Users\gooud\AppData\Local\Temp\chimerax_rsv_input_nh8_3c1x\current_model_input_1.1_inference_prep.pdb,1ufm,A,L40R,L328R,-3.077342987060547,-1.998947024345398,-2.538145065307617,0.5391979813575745
C:\Users\gooud\AppData\Local\Temp\chimerax_rsv_input_nh8_3c1x\current_model_input_1.1_inference_prep.pdb,1ufm,A,L40S,L328S,-2.1054234504699707,-1.3658169507980347,-1.7356202602386475,0.369803249835968
C:\Users\gooud\AppData\Local\Temp\chimerax_rsv_input_nh8_3c1x\current_model_input_1.1_inference_prep.pdb,1ufm,A,L40T,L328T,-1.6080615520477295,-1.2092483043670654,-1.4086549282073975,0.19940662384033203
C:\Users\gooud\AppData\Local\Temp\chimerax_rsv_input_nh8_3c1x\current_model_input_1.1_inference_prep.pdb,1ufm,A,L40V,L328V,-1.2523038387298584,-0.7248961925506592,-0.9886000156402588,0.2637038230895996
C:\Users\gooud\AppData\Local\Temp\chimerax_rsv_input_nh8_3c1x\current_model_input_1.1_inference_prep.pdb,1ufm,A,L40W,L328W,-1.2738467454910278,-1.2527408599853516,-1.263293743133545,0.010552942752838135
C:\Users\gooud\AppData\Local\Temp\chimerax_rsv_input_nh8_3c1x\current_model_input_1.1_inference_prep.pdb,1ufm,A,L40Y,L328Y,-1.8126076459884644,-1.6216402053833008,-1.7171239852905273,0.09548372030258179
C:\Users\gooud\AppData\Local\Temp\chimerax_rsv_input_nh8_3c1x\current_model_input_1.1_inference_prep.pdb,1ufm,A,E41A,E329A,-0.04544193297624588,0.01350046694278717,-0.015970733016729355,0.029471199959516525
C:\Users\gooud\AppData\Local\Temp\chimerax_rsv_input_nh8_3c1x\current_model_input_1.1_inference_prep.pdb,1ufm,A,E41C,E329C,0.6180363297462463,0.6392409205436707,0.6286386251449585,0.010602295398712158
C:\Users\gooud\AppData\Local\Temp\chimerax_rsv_input_nh8_3c1x\current_model_input_1.1_inference_prep.pdb,1ufm,A,E41D,E329D,-0.08098114281892776,-0.09067796170711517,-0.08582955598831177,-0.004848409444093704
C:\Users\gooud\AppData\Local\Temp\chimerax_rsv_input_nh8_3c1x\current_model_input_1.1_inference_prep.pdb,1ufm,A,E41F,E329F,0.0037773549556732178,0.24572372436523438,0.1247505396604538,0.12097318470478058
C:\Users\gooud\AppData\Local\Temp\chimerax_rsv_input_nh8_3c1x\current_model_input_1.1_inference_prep.pdb,1ufm,A,E41G,E329G,1.0676405429840088,0.851806104183197,0.9597233533859253,-0.10791721940040588
C:\Users\gooud\AppData\Local\Temp\chimerax_rsv_input_nh8_3c1x\current_model_input_1.1_inference_prep.pdb,1ufm,A,E41H,E329H,0.2367585301399231,0.31658822298049927,0.2766733765602112,0.039914846420288086
C:\Users\gooud\AppData\Local\Temp\chimerax_rsv_input_nh8_3c1x\current_model_input_1.1_inference_prep.pdb,1ufm,A,E41I,E329I,-0.7923972606658936,-0.2741771340370178,-0.5332871675491333,0.25911006331443787
C:\Users\gooud\AppData\Local\Temp\chimerax_rsv_input_nh8_3c1x\current_model_input_1.1_inference_prep.pdb,1ufm,A,E41K,E329K,0.2520776689052582,0.1870228350162506,0.2195502519607544,-0.032527416944503784
C:\Users\gooud\AppData\Local\Temp\chimerax_rsv_input_nh8_3c1x\current_model_input_1.1_inference_prep.pdb,1ufm,A,E41L,E329L,-0.027865543961524963,0.15875518321990967,0.06544481962919235,0.09331036359071732
C:\Users\gooud\AppData\Local\Temp\chimerax_rsv_input_nh8_3c1x\current_model_input_1.1_inference_prep.pdb,1ufm,A,E41M,E329M,0.19298404455184937,0.20752012729644775,0.20025208592414856,0.007268041372299194
C:\Users\gooud\AppData\Local\Temp\chimerax_rsv_input_nh8_3c1x\current_model_input_1.1_inference_prep.pdb,1ufm,A,E41N,E329N,0.47710469365119934,0.3216165006160736,0.3993605971336365,-0.07774409651756287
C:\Users\gooud\AppData\Local\Temp\chimerax_rsv_input_nh8_3c1x\current_model_input_1.1_inference_prep.pdb,1ufm,A,E41P,E329P,-1.799796223640442,-0.8772445917129517,-1.3385204076766968,0.4612758159637451
C:\Users\gooud\AppData\Local\Temp\chimerax_rsv_input_nh8_3c1x\current_model_input_1.1_inference_prep.pdb,1ufm,A,E41Q,E329Q,0.3814639449119568,0.20795193314552307,0.2947079539299011,-0.08675600588321686
C:\Users\gooud\AppData\Local\Temp\chimerax_rsv_input_nh8_3c1x\current_model_input_1.1_inference_prep.pdb,1ufm,A,E41R,E329R,0.08723585307598114,0.1608840823173523,0.12405996769666672,0.03682411462068558
C:\Users\gooud\AppData\Local\Temp\chimerax_rsv_input_nh8_3c1x\current_model_input_1.1_inference_prep.pdb,1ufm,A,E41S,E329S,0.03417561948299408,0.07576294243335724,0.05496928095817566,0.02079366147518158
C:\Users\gooud\AppData\Local\Temp\chimerax_rsv_input_nh8_3c1x\current_model_input_1.1_inference_prep.pdb,1ufm,A,E41T,E329T,-0.5832239985466003,-0.29397130012512207,-0.4385976493358612,0.14462634921073914
C:\Users\gooud\AppData\Local\Temp\chimerax_rsv_input_nh8_3c1x\current_model_input_1.1_inference_prep.pdb,1ufm,A,E41V,E329V,-0.7621638774871826,-0.2822669744491577,-0.5222154259681702,0.23994845151901245
C:\Users\gooud\AppData\Local\Temp\chimerax_rsv_input_nh8_3c1x\current_model_input_1.1_inference_prep.pdb,1ufm,A,E41W,E329W,-0.40761440992355347,0.034908637404441833,-0.18635287880897522,0.22126152366399765
C:\Users\gooud\AppData\Local\Temp\chimerax_rsv_input_nh8_3c1x\current_model_input_1.1_inference_prep.pdb,1ufm,A,E41Y,E329Y,-0.19035059213638306,0.10347984731197357,-0.04343537241220474,0.14691521972417831
C:\Users\gooud\AppData\Local\Temp\chimerax_rsv_input_nh8_3c1x\current_model_input_1.1_inference_prep.pdb,1ufm,A,I42A,I330A,-1.7711498737335205,-1.2587205171585083,-1.5149352550506592,0.2562146782875061
C:\Users\gooud\AppData\Local\Temp\chimerax_rsv_input_nh8_3c1x\current_model_input_1.1_inference_prep.pdb,1ufm,A,I42C,I330C,-0.76390540599823,-0.7431922554969788,-0.7535488605499268,0.01035657525062561
C:\Users\gooud\AppData\Local\Temp\chimerax_rsv_input_nh8_3c1x\current_model_input_1.1_inference_prep.pdb,1ufm,A,I42D,I330D,-2.6001460552215576,-1.9872313737869263,-2.2936887741088867,0.3064573407173157
C:\Users\gooud\AppData\Local\Temp\chimerax_rsv_input_nh8_3c1x\current_model_input_1.1_inference_prep.pdb,1ufm,A,I42E,I330E,-2.0823752880096436,-1.7253299951553345,-1.9038527011871338,0.17852264642715454
C:\Users\gooud\AppData\Local\Temp\chimerax_rsv_input_nh8_3c1x\current_model_input_1.1_inference_prep.pdb,1ufm,A,I42F,I330F,-1.378258228302002,-1.1312806606292725,-1.2547694444656372,0.12348878383636475
C:\Users\gooud\AppData\Local\Temp\chimerax_rsv_input_nh8_3c1x\current_model_input_1.1_inference_prep.pdb,1ufm,A,I42G,I330G,-2.1821701526641846,-1.4867171049118042,-1.8344435691833496,0.3477265238761902
C:\Users\gooud\AppData\Local\Temp\chimerax_rsv_input_nh8_3c1x\current_model_input_1.1_inference_prep.pdb,1ufm,A,I42H,I330H,-2.3989033699035645,-1.6677495241165161,-2.0333263874053955,0.36557692289352417
C:\Users\gooud\AppData\Local\Temp\chimerax_rsv_input_nh8_3c1x\current_model_input_1.1_inference_prep.pdb,1ufm,A,I42K,I330K,-2.5963363647460938,-2.0108981132507324,-2.303617238998413,0.29271912574768066
C:\Users\gooud\AppData\Local\Temp\chimerax_rsv_input_nh8_3c1x\current_model_input_1.1_inference_prep.pdb,1ufm,A,I42L,I330L,-0.36145010590553284,-0.19405041635036469,-0.27775025367736816,0.08369984477758408
C:\Users\gooud\AppData\Local\Temp\chimerax_rsv_input_nh8_3c1x\current_model_input_1.1_inference_prep.pdb,1ufm,A,I42M,I330M,-0.5262996554374695,-0.6507784128189087,-0.5885390043258667,-0.062239378690719604
C:\Users\gooud\AppData\Local\Temp\chimerax_rsv_input_nh8_3c1x\current_model_input_1.1_inference_prep.pdb,1ufm,A,I42N,I330N,-2.513559579849243,-1.802518606185913,-2.158039093017578,0.35552048683166504
C:\Users\gooud\AppData\Local\Temp\chimerax_rsv_input_nh8_3c1x\current_model_input_1.1_inference_prep.pdb,1ufm,A,I42P,I330P,-3.1591761112213135,-2.0362443923950195,-2.597710132598877,0.561465859413147
C:\Users\gooud\AppData\Local\Temp\chimerax_rsv_input_nh8_3c1x\current_model_input_1.1_inference_prep.pdb,1ufm,A,I42Q,I330Q,-2.084491491317749,-1.6528013944625854,-1.8686463832855225,0.2158450484275818
C:\Users\gooud\AppData\Local\Temp\chimerax_rsv_input_nh8_3c1x\current_model_input_1.1_inference_prep.pdb,1ufm,A,I42R,I330R,-2.6818363666534424,-1.9484589099884033,-2.315147638320923,0.36668872833251953
C:\Users\gooud\AppData\Local\Temp\chimerax_rsv_input_nh8_3c1x\current_model_input_1.1_inference_prep.pdb,1ufm,A,I42S,I330S,-2.208857536315918,-1.5762308835983276,-1.8925442695617676,0.31631332635879517
C:\Users\gooud\AppData\Local\Temp\chimerax_rsv_input_nh8_3c1x\current_model_input_1.1_inference_prep.pdb,1ufm,A,I42T,I330T,-1.611824870109558,-1.1607049703598022,-1.3862649202346802,0.22555994987487793
C:\Users\gooud\AppData\Local\Temp\chimerax_rsv_input_nh8_3c1x\current_model_input_1.1_inference_prep.pdb,1ufm,A,I42V,I330V,-0.5634031295776367,-0.5703170895576477,-0.5668600797653198,-0.003456979990005493
C:\Users\gooud\AppData\Local\Temp\chimerax_rsv_input_nh8_3c1x\current_model_input_1.1_inference_prep.pdb,1ufm,A,I42W,I330W,-1.2265263795852661,-1.1465314626693726,-1.1865289211273193,0.03999745845794678
C:\Users\gooud\AppData\Local\Temp\chimerax_rsv_input_nh8_3c1x\current_model_input_1.1_inference_prep.pdb,1ufm,A,I42Y,I330Y,-1.7243582010269165,-1.2241326570510864,-1.4742454290390015,0.25011277198791504
C:\Users\gooud\AppData\Local\Temp\chimerax_rsv_input_nh8_3c1x\current_model_input_1.1_inference_prep.pdb,1ufm,A,P43A,P331A,-0.6232803463935852,-0.4503389298915863,-0.5368096232414246,0.08647070825099945
C:\Users\gooud\AppData\Local\Temp\chimerax_rsv_input_nh8_3c1x\current_model_input_1.1_inference_prep.pdb,1ufm,A,P43C,P331C,-0.1547814905643463,-0.06394708156585693,-0.10936428606510162,0.04541720449924469
C:\Users\gooud\AppData\Local\Temp\chimerax_rsv_input_nh8_3c1x\current_model_input_1.1_inference_prep.pdb,1ufm,A,P43D,P331D,-0.013799518346786499,-0.02486182004213333,-0.019330669194459915,-0.005531150847673416
C:\Users\gooud\AppData\Local\Temp\chimerax_rsv_input_nh8_3c1x\current_model_input_1.1_inference_prep.pdb,1ufm,A,P43E,P331E,-0.4356383681297302,-0.3056684136390686,-0.3706533908843994,0.06498497724533081
C:\Users\gooud\AppData\Local\Temp\chimerax_rsv_input_nh8_3c1x\current_model_input_1.1_inference_prep.pdb,1ufm,A,P43F,P331F,-1.2662181854248047,-0.6334516406059265,-0.949834942817688,0.3163832724094391
C:\Users\gooud\AppData\Local\Temp\chimerax_rsv_input_nh8_3c1x\current_model_input_1.1_inference_prep.pdb,1ufm,A,P43G,P331G,-0.622232973575592,-0.4272051751613617,-0.5247190594673157,0.09751389920711517
C:\Users\gooud\AppData\Local\Temp\chimerax_rsv_input_nh8_3c1x\current_model_input_1.1_inference_prep.pdb,1ufm,A,P43H,P331H,-0.6331455111503601,-0.27630722522735596,-0.45472636818885803,0.17841914296150208
C:\Users\gooud\AppData\Local\Temp\chimerax_rsv_input_nh8_3c1x\current_model_input_1.1_inference_prep.pdb,1ufm,A,P43I,P331I,-1.216390609741211,-0.5857038497924805,-0.9010472297668457,0.31534337997436523
C:\Users\gooud\AppData\Local\Temp\chimerax_rsv_input_nh8_3c1x\current_model_input_1.1_inference_prep.pdb,1ufm,A,P43K,P331K,-0.9269225597381592,-0.5188391208648682,-0.7228808403015137,0.2040417194366455
C:\Users\gooud\AppData\Local\Temp\chimerax_rsv_input_nh8_3c1x\current_model_input_1.1_inference_prep.pdb,1ufm,A,P43L,P331L,-0.9935838580131531,-0.529084324836731,-0.7613340616226196,0.23224976658821106
C:\Users\gooud\AppData\Local\Temp\chimerax_rsv_input_nh8_3c1x\current_model_input_1.1_inference_prep.pdb,1ufm,A,P43M,P331M,-1.2012498378753662,-0.7072768211364746,-0.9542633295059204,0.2469865083694458
C:\Users\gooud\AppData\Local\Temp\chimerax_rsv_input_nh8_3c1x\current_model_input_1.1_inference_prep.pdb,1ufm,A,P43N,P331N,-0.4348302483558655,-0.3061148226261139,-0.3704725503921509,0.0643577128648758
C:\Users\gooud\AppData\Local\Temp\chimerax_rsv_input_nh8_3c1x\current_model_input_1.1_inference_prep.pdb,1ufm,A,P43Q,P331Q,-0.8409526944160461,-0.5286462306976318,-0.6847994327545166,0.15615323185920715
C:\Users\gooud\AppData\Local\Temp\chimerax_rsv_input_nh8_3c1x\current_model_input_1.1_inference_prep.pdb,1ufm,A,P43R,P331R,-0.9786683917045593,-0.650208592414856,-0.8144384622573853,0.16422989964485168
C:\Users\gooud\AppData\Local\Temp\chimerax_rsv_input_nh8_3c1x\current_model_input_1.1_inference_prep.pdb,1ufm,A,P43S,P331S,0.0327320322394371,0.2588236927986145,0.1457778662443161,0.1130458302795887
C:\Users\gooud\AppData\Local\Temp\chimerax_rsv_input_nh8_3c1x\current_model_input_1.1_inference_prep.pdb,1ufm,A,P43T,P331T,-0.09419476240873337,0.2652479112148285,0.08552657067775726,0.17972133681178093
C:\Users\gooud\AppData\Local\Temp\chimerax_rsv_input_nh8_3c1x\current_model_input_1.1_inference_prep.pdb,1ufm,A,P43V,P331V,-1.1518058776855469,-0.5899510383605957,-0.8708784580230713,0.2809274196624756
C:\Users\gooud\AppData\Local\Temp\chimerax_rsv_input_nh8_3c1x\current_model_input_1.1_inference_prep.pdb,1ufm,A,P43W,P331W,-1.3694543838500977,-0.6875002384185791,-1.0284773111343384,0.3409770727157593
C:\Users\gooud\AppData\Local\Temp\chimerax_rsv_input_nh8_3c1x\current_model_input_1.1_inference_prep.pdb,1ufm,A,P43Y,P331Y,-1.2733217477798462,-0.6508148908615112,-0.9620683193206787,0.3112534284591675
C:\Users\gooud\AppData\Local\Temp\chimerax_rsv_input_nh8_3c1x\current_model_input_1.1_inference_prep.pdb,1ufm,A,A44C,A332C,-0.42707979679107666,-0.2754972577095032,-0.3512885272502899,0.07579126954078674
C:\Users\gooud\AppData\Local\Temp\chimerax_rsv_input_nh8_3c1x\current_model_input_1.1_inference_prep.pdb,1ufm,A,A44D,A332D,-1.4240003824234009,-1.0401583909988403,-1.2320793867111206,0.19192099571228027
C:\Users\gooud\AppData\Local\Temp\chimerax_rsv_input_nh8_3c1x\current_model_input_1.1_inference_prep.pdb,1ufm,A,A44E,A332E,-0.9028120040893555,-0.7291160225868225,-0.8159639835357666,0.08684799075126648
C:\Users\gooud\AppData\Local\Temp\chimerax_rsv_input_nh8_3c1x\current_model_input_1.1_inference_prep.pdb,1ufm,A,A44F,A332F,-0.3831370770931244,-0.23959031701087952,-0.31136369705200195,0.07177338004112244
C:\Users\gooud\AppData\Local\Temp\chimerax_rsv_input_nh8_3c1x\current_model_input_1.1_inference_prep.pdb,1ufm,A,A44G,A332G,-0.7348593473434448,-0.6991357207298279,-0.716997504234314,0.01786181330680847
C:\Users\gooud\AppData\Local\Temp\chimerax_rsv_input_nh8_3c1x\current_model_input_1.1_inference_prep.pdb,1ufm,A,A44H,A332H,-0.5335710048675537,-0.5097248554229736,-0.5216479301452637,0.011923074722290039
C:\Users\gooud\AppData\Local\Temp\chimerax_rsv_input_nh8_3c1x\current_model_input_1.1_inference_prep.pdb,1ufm,A,A44I,A332I,0.03207782283425331,-0.10385006666183472,-0.03588612377643585,-0.06796394474804401
C:\Users\gooud\AppData\Local\Temp\chimerax_rsv_input_nh8_3c1x\current_model_input_1.1_inference_prep.pdb,1ufm,A,A44K,A332K,-0.16074851155281067,-0.1502898931503296,-0.15551920235157013,0.0052293092012405396
C:\Users\gooud\AppData\Local\Temp\chimerax_rsv_input_nh8_3c1x\current_model_input_1.1_inference_prep.pdb,1ufm,A,A44L,A332L,-0.3025631010532379,-0.3249562382698059,-0.3137596845626831,-0.011196568608283997
C:\Users\gooud\AppData\Local\Temp\chimerax_rsv_input_nh8_3c1x\current_model_input_1.1_inference_prep.pdb,1ufm,A,A44M,A332M,-0.32735347747802734,-0.2787027657032013,-0.3030281066894531,0.024325355887413025
C:\Users\gooud\AppData\Local\Temp\chimerax_rsv_input_nh8_3c1x\current_model_input_1.1_inference_prep.pdb,1ufm,A,A44N,A332N,-0.7754755616188049,-0.7091054320335388,-0.7422904968261719,0.03318506479263306
C:\Users\gooud\AppData\Local\Temp\chimerax_rsv_input_nh8_3c1x\current_model_input_1.1_inference_prep.pdb,1ufm,A,A44P,A332P,-0.07685152441263199,-0.20637327432632446,-0.14161239564418793,-0.06476087495684624
C:\Users\gooud\AppData\Local\Temp\chimerax_rsv_input_nh8_3c1x\current_model_input_1.1_inference_prep.pdb,1ufm,A,A44Q,A332Q,-0.5109831690788269,-0.44469889998435974,-0.47784101963043213,0.03314213454723358
C:\Users\gooud\AppData\Local\Temp\chimerax_rsv_input_nh8_3c1x\current_model_input_1.1_inference_prep.pdb,1ufm,A,A44R,A332R,-0.06345810741186142,-0.037017591297626495,-0.05023784935474396,0.013220258057117462
C:\Users\gooud\AppData\Local\Temp\chimerax_rsv_input_nh8_3c1x\current_model_input_1.1_inference_prep.pdb,1ufm,A,A44S,A332S,-0.25433143973350525,-0.33840739727020264,-0.29636943340301514,-0.042037978768348694
C:\Users\gooud\AppData\Local\Temp\chimerax_rsv_input_nh8_3c1x\current_model_input_1.1_inference_prep.pdb,1ufm,A,A44T,A332T,-0.31230664253234863,-0.3812854588031769,-0.34679603576660156,-0.034489408135414124
C:\Users\gooud\AppData\Local\Temp\chimerax_rsv_input_nh8_3c1x\current_model_input_1.1_inference_prep.pdb,1ufm,A,A44V,A332V,0.025151602923870087,-0.19110062718391418,-0.08297450840473175,-0.10812611505389214
C:\Users\gooud\AppData\Local\Temp\chimerax_rsv_input_nh8_3c1x\current_model_input_1.1_inference_prep.pdb,1ufm,A,A44W,A332W,0.04011989384889603,-0.10574644058942795,-0.03281327337026596,-0.07293316721916199
C:\Users\gooud\AppData\Local\Temp\chimerax_rsv_input_nh8_3c1x\current_model_input_1.1_inference_prep.pdb,1ufm,A,A44Y,A332Y,-0.2379968762397766,-0.2502971887588501,-0.24414703249931335,-0.006150156259536743
C:\Users\gooud\AppData\Local\Temp\chimerax_rsv_input_nh8_3c1x\current_model_input_1.1_inference_prep.pdb,1ufm,A,A45C,A333C,0.25416305661201477,0.21454373002052307,0.23435339331626892,-0.01980966329574585
C:\Users\gooud\AppData\Local\Temp\chimerax_rsv_input_nh8_3c1x\current_model_input_1.1_inference_prep.pdb,1ufm,A,A45D,A333D,0.1503363698720932,0.0031268149614334106,0.0767315924167633,-0.0736047774553299
C:\Users\gooud\AppData\Local\Temp\chimerax_rsv_input_nh8_3c1x\current_model_input_1.1_inference_prep.pdb,1ufm,A,A45E,A333E,0.15354590117931366,-0.019467227160930634,0.06703934073448181,-0.08650656417012215
C:\Users\gooud\AppData\Local\Temp\chimerax_rsv_input_nh8_3c1x\current_model_input_1.1_inference_prep.pdb,1ufm,A,A45F,A333F,-0.27011439204216003,-0.15743371844291687,-0.21377405524253845,0.05634033679962158
C:\Users\gooud\AppData\Local\Temp\chimerax_rsv_input_nh8_3c1x\current_model_input_1.1_inference_prep.pdb,1ufm,A,A45G,A333G,-0.3690986931324005,-0.312529981136322,-0.34081435203552246,0.028284355998039246
C:\Users\gooud\AppData\Local\Temp\chimerax_rsv_input_nh8_3c1x\current_model_input_1.1_inference_prep.pdb,1ufm,A,A45H,A333H,-0.14039474725723267,-0.00433475524187088,-0.07236474752426147,0.06802999600768089
C:\Users\gooud\AppData\Local\Temp\chimerax_rsv_input_nh8_3c1x\current_model_input_1.1_inference_prep.pdb,1ufm,A,A45I,A333I,-0.2877613604068756,-0.26146429777145386,-0.2746128439903259,0.013148531317710876
C:\Users\gooud\AppData\Local\Temp\chimerax_rsv_input_nh8_3c1x\current_model_input_1.1_inference_prep.pdb,1ufm,A,A45K,A333K,-0.15303930640220642,-0.19695453345775604,-0.17499691247940063,-0.02195761352777481
C:\Users\gooud\AppData\Local\Temp\chimerax_rsv_input_nh8_3c1x\current_model_input_1.1_inference_prep.pdb,1ufm,A,A45L,A333L,-0.33654332160949707,-0.19142691791057587,-0.26398512721061707,0.0725582018494606
C:\Users\gooud\AppData\Local\Temp\chimerax_rsv_input_nh8_3c1x\current_model_input_1.1_inference_prep.pdb,1ufm,A,A45M,A333M,-0.4462655186653137,-0.3529728353023529,-0.3996191620826721,0.04664634168148041
C:\Users\gooud\AppData\Local\Temp\chimerax_rsv_input_nh8_3c1x\current_model_input_1.1_inference_prep.pdb,1ufm,A,A45N,A333N,-0.2867578864097595,-0.2288457453250885,-0.2578018307685852,0.02895607054233551
C:\Users\gooud\AppData\Local\Temp\chimerax_rsv_input_nh8_3c1x\current_model_input_1.1_inference_prep.pdb,1ufm,A,A45P,A333P,-0.6561858654022217,-0.7004005312919617,-0.6782932281494141,-0.022107332944869995
C:\Users\gooud\AppData\Local\Temp\chimerax_rsv_input_nh8_3c1x\current_model_input_1.1_inference_prep.pdb,1ufm,A,A45Q,A333Q,-0.19383403658866882,-0.23849371075630188,-0.21616387367248535,-0.02232983708381653
C:\Users\gooud\AppData\Local\Temp\chimerax_rsv_input_nh8_3c1x\current_model_input_1.1_inference_prep.pdb,1ufm,A,A45R,A333R,-0.17249640822410583,-0.23186209797859192,-0.20217925310134888,-0.029682844877243042
C:\Users\gooud\AppData\Local\Temp\chimerax_rsv_input_nh8_3c1x\current_model_input_1.1_inference_prep.pdb,1ufm,A,A45S,A333S,0.11198210716247559,-0.12673631310462952,-0.007377102971076965,-0.11935921013355255
C:\Users\gooud\AppData\Local\Temp\chimerax_rsv_input_nh8_3c1x\current_model_input_1.1_inference_prep.pdb,1ufm,A,A45T,A333T,-0.14970850944519043,-0.2533983886241913,-0.20155344903469086,-0.05184493958950043
C:\Users\gooud\AppData\Local\Temp\chimerax_rsv_input_nh8_3c1x\current_model_input_1.1_inference_prep.pdb,1ufm,A,A45V,A333V,-0.2795221507549286,-0.30788639187812805,-0.2937042713165283,-0.014182120561599731
C:\Users\gooud\AppData\Local\Temp\chimerax_rsv_input_nh8_3c1x\current_model_input_1.1_inference_prep.pdb,1ufm,A,A45W,A333W,0.21420419216156006,0.25340768694877625,0.23380593955516815,0.019601747393608093
C:\Users\gooud\AppData\Local\Temp\chimerax_rsv_input_nh8_3c1x\current_model_input_1.1_inference_prep.pdb,1ufm,A,A45Y,A333Y,-0.12450400739908218,0.023615196347236633,-0.050444405525922775,0.07405960187315941
C:\Users\gooud\AppData\Local\Temp\chimerax_rsv_input_nh8_3c1x\current_model_input_1.1_inference_prep.pdb,1ufm,A,K46A,K334A,0.5853723287582397,0.32652485370635986,0.4559485912322998,-0.12942373752593994
C:\Users\gooud\AppData\Local\Temp\chimerax_rsv_input_nh8_3c1x\current_model_input_1.1_inference_prep.pdb,1ufm,A,K46C,K334C,1.1189813613891602,0.852384626865387,0.9856829643249512,-0.1332983672618866
C:\Users\gooud\AppData\Local\Temp\chimerax_rsv_input_nh8_3c1x\current_model_input_1.1_inference_prep.pdb,1ufm,A,K46D,K334D,0.7554085850715637,0.3287544846534729,0.5420815348625183,-0.2133270502090454
C:\Users\gooud\AppData\Local\Temp\chimerax_rsv_input_nh8_3c1x\current_model_input_1.1_inference_prep.pdb,1ufm,A,K46E,K334E,1.3233288526535034,0.6804668307304382,1.0018978118896484,-0.3214310109615326
C:\Users\gooud\AppData\Local\Temp\chimerax_rsv_input_nh8_3c1x\current_model_input_1.1_inference_prep.pdb,1ufm,A,K46F,K334F,0.9752702116966248,0.7622998952865601,0.86878502368927,-0.10648515820503235
C:\Users\gooud\AppData\Local\Temp\chimerax_rsv_input_nh8_3c1x\current_model_input_1.1_inference_prep.pdb,1ufm,A,K46G,K334G,-0.5599050521850586,-0.2466212660074234,-0.4032631516456604,0.1566418930888176
C:\Users\gooud\AppData\Local\Temp\chimerax_rsv_input_nh8_3c1x\current_model_input_1.1_inference_prep.pdb,1ufm,A,K46H,K334H,0.27167871594429016,0.15524429082870483,0.2134615033864975,-0.058217212557792664
C:\Users\gooud\AppData\Local\Temp\chimerax_rsv_input_nh8_3c1x\current_model_input_1.1_inference_prep.pdb,1ufm,A,K46I,K334I,1.2454447746276855,0.8508939146995544,1.0481693744659424,-0.19727542996406555
C:\Users\gooud\AppData\Local\Temp\chimerax_rsv_input_nh8_3c1x\current_model_input_1.1_inference_prep.pdb,1ufm,A,K46L,K334L,1.3741782903671265,0.9514181613922119,1.1627981662750244,-0.21138006448745728
C:\Users\gooud\AppData\Local\Temp\chimerax_rsv_input_nh8_3c1x\current_model_input_1.1_inference_prep.pdb,1ufm,A,K46M,K334M,1.080276608467102,0.75637286901474,0.9183247089385986,-0.16195186972618103
C:\Users\gooud\AppData\Local\Temp\chimerax_rsv_input_nh8_3c1x\current_model_input_1.1_inference_prep.pdb,1ufm,A,K46N,K334N,-0.16458478569984436,-0.1330486238002777,-0.14881670475006104,0.015768080949783325
C:\Users\gooud\AppData\Local\Temp\chimerax_rsv_input_nh8_3c1x\current_model_input_1.1_inference_prep.pdb,1ufm,A,K46P,K334P,-1.2294940948486328,-0.9354605674743652,-1.082477331161499,0.1470167636871338
C:\Users\gooud\AppData\Local\Temp\chimerax_rsv_input_nh8_3c1x\current_model_input_1.1_inference_prep.pdb,1ufm,A,K46Q,K334Q,0.7321881651878357,0.35694923996925354,0.5445687174797058,-0.18761946260929108
C:\Users\gooud\AppData\Local\Temp\chimerax_rsv_input_nh8_3c1x\current_model_input_1.1_inference_prep.pdb,1ufm,A,K46R,K334R,0.19093677401542664,-0.0765794888138771,0.057178642600774765,-0.13375813141465187
C:\Users\gooud\AppData\Local\Temp\chimerax_rsv_input_nh8_3c1x\current_model_input_1.1_inference_prep.pdb,1ufm,A,K46S,K334S,0.08777470886707306,0.04973551630973816,0.06875511258840561,-0.01901959627866745
C:\Users\gooud\AppData\Local\Temp\chimerax_rsv_input_nh8_3c1x\current_model_input_1.1_inference_prep.pdb,1ufm,A,K46T,K334T,0.8573780059814453,0.5416468381881714,0.6995124220848083,-0.15786558389663696
C:\Users\gooud\AppData\Local\Temp\chimerax_rsv_input_nh8_3c1x\current_model_input_1.1_inference_prep.pdb,1ufm,A,K46V,K334V,1.2710293531417847,0.7765921354293823,1.0238107442855835,-0.24721860885620117
C:\Users\gooud\AppData\Local\Temp\chimerax_rsv_input_nh8_3c1x\current_model_input_1.1_inference_prep.pdb,1ufm,A,K46W,K334W,1.0074584484100342,0.7264982461929321,0.8669783473014832,-0.14048010110855103
C:\Users\gooud\AppData\Local\Temp\chimerax_rsv_input_nh8_3c1x\current_model_input_1.1_inference_prep.pdb,1ufm,A,K46Y,K334Y,0.9640985131263733,0.6945797204971313,0.8293391466140747,-0.13475939631462097
C:\Users\gooud\AppData\Local\Temp\chimerax_rsv_input_nh8_3c1x\current_model_input_1.1_inference_prep.pdb,1ufm,A,A47C,A335C,-0.8387077450752258,-0.3667248785495758,-0.602716326713562,0.235991433262825
C:\Users\gooud\AppData\Local\Temp\chimerax_rsv_input_nh8_3c1x\current_model_input_1.1_inference_prep.pdb,1ufm,A,A47D,A335D,-2.6766648292541504,-1.457262396812439,-2.0669636726379395,0.6097012162208557
C:\Users\gooud\AppData\Local\Temp\chimerax_rsv_input_nh8_3c1x\current_model_input_1.1_inference_prep.pdb,1ufm,A,A47E,A335E,-2.464174270629883,-1.7150089740753174,-2.0895915031433105,0.3745826482772827
C:\Users\gooud\AppData\Local\Temp\chimerax_rsv_input_nh8_3c1x\current_model_input_1.1_inference_prep.pdb,1ufm,A,A47F,A335F,-1.3681037425994873,-0.853565514087677,-1.1108345985412598,0.25726911425590515
C:\Users\gooud\AppData\Local\Temp\chimerax_rsv_input_nh8_3c1x\current_model_input_1.1_inference_prep.pdb,1ufm,A,A47G,A335G,-1.8735183477401733,-1.2051658630371094,-1.5393421649932861,0.334176242351532
C:\Users\gooud\AppData\Local\Temp\chimerax_rsv_input_nh8_3c1x\current_model_input_1.1_inference_prep.pdb,1ufm,A,A47H,A335H,-2.6116418838500977,-1.4661234617233276,-2.0388827323913574,0.572759211063385
C:\Users\gooud\AppData\Local\Temp\chimerax_rsv_input_nh8_3c1x\current_model_input_1.1_inference_prep.pdb,1ufm,A,A47I,A335I,-0.5099087953567505,-0.2211921215057373,-0.3655504584312439,0.1443583369255066
C:\Users\gooud\AppData\Local\Temp\chimerax_rsv_input_nh8_3c1x\current_model_input_1.1_inference_prep.pdb,1ufm,A,A47K,A335K,-2.5010132789611816,-1.6379053592681885,-2.0694594383239746,0.4315539598464966
C:\Users\gooud\AppData\Local\Temp\chimerax_rsv_input_nh8_3c1x\current_model_input_1.1_inference_prep.pdb,1ufm,A,A47L,A335L,-0.5618122220039368,-0.5510066747665405,-0.556409478187561,0.00540277361869812
C:\Users\gooud\AppData\Local\Temp\chimerax_rsv_input_nh8_3c1x\current_model_input_1.1_inference_prep.pdb,1ufm,A,A47M,A335M,-0.8321142792701721,-0.7564464807510376,-0.7942804098129272,0.03783389925956726
C:\Users\gooud\AppData\Local\Temp\chimerax_rsv_input_nh8_3c1x\current_model_input_1.1_inference_prep.pdb,1ufm,A,A47N,A335N,-2.543583631515503,-1.5030314922332764,-2.0233075618743896,0.5202760696411133
C:\Users\gooud\AppData\Local\Temp\chimerax_rsv_input_nh8_3c1x\current_model_input_1.1_inference_prep.pdb,1ufm,A,A47P,A335P,-2.609295129776001,-1.8024910688400269,-2.205893039703369,0.40340203046798706
C:\Users\gooud\AppData\Local\Temp\chimerax_rsv_input_nh8_3c1x\current_model_input_1.1_inference_prep.pdb,1ufm,A,A47Q,A335Q,-2.2763242721557617,-1.7052083015441895,-1.9907662868499756,0.28555798530578613
C:\Users\gooud\AppData\Local\Temp\chimerax_rsv_input_nh8_3c1x\current_model_input_1.1_inference_prep.pdb,1ufm,A,A47R,A335R,-2.1932811737060547,-1.5078927278518677,-1.8505868911743164,0.3426942229270935
C:\Users\gooud\AppData\Local\Temp\chimerax_rsv_input_nh8_3c1x\current_model_input_1.1_inference_prep.pdb,1ufm,A,A47S,A335S,-1.5141626596450806,-1.1296252012252808,-1.3218939304351807,0.1922687292098999
C:\Users\gooud\AppData\Local\Temp\chimerax_rsv_input_nh8_3c1x\current_model_input_1.1_inference_prep.pdb,1ufm,A,A47T,A335T,-1.447129726409912,-1.13150155544281,-1.2893157005310059,0.15781408548355103
C:\Users\gooud\AppData\Local\Temp\chimerax_rsv_input_nh8_3c1x\current_model_input_1.1_inference_prep.pdb,1ufm,A,A47V,A335V,-0.4358288049697876,-0.26157718896865845,-0.348702996969223,0.08712580800056458
C:\Users\gooud\AppData\Local\Temp\chimerax_rsv_input_nh8_3c1x\current_model_input_1.1_inference_prep.pdb,1ufm,A,A47W,A335W,-1.2143841981887817,-0.5835092067718506,-0.8989467024803162,0.3154374957084656
C:\Users\gooud\AppData\Local\Temp\chimerax_rsv_input_nh8_3c1x\current_model_input_1.1_inference_prep.pdb,1ufm,A,A47Y,A335Y,-1.6161377429962158,-0.9938907027244568,-1.3050142526626587,0.3111235201358795
C:\Users\gooud\AppData\Local\Temp\chimerax_rsv_input_nh8_3c1x\current_model_input_1.1_inference_prep.pdb,1ufm,A,E48A,E336A,0.26133397221565247,0.15330690145492554,0.207320436835289,-0.054013535380363464
C:\Users\gooud\AppData\Local\Temp\chimerax_rsv_input_nh8_3c1x\current_model_input_1.1_inference_prep.pdb,1ufm,A,E48C,E336C,0.23212814331054688,0.25363752245903015,0.2428828328847885,0.010754689574241638
C:\Users\gooud\AppData\Local\Temp\chimerax_rsv_input_nh8_3c1x\current_model_input_1.1_inference_prep.pdb,1ufm,A,E48D,E336D,-1.6499398946762085,-1.1735574007034302,-1.4117486476898193,0.23819124698638916
C:\Users\gooud\AppData\Local\Temp\chimerax_rsv_input_nh8_3c1x\current_model_input_1.1_inference_prep.pdb,1ufm,A,E48F,E336F,0.5300752520561218,0.5638315677642822,0.5469534397125244,0.0168781578540802
C:\Users\gooud\AppData\Local\Temp\chimerax_rsv_input_nh8_3c1x\current_model_input_1.1_inference_prep.pdb,1ufm,A,E48G,E336G,-0.953804075717926,-0.5715829133987427,-0.7626935243606567,0.19111058115959167
C:\Users\gooud\AppData\Local\Temp\chimerax_rsv_input_nh8_3c1x\current_model_input_1.1_inference_prep.pdb,1ufm,A,E48H,E336H,-0.222004234790802,0.021610215306282043,-0.10019700974225998,0.12180722504854202
C:\Users\gooud\AppData\Local\Temp\chimerax_rsv_input_nh8_3c1x\current_model_input_1.1_inference_prep.pdb,1ufm,A,E48I,E336I,0.4562075734138489,0.2775312662124634,0.36686941981315613,-0.08933815360069275
C:\Users\gooud\AppData\Local\Temp\chimerax_rsv_input_nh8_3c1x\current_model_input_1.1_inference_prep.pdb,1ufm,A,E48K,E336K,0.4745519161224365,0.13160452246665955,0.30307823419570923,-0.1714736968278885
C:\Users\gooud\AppData\Local\Temp\chimerax_rsv_input_nh8_3c1x\current_model_input_1.1_inference_prep.pdb,1ufm,A,E48L,E336L,0.4073506295681,0.19368651509284973,0.30051857233047485,-0.10683205723762512
C:\Users\gooud\AppData\Local\Temp\chimerax_rsv_input_nh8_3c1x\current_model_input_1.1_inference_prep.pdb,1ufm,A,E48M,E336M,0.7704691886901855,0.4752724766731262,0.6228708028793335,-0.14759835600852966
C:\Users\gooud\AppData\Local\Temp\chimerax_rsv_input_nh8_3c1x\current_model_input_1.1_inference_prep.pdb,1ufm,A,E48N,E336N,-0.9416553378105164,-0.7055741548538208,-0.8236147165298462,0.11804059147834778
C:\Users\gooud\AppData\Local\Temp\chimerax_rsv_input_nh8_3c1x\current_model_input_1.1_inference_prep.pdb,1ufm,A,E48P,E336P,-2.1873364448547363,-1.113879680633545,-1.6506080627441406,0.5367283821105957
C:\Users\gooud\AppData\Local\Temp\chimerax_rsv_input_nh8_3c1x\current_model_input_1.1_inference_prep.pdb,1ufm,A,E48Q,E336Q,0.22500848770141602,0.21942782402038574,0.22221815586090088,-0.0027903318405151367
C:\Users\gooud\AppData\Local\Temp\chimerax_rsv_input_nh8_3c1x\current_model_input_1.1_inference_prep.pdb,1ufm,A,E48R,E336R,0.5280576944351196,0.3230944871902466,0.4255760908126831,-0.10248160362243652
C:\Users\gooud\AppData\Local\Temp\chimerax_rsv_input_nh8_3c1x\current_model_input_1.1_inference_prep.pdb,1ufm,A,E48S,E336S,-0.3083752691745758,-0.19691024720668793,-0.25264275074005127,0.05573251098394394
C:\Users\gooud\AppData\Local\Temp\chimerax_rsv_input_nh8_3c1x\current_model_input_1.1_inference_prep.pdb,1ufm,A,E48T,E336T,-0.5909861922264099,-0.4263399541378021,-0.5086630582809448,0.0823231190443039
C:\Users\gooud\AppData\Local\Temp\chimerax_rsv_input_nh8_3c1x\current_model_input_1.1_inference_prep.pdb,1ufm,A,E48V,E336V,0.19314852356910706,0.0463784784078598,0.11976350098848343,-0.07338502258062363
C:\Users\gooud\AppData\Local\Temp\chimerax_rsv_input_nh8_3c1x\current_model_input_1.1_inference_prep.pdb,1ufm,A,E48W,E336W,0.46207138895988464,0.6744542717933655,0.5682628154754639,0.10619144141674042
C:\Users\gooud\AppData\Local\Temp\chimerax_rsv_input_nh8_3c1x\current_model_input_1.1_inference_prep.pdb,1ufm,A,E48Y,E336Y,0.6047652959823608,0.6518180966377258,0.6282917261123657,0.023526400327682495
C:\Users\gooud\AppData\Local\Temp\chimerax_rsv_input_nh8_3c1x\current_model_input_1.1_inference_prep.pdb,1ufm,A,K49A,K337A,0.28864365816116333,0.24397221207618713,0.2663079500198364,-0.022335723042488098
C:\Users\gooud\AppData\Local\Temp\chimerax_rsv_input_nh8_3c1x\current_model_input_1.1_inference_prep.pdb,1ufm,A,K49C,K337C,0.3252181112766266,0.36331814527511597,0.34426814317703247,0.01905001699924469
C:\Users\gooud\AppData\Local\Temp\chimerax_rsv_input_nh8_3c1x\current_model_input_1.1_inference_prep.pdb,1ufm,A,K49D,K337D,-0.18343651294708252,-0.19310981035232544,-0.18827316164970398,-0.00483664870262146
C:\Users\gooud\AppData\Local\Temp\chimerax_rsv_input_nh8_3c1x\current_model_input_1.1_inference_prep.pdb,1ufm,A,K49E,K337E,0.3732879161834717,0.49614983797073364,0.43471887707710266,0.06143096089363098
C:\Users\gooud\AppData\Local\Temp\chimerax_rsv_input_nh8_3c1x\current_model_input_1.1_inference_prep.pdb,1ufm,A,K49F,K337F,0.17725607752799988,0.34983721375465393,0.2635466456413269,0.08629056811332703
C:\Users\gooud\AppData\Local\Temp\chimerax_rsv_input_nh8_3c1x\current_model_input_1.1_inference_prep.pdb,1ufm,A,K49G,K337G,-0.6543816328048706,-0.5647770166397095,-0.60957932472229,0.044802308082580566
C:\Users\gooud\AppData\Local\Temp\chimerax_rsv_input_nh8_3c1x\current_model_input_1.1_inference_prep.pdb,1ufm,A,K49H,K337H,-0.0889122411608696,-0.03555665165185928,-0.06223444640636444,0.026677794754505157
C:\Users\gooud\AppData\Local\Temp\chimerax_rsv_input_nh8_3c1x\current_model_input_1.1_inference_prep.pdb,1ufm,A,K49I,K337I,0.16048620641231537,0.1802290380001068,0.1703576147556305,0.009871415793895721
C:\Users\gooud\AppData\Local\Temp\chimerax_rsv_input_nh8_3c1x\current_model_input_1.1_inference_prep.pdb,1ufm,A,K49L,K337L,0.15624669194221497,0.24889424443244934,0.20257046818733215,0.04632377624511719
C:\Users\gooud\AppData\Local\Temp\chimerax_rsv_input_nh8_3c1x\current_model_input_1.1_inference_prep.pdb,1ufm,A,K49M,K337M,0.2321278154850006,0.29640963673591614,0.2642687261104584,0.032140910625457764
C:\Users\gooud\AppData\Local\Temp\chimerax_rsv_input_nh8_3c1x\current_model_input_1.1_inference_prep.pdb,1ufm,A,K49N,K337N,-0.3977980315685272,-0.3802145719528198,-0.3890063166618347,0.008791729807853699
C:\Users\gooud\AppData\Local\Temp\chimerax_rsv_input_nh8_3c1x\current_model_input_1.1_inference_prep.pdb,1ufm,A,K49P,K337P,-2.115424633026123,-1.1652476787567139,-1.6403361558914185,0.4750884771347046
C:\Users\gooud\AppData\Local\Temp\chimerax_rsv_input_nh8_3c1x\current_model_input_1.1_inference_prep.pdb,1ufm,A,K49Q,K337Q,0.2749656140804291,0.2283695936203003,0.2516676187515259,-0.023298010230064392
C:\Users\gooud\AppData\Local\Temp\chimerax_rsv_input_nh8_3c1x\current_model_input_1.1_inference_prep.pdb,1ufm,A,K49R,K337R,0.11919963359832764,-0.03676418215036392,0.04121772572398186,-0.07798190787434578
C:\Users\gooud\AppData\Local\Temp\chimerax_rsv_input_nh8_3c1x\current_model_input_1.1_inference_prep.pdb,1ufm,A,K49S,K337S,-0.08986305445432663,-0.10068929940462112,-0.09527617692947388,-0.005413122475147247
C:\Users\gooud\AppData\Local\Temp\chimerax_rsv_input_nh8_3c1x\current_model_input_1.1_inference_prep.pdb,1ufm,A,K49T,K337T,-0.13547411561012268,-0.1162009984254837,-0.1258375644683838,0.009636558592319489
C:\Users\gooud\AppData\Local\Temp\chimerax_rsv_input_nh8_3c1x\current_model_input_1.1_inference_prep.pdb,1ufm,A,K49V,K337V,0.004069902002811432,-0.002310134470462799,0.0008798837661743164,-0.0031900182366371155
C:\Users\gooud\AppData\Local\Temp\chimerax_rsv_input_nh8_3c1x\current_model_input_1.1_inference_prep.pdb,1ufm,A,K49W,K337W,0.15808308124542236,0.5851974487304688,0.37164026498794556,0.2135571837425232
C:\Users\gooud\AppData\Local\Temp\chimerax_rsv_input_nh8_3c1x\current_model_input_1.1_inference_prep.pdb,1ufm,A,K49Y,K337Y,0.20958033204078674,0.39596015214920044,0.3027702569961548,0.09318991005420685
C:\Users\gooud\AppData\Local\Temp\chimerax_rsv_input_nh8_3c1x\current_model_input_1.1_inference_prep.pdb,1ufm,A,I50A,I338A,-1.2361782789230347,-0.7968095541000366,-1.0164939165115356,0.21968436241149902
C:\Users\gooud\AppData\Local\Temp\chimerax_rsv_input_nh8_3c1x\current_model_input_1.1_inference_prep.pdb,1ufm,A,I50C,I338C,-1.0873085260391235,-0.6095019578933716,-0.8484052419662476,0.23890328407287598
C:\Users\gooud\AppData\Local\Temp\chimerax_rsv_input_nh8_3c1x\current_model_input_1.1_inference_prep.pdb,1ufm,A,I50D,I338D,-2.8590662479400635,-2.093235492706299,-2.4761509895324707,0.3829153776168823
C:\Users\gooud\AppData\Local\Temp\chimerax_rsv_input_nh8_3c1x\current_model_input_1.1_inference_prep.pdb,1ufm,A,I50E,I338E,-1.9107414484024048,-1.5226415395736694,-1.716691493988037,0.19404995441436768
C:\Users\gooud\AppData\Local\Temp\chimerax_rsv_input_nh8_3c1x\current_model_input_1.1_inference_prep.pdb,1ufm,A,I50F,I338F,-0.3900015652179718,-0.3035844564437866,-0.346792995929718,0.04320855438709259
C:\Users\gooud\AppData\Local\Temp\chimerax_rsv_input_nh8_3c1x\current_model_input_1.1_inference_prep.pdb,1ufm,A,I50G,I338G,-2.594503164291382,-1.7172138690948486,-2.1558585166931152,0.4386446475982666
C:\Users\gooud\AppData\Local\Temp\chimerax_rsv_input_nh8_3c1x\current_model_input_1.1_inference_prep.pdb,1ufm,A,I50H,I338H,-1.7632519006729126,-1.39442777633667,-1.5788397789001465,0.18441206216812134
C:\Users\gooud\AppData\Local\Temp\chimerax_rsv_input_nh8_3c1x\current_model_input_1.1_inference_prep.pdb,1ufm,A,I50K,I338K,-2.4086616039276123,-1.462658405303955,-1.9356600046157837,0.4730015993118286
C:\Users\gooud\AppData\Local\Temp\chimerax_rsv_input_nh8_3c1x\current_model_input_1.1_inference_prep.pdb,1ufm,A,I50L,I338L,0.054897524416446686,0.07339172065258026,0.06414462625980377,0.009247098118066788
C:\Users\gooud\AppData\Local\Temp\chimerax_rsv_input_nh8_3c1x\current_model_input_1.1_inference_prep.pdb,1ufm,A,I50M,I338M,-0.5227552056312561,-0.2650371193885803,-0.3938961625099182,0.1288590431213379
C:\Users\gooud\AppData\Local\Temp\chimerax_rsv_input_nh8_3c1x\current_model_input_1.1_inference_prep.pdb,1ufm,A,I50N,I338N,-2.550842046737671,-1.9506875276565552,-2.250764846801758,0.30007725954055786
C:\Users\gooud\AppData\Local\Temp\chimerax_rsv_input_nh8_3c1x\current_model_input_1.1_inference_prep.pdb,1ufm,A,I50P,I338P,-3.5160229206085205,-2.3806142807006836,-2.9483184814453125,0.5677043199539185
C:\Users\gooud\AppData\Local\Temp\chimerax_rsv_input_nh8_3c1x\current_model_input_1.1_inference_prep.pdb,1ufm,A,I50Q,I338Q,-2.1604697704315186,-1.5965465307235718,-1.8785080909729004,0.2819616198539734
C:\Users\gooud\AppData\Local\Temp\chimerax_rsv_input_nh8_3c1x\current_model_input_1.1_inference_prep.pdb,1ufm,A,I50R,I338R,-2.2517623901367188,-1.5623518228530884,-1.9070570468902588,0.3447052836418152
C:\Users\gooud\AppData\Local\Temp\chimerax_rsv_input_nh8_3c1x\current_model_input_1.1_inference_prep.pdb,1ufm,A,I50S,I338S,-2.119802951812744,-1.5371042490005493,-1.828453540802002,0.2913493514060974
C:\Users\gooud\AppData\Local\Temp\chimerax_rsv_input_nh8_3c1x\current_model_input_1.1_inference_prep.pdb,1ufm,A,I50T,I338T,-1.6926016807556152,-1.3375647068023682,-1.5150831937789917,0.17751848697662354
C:\Users\gooud\AppData\Local\Temp\chimerax_rsv_input_nh8_3c1x\current_model_input_1.1_inference_prep.pdb,1ufm,A,I50V,I338V,-0.7901431918144226,-0.7115122675895691,-0.7508277297019958,0.03931546211242676
C:\Users\gooud\AppData\Local\Temp\chimerax_rsv_input_nh8_3c1x\current_model_input_1.1_inference_prep.pdb,1ufm,A,I50W,I338W,-0.32080358266830444,-0.20224599540233612,-0.2615247964859009,0.05927879363298416
C:\Users\gooud\AppData\Local\Temp\chimerax_rsv_input_nh8_3c1x\current_model_input_1.1_inference_prep.pdb,1ufm,A,I50Y,I338Y,-0.34801042079925537,-0.3035750985145569,-0.32579275965690613,0.022217661142349243
C:\Users\gooud\AppData\Local\Temp\chimerax_rsv_input_nh8_3c1x\current_model_input_1.1_inference_prep.pdb,1ufm,A,A51C,A339C,-0.3684961199760437,-0.19072388112545013,-0.2796100080013275,0.08888611942529678
C:\Users\gooud\AppData\Local\Temp\chimerax_rsv_input_nh8_3c1x\current_model_input_1.1_inference_prep.pdb,1ufm,A,A51D,A339D,-3.0381617546081543,-2.2059874534606934,-2.622074604034424,0.41608715057373047
C:\Users\gooud\AppData\Local\Temp\chimerax_rsv_input_nh8_3c1x\current_model_input_1.1_inference_prep.pdb,1ufm,A,A51E,A339E,-2.674903631210327,-2.1709723472595215,-2.4229378700256348,0.25196564197540283
C:\Users\gooud\AppData\Local\Temp\chimerax_rsv_input_nh8_3c1x\current_model_input_1.1_inference_prep.pdb,1ufm,A,A51F,A339F,-1.1460425853729248,-0.2640017867088318,-0.7050222158432007,0.4410203993320465
C:\Users\gooud\AppData\Local\Temp\chimerax_rsv_input_nh8_3c1x\current_model_input_1.1_inference_prep.pdb,1ufm,A,A51G,A339G,-1.9338701963424683,-1.5098005533218384,-1.7218353748321533,0.21203482151031494
C:\Users\gooud\AppData\Local\Temp\chimerax_rsv_input_nh8_3c1x\current_model_input_1.1_inference_prep.pdb,1ufm,A,A51H,A339H,-2.7312893867492676,-1.989914894104004,-2.3606021404266357,0.37068724632263184
C:\Users\gooud\AppData\Local\Temp\chimerax_rsv_input_nh8_3c1x\current_model_input_1.1_inference_prep.pdb,1ufm,A,A51I,A339I,0.25849661231040955,0.30390995740890503,0.2812032699584961,0.02270667254924774
C:\Users\gooud\AppData\Local\Temp\chimerax_rsv_input_nh8_3c1x\current_model_input_1.1_inference_prep.pdb,1ufm,A,A51K,A339K,-2.6922080516815186,-2.549471378326416,-2.6208395957946777,0.07136833667755127
C:\Users\gooud\AppData\Local\Temp\chimerax_rsv_input_nh8_3c1x\current_model_input_1.1_inference_prep.pdb,1ufm,A,A51L,A339L,-0.11166099458932877,0.3182317912578583,0.10328540205955505,0.21494639292359352
C:\Users\gooud\AppData\Local\Temp\chimerax_rsv_input_nh8_3c1x\current_model_input_1.1_inference_prep.pdb,1ufm,A,A51M,A339M,-0.8716679215431213,-0.32586610317230225,-0.5987670421600342,0.27290090918540955
C:\Users\gooud\AppData\Local\Temp\chimerax_rsv_input_nh8_3c1x\current_model_input_1.1_inference_prep.pdb,1ufm,A,A51N,A339N,-2.911923885345459,-2.3259410858154297,-2.6189324855804443,0.29299139976501465
C:\Users\gooud\AppData\Local\Temp\chimerax_rsv_input_nh8_3c1x\current_model_input_1.1_inference_prep.pdb,1ufm,A,A51P,A339P,-3.0844838619232178,-2.5419278144836426,-2.8132057189941406,0.2712780237197876
C:\Users\gooud\AppData\Local\Temp\chimerax_rsv_input_nh8_3c1x\current_model_input_1.1_inference_prep.pdb,1ufm,A,A51Q,A339Q,-2.789626121520996,-2.1405467987060547,-2.4650864601135254,0.3245396614074707
C:\Users\gooud\AppData\Local\Temp\chimerax_rsv_input_nh8_3c1x\current_model_input_1.1_inference_prep.pdb,1ufm,A,A51R,A339R,-2.5159740447998047,-2.063577651977539,-2.289775848388672,0.2261981964111328
C:\Users\gooud\AppData\Local\Temp\chimerax_rsv_input_nh8_3c1x\current_model_input_1.1_inference_prep.pdb,1ufm,A,A51S,A339S,-1.4574898481369019,-1.1750694513320923,-1.316279649734497,0.14121019840240479
C:\Users\gooud\AppData\Local\Temp\chimerax_rsv_input_nh8_3c1x\current_model_input_1.1_inference_prep.pdb,1ufm,A,A51T,A339T,-0.8760481476783752,-0.9006670713424683,-0.8883576393127441,-0.012309461832046509
C:\Users\gooud\AppData\Local\Temp\chimerax_rsv_input_nh8_3c1x\current_model_input_1.1_inference_prep.pdb,1ufm,A,A51V,A339V,0.20316675305366516,0.10886187851428986,0.1560143232345581,-0.04715243726968765
C:\Users\gooud\AppData\Local\Temp\chimerax_rsv_input_nh8_3c1x\current_model_input_1.1_inference_prep.pdb,1ufm,A,A51W,A339W,-1.875181794166565,-0.5296617746353149,-1.20242178440094,0.672760009765625
C:\Users\gooud\AppData\Local\Temp\chimerax_rsv_input_nh8_3c1x\current_model_input_1.1_inference_prep.pdb,1ufm,A,A51Y,A339Y,-1.8151209354400635,-0.8668588399887085,-1.3409898281097412,0.4741310477256775
C:\Users\gooud\AppData\Local\Temp\chimerax_rsv_input_nh8_3c1x\current_model_input_1.1_inference_prep.pdb,1ufm,A,S52A,S340A,0.08363433927297592,0.06537197530269623,0.07450315356254578,-0.009131181985139847
C:\Users\gooud\AppData\Local\Temp\chimerax_rsv_input_nh8_3c1x\current_model_input_1.1_inference_prep.pdb,1ufm,A,S52C,S340C,0.09538807719945908,0.14008131623268127,0.11773470044136047,0.0223466195166111
C:\Users\gooud\AppData\Local\Temp\chimerax_rsv_input_nh8_3c1x\current_model_input_1.1_inference_prep.pdb,1ufm,A,S52D,S340D,-1.1966785192489624,-0.9614990949630737,-1.079088807106018,0.11758971214294434
C:\Users\gooud\AppData\Local\Temp\chimerax_rsv_input_nh8_3c1x\current_model_input_1.1_inference_prep.pdb,1ufm,A,S52E,S340E,-0.34199005365371704,-0.1259908825159073,-0.23399046063423157,0.10799958556890488
C:\Users\gooud\AppData\Local\Temp\chimerax_rsv_input_nh8_3c1x\current_model_input_1.1_inference_prep.pdb,1ufm,A,S52F,S340F,-0.0828365609049797,0.1524084210395813,0.034785930067300797,0.1176224909722805
C:\Users\gooud\AppData\Local\Temp\chimerax_rsv_input_nh8_3c1x\current_model_input_1.1_inference_prep.pdb,1ufm,A,S52G,S340G,-0.6308482885360718,-0.6313004493713379,-0.6310743689537048,-0.00022608041763305664
C:\Users\gooud\AppData\Local\Temp\chimerax_rsv_input_nh8_3c1x\current_model_input_1.1_inference_prep.pdb,1ufm,A,S52H,S340H,-0.10542743653059006,0.08224636316299438,-0.011590536683797836,0.09383689984679222
C:\Users\gooud\AppData\Local\Temp\chimerax_rsv_input_nh8_3c1x\current_model_input_1.1_inference_prep.pdb,1ufm,A,S52I,S340I,0.10670842230319977,0.3121015727519989,0.20940500497817993,0.10269657522439957
C:\Users\gooud\AppData\Local\Temp\chimerax_rsv_input_nh8_3c1x\current_model_input_1.1_inference_prep.pdb,1ufm,A,S52K,S340K,0.40823209285736084,0.4063262343406677,0.4072791635990143,-0.0009529292583465576
C:\Users\gooud\AppData\Local\Temp\chimerax_rsv_input_nh8_3c1x\current_model_input_1.1_inference_prep.pdb,1ufm,A,S52L,S340L,0.3162093460559845,0.4532097578048706,0.38470953702926636,0.06850020587444305
C:\Users\gooud\AppData\Local\Temp\chimerax_rsv_input_nh8_3c1x\current_model_input_1.1_inference_prep.pdb,1ufm,A,S52M,S340M,0.22710055112838745,0.3577207922935486,0.292410671710968,0.06531012058258057
C:\Users\gooud\AppData\Local\Temp\chimerax_rsv_input_nh8_3c1x\current_model_input_1.1_inference_prep.pdb,1ufm,A,S52N,S340N,-0.2876264154911041,-0.20176199078559875,-0.24469420313835144,0.042932212352752686
C:\Users\gooud\AppData\Local\Temp\chimerax_rsv_input_nh8_3c1x\current_model_input_1.1_inference_prep.pdb,1ufm,A,S52P,S340P,-2.845414400100708,-1.9432953596115112,-2.394354820251465,0.4510595202445984
C:\Users\gooud\AppData\Local\Temp\chimerax_rsv_input_nh8_3c1x\current_model_input_1.1_inference_prep.pdb,1ufm,A,S52Q,S340Q,0.18445123732089996,0.2811679542064667,0.23280960321426392,0.048358358442783356
C:\Users\gooud\AppData\Local\Temp\chimerax_rsv_input_nh8_3c1x\current_model_input_1.1_inference_prep.pdb,1ufm,A,S52R,S340R,0.6800901293754578,0.8027289509773254,0.7414095401763916,0.06131941080093384
C:\Users\gooud\AppData\Local\Temp\chimerax_rsv_input_nh8_3c1x\current_model_input_1.1_inference_prep.pdb,1ufm,A,S52T,S340T,0.07049259543418884,-0.02120673656463623,0.024642929434776306,-0.04584966599941254
C:\Users\gooud\AppData\Local\Temp\chimerax_rsv_input_nh8_3c1x\current_model_input_1.1_inference_prep.pdb,1ufm,A,S52V,S340V,-0.1292894184589386,0.0640740841627121,-0.03260766714811325,0.09668175131082535
C:\Users\gooud\AppData\Local\Temp\chimerax_rsv_input_nh8_3c1x\current_model_input_1.1_inference_prep.pdb,1ufm,A,S52W,S340W,0.051661089062690735,0.4032280445098877,0.22744455933570862,0.17578347772359848
C:\Users\gooud\AppData\Local\Temp\chimerax_rsv_input_nh8_3c1x\current_model_input_1.1_inference_prep.pdb,1ufm,A,S52Y,S340Y,0.040151447057724,0.25283676385879517,0.14649410545825958,0.10634265840053558
C:\Users\gooud\AppData\Local\Temp\chimerax_rsv_input_nh8_3c1x\current_model_input_1.1_inference_prep.pdb,1ufm,A,Q53A,Q341A,-0.11250435560941696,-0.18539322912693024,-0.1489487886428833,-0.03644443675875664
C:\Users\gooud\AppData\Local\Temp\chimerax_rsv_input_nh8_3c1x\current_model_input_1.1_inference_prep.pdb,1ufm,A,Q53C,Q341C,-0.198154479265213,0.10530421137809753,-0.04642513394355774,0.15172934532165527
C:\Users\gooud\AppData\Local\Temp\chimerax_rsv_input_nh8_3c1x\current_model_input_1.1_inference_prep.pdb,1ufm,A,Q53D,Q341D,-0.37096691131591797,-0.2890926003456116,-0.33002975583076477,0.0409371554851532
C:\Users\gooud\AppData\Local\Temp\chimerax_rsv_input_nh8_3c1x\current_model_input_1.1_inference_prep.pdb,1ufm,A,Q53E,Q341E,-0.0029858052730560303,0.009405799210071564,0.0032099969685077667,0.006195802241563797
C:\Users\gooud\AppData\Local\Temp\chimerax_rsv_input_nh8_3c1x\current_model_input_1.1_inference_prep.pdb,1ufm,A,Q53F,Q341F,-0.26323428750038147,0.07497310638427734,-0.09413059055805206,0.1691036969423294
C:\Users\gooud\AppData\Local\Temp\chimerax_rsv_input_nh8_3c1x\current_model_input_1.1_inference_prep.pdb,1ufm,A,Q53G,Q341G,-0.9725537896156311,-0.8717012405395508,-0.9221274852752686,0.05042627453804016
C:\Users\gooud\AppData\Local\Temp\chimerax_rsv_input_nh8_3c1x\current_model_input_1.1_inference_prep.pdb,1ufm,A,Q53H,Q341H,-0.45710015296936035,-0.17691940069198608,-0.3170097768306732,0.14009037613868713
C:\Users\gooud\AppData\Local\Temp\chimerax_rsv_input_nh8_3c1x\current_model_input_1.1_inference_prep.pdb,1ufm,A,Q53I,Q341I,-0.22143089771270752,0.02249304950237274,-0.09946892410516739,0.12196197360754013
C:\Users\gooud\AppData\Local\Temp\chimerax_rsv_input_nh8_3c1x\current_model_input_1.1_inference_prep.pdb,1ufm,A,Q53K,Q341K,-0.16060063242912292,-0.24179263412952423,-0.20119664072990417,-0.04059600085020065
C:\Users\gooud\AppData\Local\Temp\chimerax_rsv_input_nh8_3c1x\current_model_input_1.1_inference_prep.pdb,1ufm,A,Q53L,Q341L,-0.057965151965618134,0.11284144222736359,0.027438145130872726,0.08540329709649086
C:\Users\gooud\AppData\Local\Temp\chimerax_rsv_input_nh8_3c1x\current_model_input_1.1_inference_prep.pdb,1ufm,A,Q53M,Q341M,0.022540241479873657,0.08079548180103302,0.05166786164045334,0.02912762016057968
C:\Users\gooud\AppData\Local\Temp\chimerax_rsv_input_nh8_3c1x\current_model_input_1.1_inference_prep.pdb,1ufm,A,Q53N,Q341N,-0.6416558623313904,-0.6260916590690613,-0.6338737607002258,0.007782101631164551
C:\Users\gooud\AppData\Local\Temp\chimerax_rsv_input_nh8_3c1x\current_model_input_1.1_inference_prep.pdb,1ufm,A,Q53P,Q341P,-3.168931245803833,-1.8042526245117188,-2.4865918159484863,0.6823393106460571
C:\Users\gooud\AppData\Local\Temp\chimerax_rsv_input_nh8_3c1x\current_model_input_1.1_inference_prep.pdb,1ufm,A,Q53R,Q341R,-0.2143172025680542,-0.26025518774986267,-0.23728619515895844,-0.022968992590904236
C:\Users\gooud\AppData\Local\Temp\chimerax_rsv_input_nh8_3c1x\current_model_input_1.1_inference_prep.pdb,1ufm,A,Q53S,Q341S,-0.33970907330513,-0.3641800284385681,-0.35194456577301025,-0.012235477566719055
C:\Users\gooud\AppData\Local\Temp\chimerax_rsv_input_nh8_3c1x\current_model_input_1.1_inference_prep.pdb,1ufm,A,Q53T,Q341T,-0.49993401765823364,-0.4072176218032837,-0.45357581973075867,0.046358197927474976
C:\Users\gooud\AppData\Local\Temp\chimerax_rsv_input_nh8_3c1x\current_model_input_1.1_inference_prep.pdb,1ufm,A,Q53V,Q341V,-0.5132984519004822,-0.2726065516471863,-0.39295250177383423,0.12034595012664795
C:\Users\gooud\AppData\Local\Temp\chimerax_rsv_input_nh8_3c1x\current_model_input_1.1_inference_prep.pdb,1ufm,A,Q53W,Q341W,-0.041334815323352814,0.345948725938797,0.1523069590330124,0.1936417706310749
C:\Users\gooud\AppData\Local\Temp\chimerax_rsv_input_nh8_3c1x\current_model_input_1.1_inference_prep.pdb,1ufm,A,Q53Y,Q341Y,-0.2751135230064392,0.10246309638023376,-0.08632521331310272,0.1887883096933365
C:\Users\gooud\AppData\Local\Temp\chimerax_rsv_input_nh8_3c1x\current_model_input_1.1_inference_prep.pdb,1ufm,A,M54A,M342A,-1.4492236375808716,-0.4437147378921509,-0.9464691877365112,0.5027544498443604
C:\Users\gooud\AppData\Local\Temp\chimerax_rsv_input_nh8_3c1x\current_model_input_1.1_inference_prep.pdb,1ufm,A,M54C,M342C,-1.2399272918701172,-0.12207723408937454,-0.6810022592544556,0.5589250288903713
C:\Users\gooud\AppData\Local\Temp\chimerax_rsv_input_nh8_3c1x\current_model_input_1.1_inference_prep.pdb,1ufm,A,M54D,M342D,-3.0812296867370605,-2.0747575759887695,-2.577993631362915,0.5032360553741455
C:\Users\gooud\AppData\Local\Temp\chimerax_rsv_input_nh8_3c1x\current_model_input_1.1_inference_prep.pdb,1ufm,A,M54E,M342E,-2.839679002761841,-1.5858962535858154,-2.212787628173828,0.6268913745880127
C:\Users\gooud\AppData\Local\Temp\chimerax_rsv_input_nh8_3c1x\current_model_input_1.1_inference_prep.pdb,1ufm,A,M54F,M342F,-1.1111253499984741,-0.43826696276664734,-0.7746961712837219,0.3364291936159134
C:\Users\gooud\AppData\Local\Temp\chimerax_rsv_input_nh8_3c1x\current_model_input_1.1_inference_prep.pdb,1ufm,A,M54G,M342G,-2.512528419494629,-1.3296785354614258,-1.9211034774780273,0.5914249420166016
C:\Users\gooud\AppData\Local\Temp\chimerax_rsv_input_nh8_3c1x\current_model_input_1.1_inference_prep.pdb,1ufm,A,M54H,M342H,-2.557647705078125,-1.453095555305481,-2.005371570587158,0.552276074886322
C:\Users\gooud\AppData\Local\Temp\chimerax_rsv_input_nh8_3c1x\current_model_input_1.1_inference_prep.pdb,1ufm,A,M54I,M342I,-1.1894807815551758,-0.620353102684021,-0.9049169421195984,0.2845638394355774
C:\Users\gooud\AppData\Local\Temp\chimerax_rsv_input_nh8_3c1x\current_model_input_1.1_inference_prep.pdb,1ufm,A,M54K,M342K,-2.5694518089294434,-1.5514456033706665,-2.06044864654541,0.5090031027793884
C:\Users\gooud\AppData\Local\Temp\chimerax_rsv_input_nh8_3c1x\current_model_input_1.1_inference_prep.pdb,1ufm,A,M54L,M342L,-0.08285024017095566,-0.007397271692752838,-0.04512375593185425,0.03772648423910141
C:\Users\gooud\AppData\Local\Temp\chimerax_rsv_input_nh8_3c1x\current_model_input_1.1_inference_prep.pdb,1ufm,A,M54N,M342N,-2.7157371044158936,-1.715444564819336,-2.2155909538269043,0.5001462697982788
C:\Users\gooud\AppData\Local\Temp\chimerax_rsv_input_nh8_3c1x\current_model_input_1.1_inference_prep.pdb,1ufm,A,M54P,M342P,-3.2889153957366943,-1.8788728713989258,-2.5838942527770996,0.7050212621688843
C:\Users\gooud\AppData\Local\Temp\chimerax_rsv_input_nh8_3c1x\current_model_input_1.1_inference_prep.pdb,1ufm,A,M54Q,M342Q,-2.186523675918579,-1.3445192575454712,-1.76552152633667,0.42100220918655396
C:\Users\gooud\AppData\Local\Temp\chimerax_rsv_input_nh8_3c1x\current_model_input_1.1_inference_prep.pdb,1ufm,A,M54R,M342R,-2.5566444396972656,-1.630782127380371,-2.0937132835388184,0.46293115615844727
C:\Users\gooud\AppData\Local\Temp\chimerax_rsv_input_nh8_3c1x\current_model_input_1.1_inference_prep.pdb,1ufm,A,M54S,M342S,-2.1731948852539062,-1.092167615890503,-1.6326812505722046,0.5405136346817017
C:\Users\gooud\AppData\Local\Temp\chimerax_rsv_input_nh8_3c1x\current_model_input_1.1_inference_prep.pdb,1ufm,A,M54T,M342T,-2.2674765586853027,-1.2192438840866089,-1.7433602809906006,0.5241163372993469
C:\Users\gooud\AppData\Local\Temp\chimerax_rsv_input_nh8_3c1x\current_model_input_1.1_inference_prep.pdb,1ufm,A,M54V,M342V,-1.5975151062011719,-0.8625153303146362,-1.2300152778625488,0.3674998879432678
C:\Users\gooud\AppData\Local\Temp\chimerax_rsv_input_nh8_3c1x\current_model_input_1.1_inference_prep.pdb,1ufm,A,M54W,M342W,-1.8166431188583374,-0.3346647620201111,-1.0756539106369019,0.7409891784191132
C:\Users\gooud\AppData\Local\Temp\chimerax_rsv_input_nh8_3c1x\current_model_input_1.1_inference_prep.pdb,1ufm,A,M54Y,M342Y,-1.601889729499817,-0.4921489953994751,-1.047019362449646,0.5548703670501709
C:\Users\gooud\AppData\Local\Temp\chimerax_rsv_input_nh8_3c1x\current_model_input_1.1_inference_prep.pdb,1ufm,A,I55A,I343A,-2.4378762245178223,-1.8467832803726196,-2.142329692840576,0.2955464720726013
C:\Users\gooud\AppData\Local\Temp\chimerax_rsv_input_nh8_3c1x\current_model_input_1.1_inference_prep.pdb,1ufm,A,I55C,I343C,-1.8148525953292847,-1.08998703956604,-1.4524197578430176,0.3624327778816223
C:\Users\gooud\AppData\Local\Temp\chimerax_rsv_input_nh8_3c1x\current_model_input_1.1_inference_prep.pdb,1ufm,A,I55D,I343D,-3.05263352394104,-2.0906424522399902,-2.5716381072998047,0.4809955358505249
C:\Users\gooud\AppData\Local\Temp\chimerax_rsv_input_nh8_3c1x\current_model_input_1.1_inference_prep.pdb,1ufm,A,I55E,I343E,-2.802647590637207,-2.18247652053833,-2.4925620555877686,0.3100855350494385
C:\Users\gooud\AppData\Local\Temp\chimerax_rsv_input_nh8_3c1x\current_model_input_1.1_inference_prep.pdb,1ufm,A,I55F,I343F,-1.6162728071212769,-0.859050989151001,-1.2376618385314941,0.37861090898513794
C:\Users\gooud\AppData\Local\Temp\chimerax_rsv_input_nh8_3c1x\current_model_input_1.1_inference_prep.pdb,1ufm,A,I55G,I343G,-2.8537392616271973,-2.2102179527282715,-2.5319786071777344,0.3217606544494629
C:\Users\gooud\AppData\Local\Temp\chimerax_rsv_input_nh8_3c1x\current_model_input_1.1_inference_prep.pdb,1ufm,A,I55H,I343H,-2.5195376873016357,-1.6300580501556396,-2.0747978687286377,0.44473981857299805
C:\Users\gooud\AppData\Local\Temp\chimerax_rsv_input_nh8_3c1x\current_model_input_1.1_inference_prep.pdb,1ufm,A,I55K,I343K,-2.490788221359253,-2.0373849868774414,-2.2640867233276367,0.22670161724090576
C:\Users\gooud\AppData\Local\Temp\chimerax_rsv_input_nh8_3c1x\current_model_input_1.1_inference_prep.pdb,1ufm,A,I55L,I343L,-0.7523260116577148,-0.6476563811302185,-0.6999912261962891,0.05233481526374817
C:\Users\gooud\AppData\Local\Temp\chimerax_rsv_input_nh8_3c1x\current_model_input_1.1_inference_prep.pdb,1ufm,A,I55M,I343M,-1.3819605112075806,-1.1036688089370728,-1.2428146600723267,0.1391458511352539
C:\Users\gooud\AppData\Local\Temp\chimerax_rsv_input_nh8_3c1x\current_model_input_1.1_inference_prep.pdb,1ufm,A,I55N,I343N,-2.5988736152648926,-1.8883386850357056,-2.2436060905456543,0.3552674651145935
C:\Users\gooud\AppData\Local\Temp\chimerax_rsv_input_nh8_3c1x\current_model_input_1.1_inference_prep.pdb,1ufm,A,I55P,I343P,-3.12626051902771,-2.221297264099121,-2.673779010772705,0.45248162746429443
C:\Users\gooud\AppData\Local\Temp\chimerax_rsv_input_nh8_3c1x\current_model_input_1.1_inference_prep.pdb,1ufm,A,I55Q,I343Q,-2.441121816635132,-1.8920366764068604,-2.166579246520996,0.27454257011413574
C:\Users\gooud\AppData\Local\Temp\chimerax_rsv_input_nh8_3c1x\current_model_input_1.1_inference_prep.pdb,1ufm,A,I55R,I343R,-2.5996336936950684,-2.100123882293701,-2.3498787879943848,0.2497549057006836
C:\Users\gooud\AppData\Local\Temp\chimerax_rsv_input_nh8_3c1x\current_model_input_1.1_inference_prep.pdb,1ufm,A,I55S,I343S,-2.6181771755218506,-1.8892552852630615,-2.253716230392456,0.36446094512939453
C:\Users\gooud\AppData\Local\Temp\chimerax_rsv_input_nh8_3c1x\current_model_input_1.1_inference_prep.pdb,1ufm,A,I55T,I343T,-2.294562339782715,-1.6850606203079224,-1.9898114204406738,0.30475085973739624
C:\Users\gooud\AppData\Local\Temp\chimerax_rsv_input_nh8_3c1x\current_model_input_1.1_inference_prep.pdb,1ufm,A,I55V,I343V,-1.070871114730835,-0.9997342228889465,-1.0353026390075684,0.035568445920944214
C:\Users\gooud\AppData\Local\Temp\chimerax_rsv_input_nh8_3c1x\current_model_input_1.1_inference_prep.pdb,1ufm,A,I55W,I343W,-2.5690484046936035,-1.5186612606048584,-2.0438547134399414,0.5251935720443726
C:\Users\gooud\AppData\Local\Temp\chimerax_rsv_input_nh8_3c1x\current_model_input_1.1_inference_prep.pdb,1ufm,A,I55Y,I343Y,-2.5809097290039062,-1.484460711479187,-2.0326852798461914,0.5482245087623596
C:\Users\gooud\AppData\Local\Temp\chimerax_rsv_input_nh8_3c1x\current_model_input_1.1_inference_prep.pdb,1ufm,A,T56A,T344A,0.6757240295410156,0.26678982377052307,0.47125691175460815,-0.20446710288524628
C:\Users\gooud\AppData\Local\Temp\chimerax_rsv_input_nh8_3c1x\current_model_input_1.1_inference_prep.pdb,1ufm,A,T56C,T344C,0.2564501464366913,0.29783716797828674,0.277143657207489,0.02069351077079773
C:\Users\gooud\AppData\Local\Temp\chimerax_rsv_input_nh8_3c1x\current_model_input_1.1_inference_prep.pdb,1ufm,A,T56D,T344D,-0.14557597041130066,-0.2949404716491699,-0.2202582210302353,-0.07468225061893463
C:\Users\gooud\AppData\Local\Temp\chimerax_rsv_input_nh8_3c1x\current_model_input_1.1_inference_prep.pdb,1ufm,A,T56E,T344E,0.2591068148612976,0.08007141947746277,0.1695891171693802,-0.08951769769191742
C:\Users\gooud\AppData\Local\Temp\chimerax_rsv_input_nh8_3c1x\current_model_input_1.1_inference_prep.pdb,1ufm,A,T56F,T344F,0.01848722994327545,0.20230549573898315,0.1103963628411293,0.09190913289785385
C:\Users\gooud\AppData\Local\Temp\chimerax_rsv_input_nh8_3c1x\current_model_input_1.1_inference_prep.pdb,1ufm,A,T56G,T344G,-0.2381402850151062,-0.42069384455680847,-0.32941704988479614,-0.09127677977085114
C:\Users\gooud\AppData\Local\Temp\chimerax_rsv_input_nh8_3c1x\current_model_input_1.1_inference_prep.pdb,1ufm,A,T56H,T344H,0.16866058111190796,0.062273234128952026,0.11546690762042999,-0.053193673491477966
C:\Users\gooud\AppData\Local\Temp\chimerax_rsv_input_nh8_3c1x\current_model_input_1.1_inference_prep.pdb,1ufm,A,T56I,T344I,0.2651705741882324,0.2330290675163269,0.24909982085227966,-0.01607075333595276
C:\Users\gooud\AppData\Local\Temp\chimerax_rsv_input_nh8_3c1x\current_model_input_1.1_inference_prep.pdb,1ufm,A,T56K,T344K,0.6015909910202026,0.25852110981941223,0.43005603551864624,-0.1715349406003952
C:\Users\gooud\AppData\Local\Temp\chimerax_rsv_input_nh8_3c1x\current_model_input_1.1_inference_prep.pdb,1ufm,A,T56L,T344L,0.43960580229759216,0.40072566270828247,0.4201657176017761,-0.019440069794654846
C:\Users\gooud\AppData\Local\Temp\chimerax_rsv_input_nh8_3c1x\current_model_input_1.1_inference_prep.pdb,1ufm,A,T56M,T344M,0.44477465748786926,0.3237369954586029,0.3842558264732361,-0.06051883101463318
C:\Users\gooud\AppData\Local\Temp\chimerax_rsv_input_nh8_3c1x\current_model_input_1.1_inference_prep.pdb,1ufm,A,T56N,T344N,0.17257151007652283,-0.022214636206626892,0.07517843693494797,-0.09739307314157486
C:\Users\gooud\AppData\Local\Temp\chimerax_rsv_input_nh8_3c1x\current_model_input_1.1_inference_prep.pdb,1ufm,A,T56P,T344P,-2.3366856575012207,-1.8374944925308228,-2.087090015411377,0.24959558248519897
C:\Users\gooud\AppData\Local\Temp\chimerax_rsv_input_nh8_3c1x\current_model_input_1.1_inference_prep.pdb,1ufm,A,T56Q,T344Q,0.4752626419067383,0.18649983406066895,0.3308812379837036,-0.14438140392303467
C:\Users\gooud\AppData\Local\Temp\chimerax_rsv_input_nh8_3c1x\current_model_input_1.1_inference_prep.pdb,1ufm,A,T56R,T344R,0.5992699265480042,0.4467211961746216,0.5229955911636353,-0.07627436518669128
C:\Users\gooud\AppData\Local\Temp\chimerax_rsv_input_nh8_3c1x\current_model_input_1.1_inference_prep.pdb,1ufm,A,T56S,T344S,0.3278299570083618,0.07159844040870667,0.19971419870853424,-0.12811575829982758
C:\Users\gooud\AppData\Local\Temp\chimerax_rsv_input_nh8_3c1x\current_model_input_1.1_inference_prep.pdb,1ufm,A,T56V,T344V,0.11589214205741882,0.036046192049980164,0.0759691670536995,-0.03992297500371933
C:\Users\gooud\AppData\Local\Temp\chimerax_rsv_input_nh8_3c1x\current_model_input_1.1_inference_prep.pdb,1ufm,A,T56W,T344W,-0.06925339251756668,0.20360305905342102,0.06717483699321747,0.13642822578549385
C:\Users\gooud\AppData\Local\Temp\chimerax_rsv_input_nh8_3c1x\current_model_input_1.1_inference_prep.pdb,1ufm,A,T56Y,T344Y,-0.013368241488933563,0.15097779035568237,0.0688047707080841,0.08217301592230797
C:\Users\gooud\AppData\Local\Temp\chimerax_rsv_input_nh8_3c1x\current_model_input_1.1_inference_prep.pdb,1ufm,A,E57A,E345A,-0.17250412702560425,-0.3146897554397583,-0.24359694123268127,-0.07109281420707703
C:\Users\gooud\AppData\Local\Temp\chimerax_rsv_input_nh8_3c1x\current_model_input_1.1_inference_prep.pdb,1ufm,A,E57C,E345C,-0.17299893498420715,0.024496063590049744,-0.0742514356970787,0.09874749928712845
C:\Users\gooud\AppData\Local\Temp\chimerax_rsv_input_nh8_3c1x\current_model_input_1.1_inference_prep.pdb,1ufm,A,E57D,E345D,-0.23419812321662903,-0.3577006757259369,-0.29594939947128296,-0.06175127625465393
C:\Users\gooud\AppData\Local\Temp\chimerax_rsv_input_nh8_3c1x\current_model_input_1.1_inference_prep.pdb,1ufm,A,E57F,E345F,-0.6302231550216675,-0.39365294575691223,-0.5119380354881287,0.11828510463237762
C:\Users\gooud\AppData\Local\Temp\chimerax_rsv_input_nh8_3c1x\current_model_input_1.1_inference_prep.pdb,1ufm,A,E57G,E345G,-0.965053141117096,-0.8140550255775452,-0.8895540833473206,0.07549905776977539
C:\Users\gooud\AppData\Local\Temp\chimerax_rsv_input_nh8_3c1x\current_model_input_1.1_inference_prep.pdb,1ufm,A,E57H,E345H,-0.683914840221405,-0.5185390710830688,-0.6012269258499146,0.08268788456916809
C:\Users\gooud\AppData\Local\Temp\chimerax_rsv_input_nh8_3c1x\current_model_input_1.1_inference_prep.pdb,1ufm,A,E57I,E345I,-0.6864377856254578,-0.3953763246536255,-0.5409070253372192,0.14553073048591614
C:\Users\gooud\AppData\Local\Temp\chimerax_rsv_input_nh8_3c1x\current_model_input_1.1_inference_prep.pdb,1ufm,A,E57K,E345K,-0.6781039237976074,-0.6290111541748047,-0.653557538986206,0.024546384811401367
C:\Users\gooud\AppData\Local\Temp\chimerax_rsv_input_nh8_3c1x\current_model_input_1.1_inference_prep.pdb,1ufm,A,E57L,E345L,-0.16183602809906006,-0.05236971005797386,-0.10710287094116211,0.0547331590205431
C:\Users\gooud\AppData\Local\Temp\chimerax_rsv_input_nh8_3c1x\current_model_input_1.1_inference_prep.pdb,1ufm,A,E57M,E345M,-0.05860578268766403,-0.14974933862686157,-0.1041775643825531,-0.04557177796959877
C:\Users\gooud\AppData\Local\Temp\chimerax_rsv_input_nh8_3c1x\current_model_input_1.1_inference_prep.pdb,1ufm,A,E57N,E345N,-0.4525717496871948,-0.47469472885131836,-0.4636332392692566,-0.011061489582061768
C:\Users\gooud\AppData\Local\Temp\chimerax_rsv_input_nh8_3c1x\current_model_input_1.1_inference_prep.pdb,1ufm,A,E57P,E345P,-3.3250741958618164,-1.8154321908950806,-2.5702531337738037,0.7548210024833679
C:\Users\gooud\AppData\Local\Temp\chimerax_rsv_input_nh8_3c1x\current_model_input_1.1_inference_prep.pdb,1ufm,A,E57Q,E345Q,-0.018851719796657562,-0.31010931730270386,-0.164480522274971,-0.14562879875302315
C:\Users\gooud\AppData\Local\Temp\chimerax_rsv_input_nh8_3c1x\current_model_input_1.1_inference_prep.pdb,1ufm,A,E57R,E345R,-0.6674030423164368,-0.521631121635437,-0.5945171117782593,0.07288596034049988
C:\Users\gooud\AppData\Local\Temp\chimerax_rsv_input_nh8_3c1x\current_model_input_1.1_inference_prep.pdb,1ufm,A,E57S,E345S,-0.21163752675056458,-0.23084670305252075,-0.22124211490154266,-0.009604588150978088
C:\Users\gooud\AppData\Local\Temp\chimerax_rsv_input_nh8_3c1x\current_model_input_1.1_inference_prep.pdb,1ufm,A,E57T,E345T,-0.46507495641708374,-0.32291334867477417,-0.39399415254592896,0.07108080387115479
C:\Users\gooud\AppData\Local\Temp\chimerax_rsv_input_nh8_3c1x\current_model_input_1.1_inference_prep.pdb,1ufm,A,E57V,E345V,-0.8933554887771606,-0.6282972097396851,-0.7608263492584229,0.1325291395187378
C:\Users\gooud\AppData\Local\Temp\chimerax_rsv_input_nh8_3c1x\current_model_input_1.1_inference_prep.pdb,1ufm,A,E57W,E345W,-0.6475341320037842,-0.27279165387153625,-0.460162878036499,0.18737123906612396
C:\Users\gooud\AppData\Local\Temp\chimerax_rsv_input_nh8_3c1x\current_model_input_1.1_inference_prep.pdb,1ufm,A,E57Y,E345Y,-0.6294145584106445,-0.4236365854740143,-0.5265255570411682,0.10288898646831512
C:\Users\gooud\AppData\Local\Temp\chimerax_rsv_input_nh8_3c1x\current_model_input_1.1_inference_prep.pdb,1ufm,A,G58A,G346A,-1.3196073770523071,-0.926801860332489,-1.1232045888900757,0.19640275835990906
C:\Users\gooud\AppData\Local\Temp\chimerax_rsv_input_nh8_3c1x\current_model_input_1.1_inference_prep.pdb,1ufm,A,G58C,G346C,-0.70477694272995,-0.2835371494293213,-0.4941570460796356,0.21061989665031433
C:\Users\gooud\AppData\Local\Temp\chimerax_rsv_input_nh8_3c1x\current_model_input_1.1_inference_prep.pdb,1ufm,A,G58D,G346D,-1.7044697999954224,-1.2295873165130615,-1.4670286178588867,0.23744124174118042
C:\Users\gooud\AppData\Local\Temp\chimerax_rsv_input_nh8_3c1x\current_model_input_1.1_inference_prep.pdb,1ufm,A,G58E,G346E,-1.5684624910354614,-1.1112549304962158,-1.3398587703704834,0.2286037802696228
C:\Users\gooud\AppData\Local\Temp\chimerax_rsv_input_nh8_3c1x\current_model_input_1.1_inference_prep.pdb,1ufm,A,G58F,G346F,-1.3819124698638916,-0.8308440446853638,-1.1063783168792725,0.2755342125892639
C:\Users\gooud\AppData\Local\Temp\chimerax_rsv_input_nh8_3c1x\current_model_input_1.1_inference_prep.pdb,1ufm,A,G58H,G346H,-1.0758599042892456,-0.6489018797874451,-0.862380862236023,0.21347901225090027
C:\Users\gooud\AppData\Local\Temp\chimerax_rsv_input_nh8_3c1x\current_model_input_1.1_inference_prep.pdb,1ufm,A,G58I,G346I,-2.0965981483459473,-1.2266250848770142,-1.661611557006836,0.43498653173446655
C:\Users\gooud\AppData\Local\Temp\chimerax_rsv_input_nh8_3c1x\current_model_input_1.1_inference_prep.pdb,1ufm,A,G58K,G346K,-0.931691586971283,-0.6390547156333923,-0.7853731513023376,0.1463184356689453
C:\Users\gooud\AppData\Local\Temp\chimerax_rsv_input_nh8_3c1x\current_model_input_1.1_inference_prep.pdb,1ufm,A,G58L,G346L,-1.2507575750350952,-0.7616820335388184,-1.0062198638916016,0.24453777074813843
C:\Users\gooud\AppData\Local\Temp\chimerax_rsv_input_nh8_3c1x\current_model_input_1.1_inference_prep.pdb,1ufm,A,G58M,G346M,-1.1161370277404785,-0.7091621160507202,-0.9126495718955994,0.20348745584487915
C:\Users\gooud\AppData\Local\Temp\chimerax_rsv_input_nh8_3c1x\current_model_input_1.1_inference_prep.pdb,1ufm,A,G58N,G346N,-0.9232764840126038,-0.6674254536628723,-0.795350968837738,0.12792551517486572
C:\Users\gooud\AppData\Local\Temp\chimerax_rsv_input_nh8_3c1x\current_model_input_1.1_inference_prep.pdb,1ufm,A,G58P,G346P,-3.2327017784118652,-1.8174198865890503,-2.5250608921051025,0.7076409459114075
C:\Users\gooud\AppData\Local\Temp\chimerax_rsv_input_nh8_3c1x\current_model_input_1.1_inference_prep.pdb,1ufm,A,G58Q,G346Q,-1.1755284070968628,-0.8077263832092285,-0.9916273951530457,0.18390101194381714
C:\Users\gooud\AppData\Local\Temp\chimerax_rsv_input_nh8_3c1x\current_model_input_1.1_inference_prep.pdb,1ufm,A,G58R,G346R,-0.9866668581962585,-0.6821133494377136,-0.8343901038169861,0.15227675437927246
C:\Users\gooud\AppData\Local\Temp\chimerax_rsv_input_nh8_3c1x\current_model_input_1.1_inference_prep.pdb,1ufm,A,G58S,G346S,-1.3349367380142212,-0.8959079384803772,-1.1154223680496216,0.219514399766922
C:\Users\gooud\AppData\Local\Temp\chimerax_rsv_input_nh8_3c1x\current_model_input_1.1_inference_prep.pdb,1ufm,A,G58T,G346T,-1.8400800228118896,-1.1228677034378052,-1.4814739227294922,0.35860615968704224
C:\Users\gooud\AppData\Local\Temp\chimerax_rsv_input_nh8_3c1x\current_model_input_1.1_inference_prep.pdb,1ufm,A,G58V,G346V,-2.032021999359131,-1.1783523559570312,-1.605187177658081,0.4268348217010498
C:\Users\gooud\AppData\Local\Temp\chimerax_rsv_input_nh8_3c1x\current_model_input_1.1_inference_prep.pdb,1ufm,A,G58W,G346W,-1.6605287790298462,-0.9042047262191772,-1.2823667526245117,0.3781620264053345
C:\Users\gooud\AppData\Local\Temp\chimerax_rsv_input_nh8_3c1x\current_model_input_1.1_inference_prep.pdb,1ufm,A,G58Y,G346Y,-1.48719322681427,-0.9257082343101501,-1.2064507007598877,0.28074249625205994
C:\Users\gooud\AppData\Local\Temp\chimerax_rsv_input_nh8_3c1x\current_model_input_1.1_inference_prep.pdb,1ufm,A,R59A,R347A,-0.9535151124000549,-0.6844625473022461,-0.8189888000488281,0.13452628254890442
C:\Users\gooud\AppData\Local\Temp\chimerax_rsv_input_nh8_3c1x\current_model_input_1.1_inference_prep.pdb,1ufm,A,R59C,R347C,-0.6139887571334839,-0.25007492303848267,-0.4320318400859833,0.1819569170475006
C:\Users\gooud\AppData\Local\Temp\chimerax_rsv_input_nh8_3c1x\current_model_input_1.1_inference_prep.pdb,1ufm,A,R59D,R347D,-2.0604658126831055,-1.1666350364685059,-1.6135504245758057,0.4469153881072998
C:\Users\gooud\AppData\Local\Temp\chimerax_rsv_input_nh8_3c1x\current_model_input_1.1_inference_prep.pdb,1ufm,A,R59E,R347E,-1.6464512348175049,-1.0098508596420288,-1.328150987625122,0.31830018758773804
C:\Users\gooud\AppData\Local\Temp\chimerax_rsv_input_nh8_3c1x\current_model_input_1.1_inference_prep.pdb,1ufm,A,R59F,R347F,-0.7339298129081726,-0.39029210805892944,-0.562110960483551,0.17181885242462158
C:\Users\gooud\AppData\Local\Temp\chimerax_rsv_input_nh8_3c1x\current_model_input_1.1_inference_prep.pdb,1ufm,A,R59G,R347G,-1.8598363399505615,-0.9866489171981812,-1.4232425689697266,0.4365937113761902
C:\Users\gooud\AppData\Local\Temp\chimerax_rsv_input_nh8_3c1x\current_model_input_1.1_inference_prep.pdb,1ufm,A,R59H,R347H,-0.8172022700309753,-0.4395661950111389,-0.6283842325210571,0.1888180375099182
C:\Users\gooud\AppData\Local\Temp\chimerax_rsv_input_nh8_3c1x\current_model_input_1.1_inference_prep.pdb,1ufm,A,R59I,R347I,-0.40303662419319153,-0.29932379722595215,-0.35118019580841064,0.05185641348361969
C:\Users\gooud\AppData\Local\Temp\chimerax_rsv_input_nh8_3c1x\current_model_input_1.1_inference_prep.pdb,1ufm,A,R59K,R347K,0.07201121747493744,-0.1941525638103485,-0.061070673167705536,-0.13308189064264297
C:\Users\gooud\AppData\Local\Temp\chimerax_rsv_input_nh8_3c1x\current_model_input_1.1_inference_prep.pdb,1ufm,A,R59L,R347L,-0.1287287175655365,-0.20261150598526,-0.16567011177539825,-0.036941394209861755
C:\Users\gooud\AppData\Local\Temp\chimerax_rsv_input_nh8_3c1x\current_model_input_1.1_inference_prep.pdb,1ufm,A,R59M,R347M,-0.36071640253067017,-0.45508289337158203,-0.4078996479511261,-0.04718324542045593
C:\Users\gooud\AppData\Local\Temp\chimerax_rsv_input_nh8_3c1x\current_model_input_1.1_inference_prep.pdb,1ufm,A,R59N,R347N,-1.132423758506775,-0.7347245216369629,-0.9335741400718689,0.198849618434906
C:\Users\gooud\AppData\Local\Temp\chimerax_rsv_input_nh8_3c1x\current_model_input_1.1_inference_prep.pdb,1ufm,A,R59P,R347P,-2.8133840560913086,-1.3585176467895508,-2.0859508514404297,0.7274332046508789
C:\Users\gooud\AppData\Local\Temp\chimerax_rsv_input_nh8_3c1x\current_model_input_1.1_inference_prep.pdb,1ufm,A,R59Q,R347Q,-0.7953431606292725,-0.5896550416946411,-0.6924991011619568,0.10284405946731567
C:\Users\gooud\AppData\Local\Temp\chimerax_rsv_input_nh8_3c1x\current_model_input_1.1_inference_prep.pdb,1ufm,A,R59S,R347S,-1.214765191078186,-0.7576342225074768,-0.9861997365951538,0.22856548428535461
C:\Users\gooud\AppData\Local\Temp\chimerax_rsv_input_nh8_3c1x\current_model_input_1.1_inference_prep.pdb,1ufm,A,R59T,R347T,-1.1322208642959595,-0.648098886013031,-0.8901598453521729,0.24206098914146423
C:\Users\gooud\AppData\Local\Temp\chimerax_rsv_input_nh8_3c1x\current_model_input_1.1_inference_prep.pdb,1ufm,A,R59V,R347V,-0.6480660438537598,-0.42807716131210327,-0.5380716323852539,0.10999444127082825
C:\Users\gooud\AppData\Local\Temp\chimerax_rsv_input_nh8_3c1x\current_model_input_1.1_inference_prep.pdb,1ufm,A,R59W,R347W,-0.946367084980011,-0.48469507694244385,-0.7155311107635498,0.23083600401878357
C:\Users\gooud\AppData\Local\Temp\chimerax_rsv_input_nh8_3c1x\current_model_input_1.1_inference_prep.pdb,1ufm,A,R59Y,R347Y,-0.7222065329551697,-0.4649253785610199,-0.5935659408569336,0.1286405771970749
C:\Users\gooud\AppData\Local\Temp\chimerax_rsv_input_nh8_3c1x\current_model_input_1.1_inference_prep.pdb,1ufm,A,M60A,M348A,-1.333999514579773,-0.9276669025421143,-1.1308331489562988,0.20316630601882935
C:\Users\gooud\AppData\Local\Temp\chimerax_rsv_input_nh8_3c1x\current_model_input_1.1_inference_prep.pdb,1ufm,A,M60C,M348C,-1.059503197669983,-0.17358919978141785,-0.6165462136268616,0.44295699894428253
C:\Users\gooud\AppData\Local\Temp\chimerax_rsv_input_nh8_3c1x\current_model_input_1.1_inference_prep.pdb,1ufm,A,M60D,M348D,-3.0501229763031006,-2.042039394378662,-2.546081066131592,0.5040417909622192
C:\Users\gooud\AppData\Local\Temp\chimerax_rsv_input_nh8_3c1x\current_model_input_1.1_inference_prep.pdb,1ufm,A,M60E,M348E,-2.8156332969665527,-1.886860966682434,-2.3512470722198486,0.4643861651420593
C:\Users\gooud\AppData\Local\Temp\chimerax_rsv_input_nh8_3c1x\current_model_input_1.1_inference_prep.pdb,1ufm,A,M60F,M348F,-1.064885139465332,-0.5642108917236328,-0.8145480155944824,0.2503371238708496
C:\Users\gooud\AppData\Local\Temp\chimerax_rsv_input_nh8_3c1x\current_model_input_1.1_inference_prep.pdb,1ufm,A,M60G,M348G,-2.3363471031188965,-1.556687831878662,-1.9465174674987793,0.3898296356201172
C:\Users\gooud\AppData\Local\Temp\chimerax_rsv_input_nh8_3c1x\current_model_input_1.1_inference_prep.pdb,1ufm,A,M60H,M348H,-2.3142476081848145,-1.64839506149292,-1.9813213348388672,0.33292627334594727
C:\Users\gooud\AppData\Local\Temp\chimerax_rsv_input_nh8_3c1x\current_model_input_1.1_inference_prep.pdb,1ufm,A,M60I,M348I,0.22255179286003113,0.4964439272880554,0.3594978451728821,0.13694606721401215
C:\Users\gooud\AppData\Local\Temp\chimerax_rsv_input_nh8_3c1x\current_model_input_1.1_inference_prep.pdb,1ufm,A,M60K,M348K,-2.338224411010742,-1.6453399658203125,-1.9917821884155273,0.34644222259521484
C:\Users\gooud\AppData\Local\Temp\chimerax_rsv_input_nh8_3c1x\current_model_input_1.1_inference_prep.pdb,1ufm,A,M60L,M348L,0.631073534488678,0.3372580409049988,0.4841657876968384,-0.1469077467918396
C:\Users\gooud\AppData\Local\Temp\chimerax_rsv_input_nh8_3c1x\current_model_input_1.1_inference_prep.pdb,1ufm,A,M60N,M348N,-2.5065231323242188,-1.795089602470398,-2.150806427001953,0.3557167649269104
C:\Users\gooud\AppData\Local\Temp\chimerax_rsv_input_nh8_3c1x\current_model_input_1.1_inference_prep.pdb,1ufm,A,M60P,M348P,-2.951133966445923,-1.7253103256225586,-2.338222026824951,0.6129118204116821
C:\Users\gooud\AppData\Local\Temp\chimerax_rsv_input_nh8_3c1x\current_model_input_1.1_inference_prep.pdb,1ufm,A,M60Q,M348Q,-2.282240390777588,-1.742783784866333,-2.01251220703125,0.26972830295562744
C:\Users\gooud\AppData\Local\Temp\chimerax_rsv_input_nh8_3c1x\current_model_input_1.1_inference_prep.pdb,1ufm,A,M60R,M348R,-2.264674425125122,-1.610228419303894,-1.9374513626098633,0.327223002910614
C:\Users\gooud\AppData\Local\Temp\chimerax_rsv_input_nh8_3c1x\current_model_input_1.1_inference_prep.pdb,1ufm,A,M60S,M348S,-2.1520824432373047,-1.412023901939392,-1.7820532321929932,0.3700292706489563
C:\Users\gooud\AppData\Local\Temp\chimerax_rsv_input_nh8_3c1x\current_model_input_1.1_inference_prep.pdb,1ufm,A,M60T,M348T,-1.9695502519607544,-1.164361596107483,-1.5669559240341187,0.40259432792663574
C:\Users\gooud\AppData\Local\Temp\chimerax_rsv_input_nh8_3c1x\current_model_input_1.1_inference_prep.pdb,1ufm,A,M60V,M348V,-0.5126055479049683,-0.11696386337280273,-0.3147847056388855,0.19782084226608276
C:\Users\gooud\AppData\Local\Temp\chimerax_rsv_input_nh8_3c1x\current_model_input_1.1_inference_prep.pdb,1ufm,A,M60W,M348W,-1.5180047750473022,-0.958612322807312,-1.2383085489273071,0.2796962261199951
C:\Users\gooud\AppData\Local\Temp\chimerax_rsv_input_nh8_3c1x\current_model_input_1.1_inference_prep.pdb,1ufm,A,M60Y,M348Y,-1.7734813690185547,-1.0200178623199463,-1.3967496156692505,0.3767317533493042
C:\Users\gooud\AppData\Local\Temp\chimerax_rsv_input_nh8_3c1x\current_model_input_1.1_inference_prep.pdb,1ufm,A,N61A,N349A,-0.4578154683113098,-0.2899090051651001,-0.37386223673820496,0.08395323157310486
C:\Users\gooud\AppData\Local\Temp\chimerax_rsv_input_nh8_3c1x\current_model_input_1.1_inference_prep.pdb,1ufm,A,N61C,N349C,-0.0900893434882164,0.3497806191444397,0.12984563410282135,0.21993498131632805
C:\Users\gooud\AppData\Local\Temp\chimerax_rsv_input_nh8_3c1x\current_model_input_1.1_inference_prep.pdb,1ufm,A,N61D,N349D,-0.7573081254959106,-0.6233212351799011,-0.6903146505355835,0.06699344515800476
C:\Users\gooud\AppData\Local\Temp\chimerax_rsv_input_nh8_3c1x\current_model_input_1.1_inference_prep.pdb,1ufm,A,N61E,N349E,-0.9137327671051025,-0.5487504005432129,-0.7312415838241577,0.18249118328094482
C:\Users\gooud\AppData\Local\Temp\chimerax_rsv_input_nh8_3c1x\current_model_input_1.1_inference_prep.pdb,1ufm,A,N61F,N349F,-0.14539024233818054,-0.04402442276477814,-0.09470733255147934,0.0506829097867012
C:\Users\gooud\AppData\Local\Temp\chimerax_rsv_input_nh8_3c1x\current_model_input_1.1_inference_prep.pdb,1ufm,A,N61G,N349G,-0.8747460842132568,-0.5240257978439331,-0.699385941028595,0.17536014318466187
C:\Users\gooud\AppData\Local\Temp\chimerax_rsv_input_nh8_3c1x\current_model_input_1.1_inference_prep.pdb,1ufm,A,N61H,N349H,0.05566568672657013,0.0998406857252121,0.07775318622589111,0.022087499499320984
C:\Users\gooud\AppData\Local\Temp\chimerax_rsv_input_nh8_3c1x\current_model_input_1.1_inference_prep.pdb,1ufm,A,N61I,N349I,-0.34844154119491577,-0.061703212559223175,-0.20507237315177917,0.1433691643178463
C:\Users\gooud\AppData\Local\Temp\chimerax_rsv_input_nh8_3c1x\current_model_input_1.1_inference_prep.pdb,1ufm,A,N61K,N349K,0.08586475253105164,0.0161573588848114,0.05101105570793152,-0.03485369682312012
C:\Users\gooud\AppData\Local\Temp\chimerax_rsv_input_nh8_3c1x\current_model_input_1.1_inference_prep.pdb,1ufm,A,N61L,N349L,-0.4152885377407074,-0.12974059581756592,-0.27251458168029785,0.14277397096157074
C:\Users\gooud\AppData\Local\Temp\chimerax_rsv_input_nh8_3c1x\current_model_input_1.1_inference_prep.pdb,1ufm,A,N61M,N349M,-0.37287262082099915,-0.18579575419425964,-0.2793341875076294,0.09353843331336975
C:\Users\gooud\AppData\Local\Temp\chimerax_rsv_input_nh8_3c1x\current_model_input_1.1_inference_prep.pdb,1ufm,A,N61P,N349P,-1.163138508796692,-0.5230024456977844,-0.8430705070495605,0.32006803154945374
C:\Users\gooud\AppData\Local\Temp\chimerax_rsv_input_nh8_3c1x\current_model_input_1.1_inference_prep.pdb,1ufm,A,N61Q,N349Q,-0.2420741319656372,-0.1845296025276184,-0.2133018672466278,0.0287722647190094
C:\Users\gooud\AppData\Local\Temp\chimerax_rsv_input_nh8_3c1x\current_model_input_1.1_inference_prep.pdb,1ufm,A,N61R,N349R,0.16205820441246033,0.07794693112373352,0.12000256776809692,-0.0420556366443634
C:\Users\gooud\AppData\Local\Temp\chimerax_rsv_input_nh8_3c1x\current_model_input_1.1_inference_prep.pdb,1ufm,A,N61S,N349S,-0.0760592445731163,-0.03928174823522568,-0.05767049640417099,0.018388748168945312
C:\Users\gooud\AppData\Local\Temp\chimerax_rsv_input_nh8_3c1x\current_model_input_1.1_inference_prep.pdb,1ufm,A,N61T,N349T,-0.3108728528022766,-0.13116060197353363,-0.22101673483848572,0.08985612541437149
C:\Users\gooud\AppData\Local\Temp\chimerax_rsv_input_nh8_3c1x\current_model_input_1.1_inference_prep.pdb,1ufm,A,N61V,N349V,-0.45667290687561035,-0.20708562433719635,-0.33187925815582275,0.124793641269207
C:\Users\gooud\AppData\Local\Temp\chimerax_rsv_input_nh8_3c1x\current_model_input_1.1_inference_prep.pdb,1ufm,A,N61W,N349W,-0.19416755437850952,-0.022982008755207062,-0.108574777841568,0.08559277281165123
C:\Users\gooud\AppData\Local\Temp\chimerax_rsv_input_nh8_3c1x\current_model_input_1.1_inference_prep.pdb,1ufm,A,N61Y,N349Y,-0.2969316840171814,-0.11333652585744858,-0.20513410866260529,0.09179757907986641
C:\Users\gooud\AppData\Local\Temp\chimerax_rsv_input_nh8_3c1x\current_model_input_1.1_inference_prep.pdb,1ufm,A,G62A,G350A,-0.5878487229347229,-0.20038890838623047,-0.3941188156604767,0.19372990727424622
C:\Users\gooud\AppData\Local\Temp\chimerax_rsv_input_nh8_3c1x\current_model_input_1.1_inference_prep.pdb,1ufm,A,G62C,G350C,-0.6781904101371765,-0.37538033723831177,-0.5267853736877441,0.15140503644943237
C:\Users\gooud\AppData\Local\Temp\chimerax_rsv_input_nh8_3c1x\current_model_input_1.1_inference_prep.pdb,1ufm,A,G62D,G350D,-2.5567030906677246,-2.1219706535339355,-2.33933687210083,0.21736621856689453
C:\Users\gooud\AppData\Local\Temp\chimerax_rsv_input_nh8_3c1x\current_model_input_1.1_inference_prep.pdb,1ufm,A,G62E,G350E,-2.300046920776367,-1.923690676689148,-2.1118688583374023,0.18817812204360962
C:\Users\gooud\AppData\Local\Temp\chimerax_rsv_input_nh8_3c1x\current_model_input_1.1_inference_prep.pdb,1ufm,A,G62F,G350F,-1.4020023345947266,-0.9936361312866211,-1.1978192329406738,0.20418310165405273
C:\Users\gooud\AppData\Local\Temp\chimerax_rsv_input_nh8_3c1x\current_model_input_1.1_inference_prep.pdb,1ufm,A,G62H,G350H,-2.156827449798584,-1.7610890865325928,-1.9589582681655884,0.1978691816329956
C:\Users\gooud\AppData\Local\Temp\chimerax_rsv_input_nh8_3c1x\current_model_input_1.1_inference_prep.pdb,1ufm,A,G62I,G350I,-1.5182133913040161,-0.8867518305778503,-1.2024825811386108,0.3157307803630829
C:\Users\gooud\AppData\Local\Temp\chimerax_rsv_input_nh8_3c1x\current_model_input_1.1_inference_prep.pdb,1ufm,A,G62K,G350K,-2.1940927505493164,-1.8285455703735352,-2.011319160461426,0.18277359008789062
C:\Users\gooud\AppData\Local\Temp\chimerax_rsv_input_nh8_3c1x\current_model_input_1.1_inference_prep.pdb,1ufm,A,G62L,G350L,-1.7397773265838623,-1.0571532249450684,-1.3984652757644653,0.341312050819397
C:\Users\gooud\AppData\Local\Temp\chimerax_rsv_input_nh8_3c1x\current_model_input_1.1_inference_prep.pdb,1ufm,A,G62M,G350M,-1.5837419033050537,-1.2178632020950317,-1.4008026123046875,0.182939350605011
C:\Users\gooud\AppData\Local\Temp\chimerax_rsv_input_nh8_3c1x\current_model_input_1.1_inference_prep.pdb,1ufm,A,G62N,G350N,-2.3910818099975586,-1.9299339056015015,-2.160507917404175,0.23057395219802856
C:\Users\gooud\AppData\Local\Temp\chimerax_rsv_input_nh8_3c1x\current_model_input_1.1_inference_prep.pdb,1ufm,A,G62P,G350P,-2.299879789352417,-1.638702392578125,-1.969291090965271,0.330588698387146
C:\Users\gooud\AppData\Local\Temp\chimerax_rsv_input_nh8_3c1x\current_model_input_1.1_inference_prep.pdb,1ufm,A,G62Q,G350Q,-2.317204713821411,-1.93733811378479,-2.1272714138031006,0.18993330001831055
C:\Users\gooud\AppData\Local\Temp\chimerax_rsv_input_nh8_3c1x\current_model_input_1.1_inference_prep.pdb,1ufm,A,G62R,G350R,-1.9804950952529907,-1.8017702102661133,-1.8911325931549072,0.08936244249343872
C:\Users\gooud\AppData\Local\Temp\chimerax_rsv_input_nh8_3c1x\current_model_input_1.1_inference_prep.pdb,1ufm,A,G62S,G350S,-1.4768834114074707,-1.338516116142273,-1.4076998233795166,0.06918364763259888
C:\Users\gooud\AppData\Local\Temp\chimerax_rsv_input_nh8_3c1x\current_model_input_1.1_inference_prep.pdb,1ufm,A,G62T,G350T,-1.996791958808899,-1.6631217002868652,-1.8299567699432373,0.16683512926101685
C:\Users\gooud\AppData\Local\Temp\chimerax_rsv_input_nh8_3c1x\current_model_input_1.1_inference_prep.pdb,1ufm,A,G62V,G350V,-1.257879614830017,-1.0097649097442627,-1.1338222026824951,0.1240573525428772
C:\Users\gooud\AppData\Local\Temp\chimerax_rsv_input_nh8_3c1x\current_model_input_1.1_inference_prep.pdb,1ufm,A,G62W,G350W,-1.3632938861846924,-0.6285513043403625,-0.9959225654602051,0.3673712909221649
C:\Users\gooud\AppData\Local\Temp\chimerax_rsv_input_nh8_3c1x\current_model_input_1.1_inference_prep.pdb,1ufm,A,G62Y,G350Y,-1.511722445487976,-1.0566363334655762,-1.284179449081421,0.22754305601119995
C:\Users\gooud\AppData\Local\Temp\chimerax_rsv_input_nh8_3c1x\current_model_input_1.1_inference_prep.pdb,1ufm,A,F63A,F351A,-1.0492249727249146,-0.8809912800788879,-0.9651081562042236,0.0841168463230133
C:\Users\gooud\AppData\Local\Temp\chimerax_rsv_input_nh8_3c1x\current_model_input_1.1_inference_prep.pdb,1ufm,A,F63C,F351C,-0.31858235597610474,-0.4085477292537689,-0.36356502771377563,-0.04498268663883209
C:\Users\gooud\AppData\Local\Temp\chimerax_rsv_input_nh8_3c1x\current_model_input_1.1_inference_prep.pdb,1ufm,A,F63D,F351D,-1.8113032579421997,-1.4498902559280396,-1.6305967569351196,0.18070650100708008
C:\Users\gooud\AppData\Local\Temp\chimerax_rsv_input_nh8_3c1x\current_model_input_1.1_inference_prep.pdb,1ufm,A,F63E,F351E,-1.3453871011734009,-0.9813522696495056,-1.1633696556091309,0.18201741576194763
C:\Users\gooud\AppData\Local\Temp\chimerax_rsv_input_nh8_3c1x\current_model_input_1.1_inference_prep.pdb,1ufm,A,F63G,F351G,-1.6393624544143677,-1.4019129276275635,-1.5206377506256104,0.1187247633934021
C:\Users\gooud\AppData\Local\Temp\chimerax_rsv_input_nh8_3c1x\current_model_input_1.1_inference_prep.pdb,1ufm,A,F63H,F351H,-0.11555815488100052,-0.15812963247299194,-0.13684388995170593,-0.021285738795995712
C:\Users\gooud\AppData\Local\Temp\chimerax_rsv_input_nh8_3c1x\current_model_input_1.1_inference_prep.pdb,1ufm,A,F63I,F351I,-0.405617356300354,-0.33831167221069336,-0.3719645142555237,0.03365284204483032
C:\Users\gooud\AppData\Local\Temp\chimerax_rsv_input_nh8_3c1x\current_model_input_1.1_inference_prep.pdb,1ufm,A,F63K,F351K,-0.48142170906066895,-0.4809611141681671,-0.48119139671325684,0.00023029744625091553
C:\Users\gooud\AppData\Local\Temp\chimerax_rsv_input_nh8_3c1x\current_model_input_1.1_inference_prep.pdb,1ufm,A,F63L,F351L,-0.9187013506889343,-0.6373456716537476,-0.7780234813690186,0.14067783951759338
C:\Users\gooud\AppData\Local\Temp\chimerax_rsv_input_nh8_3c1x\current_model_input_1.1_inference_prep.pdb,1ufm,A,F63M,F351M,-0.7884044051170349,-0.5638163685798645,-0.6761103868484497,0.1122940182685852
C:\Users\gooud\AppData\Local\Temp\chimerax_rsv_input_nh8_3c1x\current_model_input_1.1_inference_prep.pdb,1ufm,A,F63N,F351N,-1.1888377666473389,-0.9800770282745361,-1.0844573974609375,0.10438036918640137
C:\Users\gooud\AppData\Local\Temp\chimerax_rsv_input_nh8_3c1x\current_model_input_1.1_inference_prep.pdb,1ufm,A,F63P,F351P,-2.769977331161499,-1.752925992012024,-2.2614517211914062,0.5085256695747375
C:\Users\gooud\AppData\Local\Temp\chimerax_rsv_input_nh8_3c1x\current_model_input_1.1_inference_prep.pdb,1ufm,A,F63Q,F351Q,-0.9824631810188293,-0.7372633218765259,-0.85986328125,0.12259992957115173
C:\Users\gooud\AppData\Local\Temp\chimerax_rsv_input_nh8_3c1x\current_model_input_1.1_inference_prep.pdb,1ufm,A,F63R,F351R,-0.23374271392822266,-0.32563838362693787,-0.27969056367874146,-0.045947834849357605
C:\Users\gooud\AppData\Local\Temp\chimerax_rsv_input_nh8_3c1x\current_model_input_1.1_inference_prep.pdb,1ufm,A,F63S,F351S,-0.6033204793930054,-0.5553024411201477,-0.5793114900588989,0.024009019136428833
C:\Users\gooud\AppData\Local\Temp\chimerax_rsv_input_nh8_3c1x\current_model_input_1.1_inference_prep.pdb,1ufm,A,F63T,F351T,-0.37933504581451416,-0.34072017669677734,-0.36002761125564575,0.019307434558868408
C:\Users\gooud\AppData\Local\Temp\chimerax_rsv_input_nh8_3c1x\current_model_input_1.1_inference_prep.pdb,1ufm,A,F63V,F351V,-0.3776751756668091,-0.35935455560684204,-0.36851486563682556,0.00916031002998352
C:\Users\gooud\AppData\Local\Temp\chimerax_rsv_input_nh8_3c1x\current_model_input_1.1_inference_prep.pdb,1ufm,A,F63W,F351W,0.203105628490448,-0.004095360636711121,0.09950513392686844,-0.10360049456357956
C:\Users\gooud\AppData\Local\Temp\chimerax_rsv_input_nh8_3c1x\current_model_input_1.1_inference_prep.pdb,1ufm,A,F63Y,F351Y,0.2857711911201477,0.11387041211128235,0.19982080161571503,-0.08595038950443268
C:\Users\gooud\AppData\Local\Temp\chimerax_rsv_input_nh8_3c1x\current_model_input_1.1_inference_prep.pdb,1ufm,A,I64A,I352A,-2.1640725135803223,-1.5238409042358398,-1.843956708908081,0.3201158046722412
C:\Users\gooud\AppData\Local\Temp\chimerax_rsv_input_nh8_3c1x\current_model_input_1.1_inference_prep.pdb,1ufm,A,I64C,I352C,-1.410357117652893,-0.8774324059486389,-1.1438947916030884,0.2664623558521271
C:\Users\gooud\AppData\Local\Temp\chimerax_rsv_input_nh8_3c1x\current_model_input_1.1_inference_prep.pdb,1ufm,A,I64D,I352D,-3.2512309551239014,-2.0935864448547363,-2.6724085807800293,0.5788222551345825
C:\Users\gooud\AppData\Local\Temp\chimerax_rsv_input_nh8_3c1x\current_model_input_1.1_inference_prep.pdb,1ufm,A,I64E,I352E,-3.2365572452545166,-2.031771183013916,-2.634164333343506,0.6023930311203003
C:\Users\gooud\AppData\Local\Temp\chimerax_rsv_input_nh8_3c1x\current_model_input_1.1_inference_prep.pdb,1ufm,A,I64F,I352F,-1.3810467720031738,-0.8552133440971375,-1.118130087852478,0.2629167139530182
C:\Users\gooud\AppData\Local\Temp\chimerax_rsv_input_nh8_3c1x\current_model_input_1.1_inference_prep.pdb,1ufm,A,I64G,I352G,-2.9545772075653076,-2.100813627243042,-2.527695417404175,0.4268817901611328
C:\Users\gooud\AppData\Local\Temp\chimerax_rsv_input_nh8_3c1x\current_model_input_1.1_inference_prep.pdb,1ufm,A,I64H,I352H,-2.1814839839935303,-1.7699320316314697,-1.9757080078125,0.20577597618103027
C:\Users\gooud\AppData\Local\Temp\chimerax_rsv_input_nh8_3c1x\current_model_input_1.1_inference_prep.pdb,1ufm,A,I64K,I352K,-2.5904014110565186,-1.6382224559783936,-2.114311933517456,0.4760894775390625
C:\Users\gooud\AppData\Local\Temp\chimerax_rsv_input_nh8_3c1x\current_model_input_1.1_inference_prep.pdb,1ufm,A,I64L,I352L,-0.8902442455291748,-0.5459336042404175,-0.7180889248847961,0.17215532064437866
C:\Users\gooud\AppData\Local\Temp\chimerax_rsv_input_nh8_3c1x\current_model_input_1.1_inference_prep.pdb,1ufm,A,I64M,I352M,-1.4299938678741455,-0.821897566318512,-1.1259456872940063,0.3040481507778168
C:\Users\gooud\AppData\Local\Temp\chimerax_rsv_input_nh8_3c1x\current_model_input_1.1_inference_prep.pdb,1ufm,A,I64N,I352N,-2.5638997554779053,-2.1185717582702637,-2.341235637664795,0.2226639986038208
C:\Users\gooud\AppData\Local\Temp\chimerax_rsv_input_nh8_3c1x\current_model_input_1.1_inference_prep.pdb,1ufm,A,I64P,I352P,-2.5817739963531494,-1.424910306930542,-2.0033421516418457,0.5784318447113037
C:\Users\gooud\AppData\Local\Temp\chimerax_rsv_input_nh8_3c1x\current_model_input_1.1_inference_prep.pdb,1ufm,A,I64Q,I352Q,-2.7935397624969482,-1.8362826108932495,-2.314911127090454,0.47862857580184937
C:\Users\gooud\AppData\Local\Temp\chimerax_rsv_input_nh8_3c1x\current_model_input_1.1_inference_prep.pdb,1ufm,A,I64R,I352R,-2.4829864501953125,-1.4943584203720093,-1.9886724948883057,0.4943140149116516
C:\Users\gooud\AppData\Local\Temp\chimerax_rsv_input_nh8_3c1x\current_model_input_1.1_inference_prep.pdb,1ufm,A,I64S,I352S,-2.5731892585754395,-1.8725031614303589,-2.222846269607544,0.3503430485725403
C:\Users\gooud\AppData\Local\Temp\chimerax_rsv_input_nh8_3c1x\current_model_input_1.1_inference_prep.pdb,1ufm,A,I64T,I352T,-2.105424642562866,-1.4727996587753296,-1.7891120910644531,0.3163124918937683
C:\Users\gooud\AppData\Local\Temp\chimerax_rsv_input_nh8_3c1x\current_model_input_1.1_inference_prep.pdb,1ufm,A,I64V,I352V,-0.4286612868309021,-0.3529592752456665,-0.3908102810382843,0.0378510057926178
C:\Users\gooud\AppData\Local\Temp\chimerax_rsv_input_nh8_3c1x\current_model_input_1.1_inference_prep.pdb,1ufm,A,I64W,I352W,-1.8404842615127563,-0.8670749068260193,-1.3537795543670654,0.48670467734336853
C:\Users\gooud\AppData\Local\Temp\chimerax_rsv_input_nh8_3c1x\current_model_input_1.1_inference_prep.pdb,1ufm,A,I64Y,I352Y,-1.4251415729522705,-0.8962112069129944,-1.16067636013031,0.26446518301963806
C:\Users\gooud\AppData\Local\Temp\chimerax_rsv_input_nh8_3c1x\current_model_input_1.1_inference_prep.pdb,1ufm,A,D65A,D353A,-1.3305307626724243,-0.565268874168396,-0.9478998184204102,0.38263094425201416
C:\Users\gooud\AppData\Local\Temp\chimerax_rsv_input_nh8_3c1x\current_model_input_1.1_inference_prep.pdb,1ufm,A,D65C,D353C,-0.13858962059020996,0.3010273575782776,0.08121886849403381,0.21980848908424377
C:\Users\gooud\AppData\Local\Temp\chimerax_rsv_input_nh8_3c1x\current_model_input_1.1_inference_prep.pdb,1ufm,A,D65E,D353E,-1.0703401565551758,-0.5684391260147095,-0.8193896412849426,0.25095051527023315
C:\Users\gooud\AppData\Local\Temp\chimerax_rsv_input_nh8_3c1x\current_model_input_1.1_inference_prep.pdb,1ufm,A,D65F,D353F,-1.4039623737335205,-0.2166297733783722,-0.8102960586547852,0.5936663001775742
C:\Users\gooud\AppData\Local\Temp\chimerax_rsv_input_nh8_3c1x\current_model_input_1.1_inference_prep.pdb,1ufm,A,D65G,D353G,-1.6594427824020386,-0.45417872071266174,-1.056810736656189,0.6026320308446884
C:\Users\gooud\AppData\Local\Temp\chimerax_rsv_input_nh8_3c1x\current_model_input_1.1_inference_prep.pdb,1ufm,A,D65H,D353H,-1.1970584392547607,-0.32192736864089966,-0.7594928741455078,0.43756553530693054
C:\Users\gooud\AppData\Local\Temp\chimerax_rsv_input_nh8_3c1x\current_model_input_1.1_inference_prep.pdb,1ufm,A,D65I,D353I,-1.0896356105804443,-0.10350216925144196,-0.5965688824653625,0.4930667206645012
C:\Users\gooud\AppData\Local\Temp\chimerax_rsv_input_nh8_3c1x\current_model_input_1.1_inference_prep.pdb,1ufm,A,D65K,D353K,-1.5064177513122559,-0.31360936164855957,-0.9100135564804077,0.5964041948318481
C:\Users\gooud\AppData\Local\Temp\chimerax_rsv_input_nh8_3c1x\current_model_input_1.1_inference_prep.pdb,1ufm,A,D65L,D353L,-1.0570993423461914,-0.2568637728691101,-0.6569815874099731,0.40011778473854065
C:\Users\gooud\AppData\Local\Temp\chimerax_rsv_input_nh8_3c1x\current_model_input_1.1_inference_prep.pdb,1ufm,A,D65M,D353M,-1.175552487373352,-0.2354341447353363,-0.7054933309555054,0.4700591713190079
C:\Users\gooud\AppData\Local\Temp\chimerax_rsv_input_nh8_3c1x\current_model_input_1.1_inference_prep.pdb,1ufm,A,D65N,D353N,-0.684761643409729,-0.24185004830360413,-0.46330583095550537,0.22145579755306244
C:\Users\gooud\AppData\Local\Temp\chimerax_rsv_input_nh8_3c1x\current_model_input_1.1_inference_prep.pdb,1ufm,A,D65P,D353P,-2.3650615215301514,-1.1414309740066528,-1.7532463073730469,0.6118152737617493
C:\Users\gooud\AppData\Local\Temp\chimerax_rsv_input_nh8_3c1x\current_model_input_1.1_inference_prep.pdb,1ufm,A,D65Q,D353Q,-1.273120641708374,-0.5173314809799194,-0.8952260613441467,0.3778945803642273
C:\Users\gooud\AppData\Local\Temp\chimerax_rsv_input_nh8_3c1x\current_model_input_1.1_inference_prep.pdb,1ufm,A,D65R,D353R,-1.5162606239318848,-0.1380263864994049,-0.8271434903144836,0.6891171187162399
C:\Users\gooud\AppData\Local\Temp\chimerax_rsv_input_nh8_3c1x\current_model_input_1.1_inference_prep.pdb,1ufm,A,D65S,D353S,-0.7865957021713257,-0.027623064815998077,-0.4071093797683716,0.3794863186776638
C:\Users\gooud\AppData\Local\Temp\chimerax_rsv_input_nh8_3c1x\current_model_input_1.1_inference_prep.pdb,1ufm,A,D65T,D353T,-1.3120540380477905,-0.17275822162628174,-0.7424061298370361,0.5696479082107544
C:\Users\gooud\AppData\Local\Temp\chimerax_rsv_input_nh8_3c1x\current_model_input_1.1_inference_prep.pdb,1ufm,A,D65V,D353V,-1.13292396068573,-0.1827547550201416,-0.6578393578529358,0.4750846028327942
C:\Users\gooud\AppData\Local\Temp\chimerax_rsv_input_nh8_3c1x\current_model_input_1.1_inference_prep.pdb,1ufm,A,D65W,D353W,-1.567015528678894,-0.2364579439163208,-0.9017367362976074,0.6652787923812866
C:\Users\gooud\AppData\Local\Temp\chimerax_rsv_input_nh8_3c1x\current_model_input_1.1_inference_prep.pdb,1ufm,A,D65Y,D353Y,-1.3782521486282349,-0.24569568037986755,-0.8119739294052124,0.5662782341241837
C:\Users\gooud\AppData\Local\Temp\chimerax_rsv_input_nh8_3c1x\current_model_input_1.1_inference_prep.pdb,1ufm,A,Q66A,Q354A,-0.03186717629432678,-0.14708837866783142,-0.0894777774810791,-0.05761060118675232
C:\Users\gooud\AppData\Local\Temp\chimerax_rsv_input_nh8_3c1x\current_model_input_1.1_inference_prep.pdb,1ufm,A,Q66C,Q354C,0.26516714692115784,0.13312479853630066,0.19914597272872925,-0.06602117419242859
C:\Users\gooud\AppData\Local\Temp\chimerax_rsv_input_nh8_3c1x\current_model_input_1.1_inference_prep.pdb,1ufm,A,Q66D,Q354D,-0.41937562823295593,-0.4329194724559784,-0.42614755034446716,-0.0067719221115112305
C:\Users\gooud\AppData\Local\Temp\chimerax_rsv_input_nh8_3c1x\current_model_input_1.1_inference_prep.pdb,1ufm,A,Q66E,Q354E,-0.13138464093208313,-0.28578853607177734,-0.20858658850193024,-0.0772019475698471
C:\Users\gooud\AppData\Local\Temp\chimerax_rsv_input_nh8_3c1x\current_model_input_1.1_inference_prep.pdb,1ufm,A,Q66F,Q354F,0.19440338015556335,0.3167637884616852,0.25558358430862427,0.06118020415306091
C:\Users\gooud\AppData\Local\Temp\chimerax_rsv_input_nh8_3c1x\current_model_input_1.1_inference_prep.pdb,1ufm,A,Q66G,Q354G,-0.3826362192630768,-0.2259044349193573,-0.30427032709121704,0.07836589217185974
C:\Users\gooud\AppData\Local\Temp\chimerax_rsv_input_nh8_3c1x\current_model_input_1.1_inference_prep.pdb,1ufm,A,Q66H,Q354H,0.4838410019874573,0.4097088575363159,0.4467749297618866,-0.03706607222557068
C:\Users\gooud\AppData\Local\Temp\chimerax_rsv_input_nh8_3c1x\current_model_input_1.1_inference_prep.pdb,1ufm,A,Q66I,Q354I,0.3381258249282837,0.24442553520202637,0.29127568006515503,-0.04685014486312866
C:\Users\gooud\AppData\Local\Temp\chimerax_rsv_input_nh8_3c1x\current_model_input_1.1_inference_prep.pdb,1ufm,A,Q66K,Q354K,0.5392917394638062,0.3435746431350708,0.4414331912994385,-0.09785854816436768
C:\Users\gooud\AppData\Local\Temp\chimerax_rsv_input_nh8_3c1x\current_model_input_1.1_inference_prep.pdb,1ufm,A,Q66L,Q354L,0.3762894570827484,0.3063446581363678,0.3413170576095581,-0.03497239947319031
C:\Users\gooud\AppData\Local\Temp\chimerax_rsv_input_nh8_3c1x\current_model_input_1.1_inference_prep.pdb,1ufm,A,Q66M,Q354M,0.4032071530818939,0.265985369682312,0.33459627628326416,-0.06861089169979095
C:\Users\gooud\AppData\Local\Temp\chimerax_rsv_input_nh8_3c1x\current_model_input_1.1_inference_prep.pdb,1ufm,A,Q66N,Q354N,-0.0020424574613571167,-0.0958288237452507,-0.04893564060330391,-0.04689318314194679
C:\Users\gooud\AppData\Local\Temp\chimerax_rsv_input_nh8_3c1x\current_model_input_1.1_inference_prep.pdb,1ufm,A,Q66P,Q354P,0.09996061027050018,0.03695210814476013,0.06845635920763016,-0.031504251062870026
C:\Users\gooud\AppData\Local\Temp\chimerax_rsv_input_nh8_3c1x\current_model_input_1.1_inference_prep.pdb,1ufm,A,Q66R,Q354R,0.7673461437225342,0.7585399746894836,0.7629430294036865,-0.0044030845165252686
C:\Users\gooud\AppData\Local\Temp\chimerax_rsv_input_nh8_3c1x\current_model_input_1.1_inference_prep.pdb,1ufm,A,Q66S,Q354S,0.11239118874073029,0.04039180278778076,0.07639149576425552,-0.03599969297647476
C:\Users\gooud\AppData\Local\Temp\chimerax_rsv_input_nh8_3c1x\current_model_input_1.1_inference_prep.pdb,1ufm,A,Q66T,Q354T,0.3481804430484772,0.1968042552471161,0.27249234914779663,-0.07568809390068054
C:\Users\gooud\AppData\Local\Temp\chimerax_rsv_input_nh8_3c1x\current_model_input_1.1_inference_prep.pdb,1ufm,A,Q66V,Q354V,0.25687748193740845,0.09292203187942505,0.17489975690841675,-0.0819777250289917
C:\Users\gooud\AppData\Local\Temp\chimerax_rsv_input_nh8_3c1x\current_model_input_1.1_inference_prep.pdb,1ufm,A,Q66W,Q354W,0.35116058588027954,0.21893310546875,0.28504684567451477,-0.06611374020576477
C:\Users\gooud\AppData\Local\Temp\chimerax_rsv_input_nh8_3c1x\current_model_input_1.1_inference_prep.pdb,1ufm,A,Q66Y,Q354Y,0.5187546014785767,0.5838971138000488,0.5513258576393127,0.032571256160736084
C:\Users\gooud\AppData\Local\Temp\chimerax_rsv_input_nh8_3c1x\current_model_input_1.1_inference_prep.pdb,1ufm,A,I67A,I355A,0.0736895278096199,-0.21967008709907532,-0.072990283370018,-0.1466798074543476
C:\Users\gooud\AppData\Local\Temp\chimerax_rsv_input_nh8_3c1x\current_model_input_1.1_inference_prep.pdb,1ufm,A,I67C,I355C,0.13905876874923706,0.2251708209514618,0.18211479485034943,0.043056026101112366
C:\Users\gooud\AppData\Local\Temp\chimerax_rsv_input_nh8_3c1x\current_model_input_1.1_inference_prep.pdb,1ufm,A,I67D,I355D,-0.3165993094444275,-0.595728874206543,-0.45616409182548523,-0.13956478238105774
C:\Users\gooud\AppData\Local\Temp\chimerax_rsv_input_nh8_3c1x\current_model_input_1.1_inference_prep.pdb,1ufm,A,I67E,I355E,-0.1775531768798828,-0.4089166224002838,-0.2932348847389221,-0.1156817227602005
C:\Users\gooud\AppData\Local\Temp\chimerax_rsv_input_nh8_3c1x\current_model_input_1.1_inference_prep.pdb,1ufm,A,I67F,I355F,-0.1351226568222046,-0.08863068372011185,-0.11187666654586792,0.02324598655104637
C:\Users\gooud\AppData\Local\Temp\chimerax_rsv_input_nh8_3c1x\current_model_input_1.1_inference_prep.pdb,1ufm,A,I67G,I355G,-0.3697555363178253,-0.46183961629867554,-0.4157975912094116,-0.04604203999042511
C:\Users\gooud\AppData\Local\Temp\chimerax_rsv_input_nh8_3c1x\current_model_input_1.1_inference_prep.pdb,1ufm,A,I67H,I355H,-0.07664171606302261,-0.16434414684772491,-0.12049293518066406,-0.04385121539235115
C:\Users\gooud\AppData\Local\Temp\chimerax_rsv_input_nh8_3c1x\current_model_input_1.1_inference_prep.pdb,1ufm,A,I67K,I355K,0.30540892481803894,-0.09844238311052322,0.10348327457904816,-0.20192565396428108
C:\Users\gooud\AppData\Local\Temp\chimerax_rsv_input_nh8_3c1x\current_model_input_1.1_inference_prep.pdb,1ufm,A,I67L,I355L,-0.07503975182771683,-0.19675415754318237,-0.1358969509601593,-0.06085720285773277
C:\Users\gooud\AppData\Local\Temp\chimerax_rsv_input_nh8_3c1x\current_model_input_1.1_inference_prep.pdb,1ufm,A,I67M,I355M,-0.12153004854917526,-0.22530575096607208,-0.17341789603233337,-0.05188785120844841
C:\Users\gooud\AppData\Local\Temp\chimerax_rsv_input_nh8_3c1x\current_model_input_1.1_inference_prep.pdb,1ufm,A,I67N,I355N,0.01880570873618126,-0.26263314485549927,-0.12191371619701385,-0.14071942679584026
C:\Users\gooud\AppData\Local\Temp\chimerax_rsv_input_nh8_3c1x\current_model_input_1.1_inference_prep.pdb,1ufm,A,I67P,I355P,-1.0265291929244995,-0.9859588146209717,-1.0062439441680908,0.020285189151763916
C:\Users\gooud\AppData\Local\Temp\chimerax_rsv_input_nh8_3c1x\current_model_input_1.1_inference_prep.pdb,1ufm,A,I67Q,I355Q,-0.038165368139743805,-0.2627302408218384,-0.1504478007555008,-0.11228243634104729
C:\Users\gooud\AppData\Local\Temp\chimerax_rsv_input_nh8_3c1x\current_model_input_1.1_inference_prep.pdb,1ufm,A,I67R,I355R,0.09324774891138077,0.0021642595529556274,0.0477060042321682,-0.04554174467921257
C:\Users\gooud\AppData\Local\Temp\chimerax_rsv_input_nh8_3c1x\current_model_input_1.1_inference_prep.pdb,1ufm,A,I67S,I355S,0.05852954089641571,-0.050333745777606964,0.004097897559404373,-0.05443164333701134
C:\Users\gooud\AppData\Local\Temp\chimerax_rsv_input_nh8_3c1x\current_model_input_1.1_inference_prep.pdb,1ufm,A,I67T,I355T,0.12209703028202057,-0.11807593703269958,0.002010546624660492,-0.12008648365736008
C:\Users\gooud\AppData\Local\Temp\chimerax_rsv_input_nh8_3c1x\current_model_input_1.1_inference_prep.pdb,1ufm,A,I67V,I355V,0.12779538333415985,-0.09300264716148376,0.017396368086338043,-0.11039901524782181
C:\Users\gooud\AppData\Local\Temp\chimerax_rsv_input_nh8_3c1x\current_model_input_1.1_inference_prep.pdb,1ufm,A,I67W,I355W,-0.4094274044036865,-0.24809062480926514,-0.32875901460647583,0.0806683897972107
C:\Users\gooud\AppData\Local\Temp\chimerax_rsv_input_nh8_3c1x\current_model_input_1.1_inference_prep.pdb,1ufm,A,I67Y,I355Y,-0.23520565032958984,-0.17822971940040588,-0.20671768486499786,0.02848796546459198
C:\Users\gooud\AppData\Local\Temp\chimerax_rsv_input_nh8_3c1x\current_model_input_1.1_inference_prep.pdb,1ufm,A,D68A,D356A,0.7967925667762756,0.45694929361343384,0.6268709301948547,-0.1699216365814209
C:\Users\gooud\AppData\Local\Temp\chimerax_rsv_input_nh8_3c1x\current_model_input_1.1_inference_prep.pdb,1ufm,A,D68C,D356C,0.6041877865791321,0.45895564556121826,0.5315717458724976,-0.07261607050895691
C:\Users\gooud\AppData\Local\Temp\chimerax_rsv_input_nh8_3c1x\current_model_input_1.1_inference_prep.pdb,1ufm,A,D68E,D356E,0.3670595586299896,0.08935651183128357,0.2282080352306366,-0.13885152339935303
C:\Users\gooud\AppData\Local\Temp\chimerax_rsv_input_nh8_3c1x\current_model_input_1.1_inference_prep.pdb,1ufm,A,D68F,D356F,0.469220906496048,0.4018435478210449,0.43553221225738525,-0.033688679337501526
C:\Users\gooud\AppData\Local\Temp\chimerax_rsv_input_nh8_3c1x\current_model_input_1.1_inference_prep.pdb,1ufm,A,D68G,D356G,0.5880334377288818,0.2932364344596863,0.44063493609428406,-0.14739850163459778
C:\Users\gooud\AppData\Local\Temp\chimerax_rsv_input_nh8_3c1x\current_model_input_1.1_inference_prep.pdb,1ufm,A,D68H,D356H,0.8170211911201477,0.6044507622718811,0.7107359766960144,-0.1062852144241333
C:\Users\gooud\AppData\Local\Temp\chimerax_rsv_input_nh8_3c1x\current_model_input_1.1_inference_prep.pdb,1ufm,A,D68I,D356I,0.1426001340150833,0.020939841866493225,0.08176998794078827,-0.060830146074295044
C:\Users\gooud\AppData\Local\Temp\chimerax_rsv_input_nh8_3c1x\current_model_input_1.1_inference_prep.pdb,1ufm,A,D68K,D356K,0.8251699209213257,0.47934895753860474,0.6522594690322876,-0.17291048169136047
C:\Users\gooud\AppData\Local\Temp\chimerax_rsv_input_nh8_3c1x\current_model_input_1.1_inference_prep.pdb,1ufm,A,D68L,D356L,0.7056257128715515,0.509806215763092,0.6077159643173218,-0.09790974855422974
C:\Users\gooud\AppData\Local\Temp\chimerax_rsv_input_nh8_3c1x\current_model_input_1.1_inference_prep.pdb,1ufm,A,D68M,D356M,0.5366787910461426,0.31090837717056274,0.42379358410835266,-0.11288520693778992
C:\Users\gooud\AppData\Local\Temp\chimerax_rsv_input_nh8_3c1x\current_model_input_1.1_inference_prep.pdb,1ufm,A,D68N,D356N,0.9438509941101074,0.612133264541626,0.7779921293258667,-0.16585886478424072
C:\Users\gooud\AppData\Local\Temp\chimerax_rsv_input_nh8_3c1x\current_model_input_1.1_inference_prep.pdb,1ufm,A,D68P,D356P,-0.7433262467384338,-0.5438938140869141,-0.6436100006103516,0.09971621632575989
C:\Users\gooud\AppData\Local\Temp\chimerax_rsv_input_nh8_3c1x\current_model_input_1.1_inference_prep.pdb,1ufm,A,D68Q,D356Q,0.8014136552810669,0.3401329815387726,0.5707733035087585,-0.23064033687114716
C:\Users\gooud\AppData\Local\Temp\chimerax_rsv_input_nh8_3c1x\current_model_input_1.1_inference_prep.pdb,1ufm,A,D68R,D356R,0.7529785633087158,0.6524952054023743,0.7027368545532227,-0.050241678953170776
C:\Users\gooud\AppData\Local\Temp\chimerax_rsv_input_nh8_3c1x\current_model_input_1.1_inference_prep.pdb,1ufm,A,D68S,D356S,0.8501617312431335,0.530918300151825,0.6905400156974792,-0.1596217155456543
C:\Users\gooud\AppData\Local\Temp\chimerax_rsv_input_nh8_3c1x\current_model_input_1.1_inference_prep.pdb,1ufm,A,D68T,D356T,0.9468878507614136,0.6180046796798706,0.7824462652206421,-0.16444158554077148
C:\Users\gooud\AppData\Local\Temp\chimerax_rsv_input_nh8_3c1x\current_model_input_1.1_inference_prep.pdb,1ufm,A,D68V,D356V,0.1545935720205307,-0.034332096576690674,0.06013073772192001,-0.09446283429861069
C:\Users\gooud\AppData\Local\Temp\chimerax_rsv_input_nh8_3c1x\current_model_input_1.1_inference_prep.pdb,1ufm,A,D68W,D356W,0.07676680386066437,0.20164638757705688,0.13920658826828003,0.06243979185819626
C:\Users\gooud\AppData\Local\Temp\chimerax_rsv_input_nh8_3c1x\current_model_input_1.1_inference_prep.pdb,1ufm,A,D68Y,D356Y,0.4427211880683899,0.3397310972213745,0.3912261426448822,-0.05149504542350769
C:\Users\gooud\AppData\Local\Temp\chimerax_rsv_input_nh8_3c1x\current_model_input_1.1_inference_prep.pdb,1ufm,A,G69A,G357A,-0.8900946378707886,-0.7442856431007385,-0.8171901702880859,0.07290449738502502
C:\Users\gooud\AppData\Local\Temp\chimerax_rsv_input_nh8_3c1x\current_model_input_1.1_inference_prep.pdb,1ufm,A,G69C,G357C,-0.21157756447792053,-0.4425997734069824,-0.3270886540412903,-0.11551110446453094
C:\Users\gooud\AppData\Local\Temp\chimerax_rsv_input_nh8_3c1x\current_model_input_1.1_inference_prep.pdb,1ufm,A,G69D,G357D,-1.3943809270858765,-1.0678495168685913,-1.2311152219772339,0.16326570510864258
C:\Users\gooud\AppData\Local\Temp\chimerax_rsv_input_nh8_3c1x\current_model_input_1.1_inference_prep.pdb,1ufm,A,G69E,G357E,-1.1100919246673584,-0.8060520887374878,-0.9580720067024231,0.1520199179649353
C:\Users\gooud\AppData\Local\Temp\chimerax_rsv_input_nh8_3c1x\current_model_input_1.1_inference_prep.pdb,1ufm,A,G69F,G357F,-0.5758376717567444,-0.2478521168231964,-0.4118449091911316,0.163992777466774
C:\Users\gooud\AppData\Local\Temp\chimerax_rsv_input_nh8_3c1x\current_model_input_1.1_inference_prep.pdb,1ufm,A,G69H,G357H,-0.12144159525632858,0.04771849513053894,-0.03686155006289482,0.08458004519343376
C:\Users\gooud\AppData\Local\Temp\chimerax_rsv_input_nh8_3c1x\current_model_input_1.1_inference_prep.pdb,1ufm,A,G69I,G357I,-1.4557929039001465,-0.937873363494873,-1.1968331336975098,0.2589597702026367
C:\Users\gooud\AppData\Local\Temp\chimerax_rsv_input_nh8_3c1x\current_model_input_1.1_inference_prep.pdb,1ufm,A,G69K,G357K,0.3612629175186157,0.14892488718032837,0.25509390234947205,-0.10616901516914368
C:\Users\gooud\AppData\Local\Temp\chimerax_rsv_input_nh8_3c1x\current_model_input_1.1_inference_prep.pdb,1ufm,A,G69L,G357L,-0.5100232362747192,-0.31043028831481934,-0.4102267622947693,0.09979647397994995
C:\Users\gooud\AppData\Local\Temp\chimerax_rsv_input_nh8_3c1x\current_model_input_1.1_inference_prep.pdb,1ufm,A,G69M,G357M,-0.1361018419265747,-0.10244563221931458,-0.11927373707294464,0.016828104853630066
C:\Users\gooud\AppData\Local\Temp\chimerax_rsv_input_nh8_3c1x\current_model_input_1.1_inference_prep.pdb,1ufm,A,G69N,G357N,-0.2485543191432953,-0.34402841329574585,-0.2962913513183594,-0.04773704707622528
C:\Users\gooud\AppData\Local\Temp\chimerax_rsv_input_nh8_3c1x\current_model_input_1.1_inference_prep.pdb,1ufm,A,G69P,G357P,-2.0786643028259277,-1.1814217567443848,-1.6300430297851562,0.4486212730407715
C:\Users\gooud\AppData\Local\Temp\chimerax_rsv_input_nh8_3c1x\current_model_input_1.1_inference_prep.pdb,1ufm,A,G69Q,G357Q,-0.28754669427871704,-0.16994793713092804,-0.22874730825424194,0.0587993785738945
C:\Users\gooud\AppData\Local\Temp\chimerax_rsv_input_nh8_3c1x\current_model_input_1.1_inference_prep.pdb,1ufm,A,G69R,G357R,0.28085944056510925,0.20675021409988403,0.24380482733249664,-0.03705461323261261
C:\Users\gooud\AppData\Local\Temp\chimerax_rsv_input_nh8_3c1x\current_model_input_1.1_inference_prep.pdb,1ufm,A,G69S,G357S,-0.6868805885314941,-0.5828347206115723,-0.6348576545715332,0.05202293395996094
C:\Users\gooud\AppData\Local\Temp\chimerax_rsv_input_nh8_3c1x\current_model_input_1.1_inference_prep.pdb,1ufm,A,G69T,G357T,-1.2649949789047241,-0.8981292843818665,-1.0815621614456177,0.18343284726142883
C:\Users\gooud\AppData\Local\Temp\chimerax_rsv_input_nh8_3c1x\current_model_input_1.1_inference_prep.pdb,1ufm,A,G69V,G357V,-1.5389046669006348,-0.9912636876106262,-1.265084147453308,0.2738204896450043
C:\Users\gooud\AppData\Local\Temp\chimerax_rsv_input_nh8_3c1x\current_model_input_1.1_inference_prep.pdb,1ufm,A,G69W,G357W,-0.5824645161628723,-0.17062360048294067,-0.3765440583229065,0.20592045783996582
C:\Users\gooud\AppData\Local\Temp\chimerax_rsv_input_nh8_3c1x\current_model_input_1.1_inference_prep.pdb,1ufm,A,G69Y,G357Y,-0.5390520691871643,-0.24204587936401367,-0.390548974275589,0.14850309491157532
C:\Users\gooud\AppData\Local\Temp\chimerax_rsv_input_nh8_3c1x\current_model_input_1.1_inference_prep.pdb,1ufm,A,I70A,I358A,-1.1071147918701172,-0.6222711801528931,-0.8646929860115051,0.24242180585861206
C:\Users\gooud\AppData\Local\Temp\chimerax_rsv_input_nh8_3c1x\current_model_input_1.1_inference_prep.pdb,1ufm,A,I70C,I358C,-0.4389985203742981,-0.18815183639526367,-0.3135751783847809,0.1254233419895172
C:\Users\gooud\AppData\Local\Temp\chimerax_rsv_input_nh8_3c1x\current_model_input_1.1_inference_prep.pdb,1ufm,A,I70D,I358D,-2.2598958015441895,-1.3904329538345337,-1.8251643180847168,0.4347314238548279
C:\Users\gooud\AppData\Local\Temp\chimerax_rsv_input_nh8_3c1x\current_model_input_1.1_inference_prep.pdb,1ufm,A,I70E,I358E,-1.7069480419158936,-1.1570608615875244,-1.432004451751709,0.27494359016418457
C:\Users\gooud\AppData\Local\Temp\chimerax_rsv_input_nh8_3c1x\current_model_input_1.1_inference_prep.pdb,1ufm,A,I70F,I358F,-0.4368305206298828,-0.22761887311935425,-0.33222469687461853,0.10460582375526428
C:\Users\gooud\AppData\Local\Temp\chimerax_rsv_input_nh8_3c1x\current_model_input_1.1_inference_prep.pdb,1ufm,A,I70G,I358G,-1.7807488441467285,-1.0014643669128418,-1.3911066055297852,0.38964223861694336
C:\Users\gooud\AppData\Local\Temp\chimerax_rsv_input_nh8_3c1x\current_model_input_1.1_inference_prep.pdb,1ufm,A,I70H,I358H,-1.0000661611557007,-0.3426770567893982,-0.671371579170227,0.32869455218315125
C:\Users\gooud\AppData\Local\Temp\chimerax_rsv_input_nh8_3c1x\current_model_input_1.1_inference_prep.pdb,1ufm,A,I70K,I358K,-0.3754882514476776,-0.08153827488422394,-0.22851327061653137,0.14697498828172684
C:\Users\gooud\AppData\Local\Temp\chimerax_rsv_input_nh8_3c1x\current_model_input_1.1_inference_prep.pdb,1ufm,A,I70L,I358L,-0.4125010669231415,-0.35074877738952637,-0.3816249370574951,0.030876144766807556
C:\Users\gooud\AppData\Local\Temp\chimerax_rsv_input_nh8_3c1x\current_model_input_1.1_inference_prep.pdb,1ufm,A,I70M,I358M,-0.3554292321205139,-0.2617310881614685,-0.3085801601409912,0.046849071979522705
C:\Users\gooud\AppData\Local\Temp\chimerax_rsv_input_nh8_3c1x\current_model_input_1.1_inference_prep.pdb,1ufm,A,I70N,I358N,-1.2371913194656372,-0.6861211061477661,-0.9616562128067017,0.27553510665893555
C:\Users\gooud\AppData\Local\Temp\chimerax_rsv_input_nh8_3c1x\current_model_input_1.1_inference_prep.pdb,1ufm,A,I70P,I358P,-3.065683126449585,-1.8471829891204834,-2.456433057785034,0.6092500686645508
C:\Users\gooud\AppData\Local\Temp\chimerax_rsv_input_nh8_3c1x\current_model_input_1.1_inference_prep.pdb,1ufm,A,I70Q,I358Q,-1.117512822151184,-0.7299817204475403,-0.9237473011016846,0.1937655508518219
C:\Users\gooud\AppData\Local\Temp\chimerax_rsv_input_nh8_3c1x\current_model_input_1.1_inference_prep.pdb,1ufm,A,I70R,I358R,-0.26460030674934387,0.062063321471214294,-0.10126849263906479,0.16333181411027908
C:\Users\gooud\AppData\Local\Temp\chimerax_rsv_input_nh8_3c1x\current_model_input_1.1_inference_prep.pdb,1ufm,A,I70S,I358S,-0.7391274571418762,-0.3572697639465332,-0.5481985807418823,0.1909288465976715
C:\Users\gooud\AppData\Local\Temp\chimerax_rsv_input_nh8_3c1x\current_model_input_1.1_inference_prep.pdb,1ufm,A,I70T,I358T,-0.07481475919485092,-0.1601707637310028,-0.11749276518821716,-0.04267800226807594
C:\Users\gooud\AppData\Local\Temp\chimerax_rsv_input_nh8_3c1x\current_model_input_1.1_inference_prep.pdb,1ufm,A,I70V,I358V,-0.01993643492460251,-0.11962185800075531,-0.06977914273738861,-0.0498427115380764
C:\Users\gooud\AppData\Local\Temp\chimerax_rsv_input_nh8_3c1x\current_model_input_1.1_inference_prep.pdb,1ufm,A,I70W,I358W,-0.6127538084983826,-0.3440256118774414,-0.478389710187912,0.13436409831047058
C:\Users\gooud\AppData\Local\Temp\chimerax_rsv_input_nh8_3c1x\current_model_input_1.1_inference_prep.pdb,1ufm,A,I70Y,I358Y,-0.5059036016464233,-0.2657538652420044,-0.38582873344421387,0.12007486820220947
C:\Users\gooud\AppData\Local\Temp\chimerax_rsv_input_nh8_3c1x\current_model_input_1.1_inference_prep.pdb,1ufm,A,V71A,V359A,-0.9603903889656067,-1.0589637756347656,-1.0096770524978638,-0.04928669333457947
C:\Users\gooud\AppData\Local\Temp\chimerax_rsv_input_nh8_3c1x\current_model_input_1.1_inference_prep.pdb,1ufm,A,V71C,V359C,-0.544360339641571,-0.5051534175872803,-0.524756908416748,0.019603461027145386
C:\Users\gooud\AppData\Local\Temp\chimerax_rsv_input_nh8_3c1x\current_model_input_1.1_inference_prep.pdb,1ufm,A,V71D,V359D,-2.8772900104522705,-2.0074400901794434,-2.4423651695251465,0.4349249601364136
C:\Users\gooud\AppData\Local\Temp\chimerax_rsv_input_nh8_3c1x\current_model_input_1.1_inference_prep.pdb,1ufm,A,V71E,V359E,-2.8576009273529053,-1.968965768814087,-2.413283348083496,0.4443175792694092
C:\Users\gooud\AppData\Local\Temp\chimerax_rsv_input_nh8_3c1x\current_model_input_1.1_inference_prep.pdb,1ufm,A,V71F,V359F,-0.9592767357826233,-0.1237778589129448,-0.541527271270752,0.41774943843483925
C:\Users\gooud\AppData\Local\Temp\chimerax_rsv_input_nh8_3c1x\current_model_input_1.1_inference_prep.pdb,1ufm,A,V71G,V359G,-2.168382406234741,-1.7274813652038574,-1.9479318857192993,0.2204505205154419
C:\Users\gooud\AppData\Local\Temp\chimerax_rsv_input_nh8_3c1x\current_model_input_1.1_inference_prep.pdb,1ufm,A,V71H,V359H,-2.4177207946777344,-1.7433981895446777,-2.080559492111206,0.3371613025665283
C:\Users\gooud\AppData\Local\Temp\chimerax_rsv_input_nh8_3c1x\current_model_input_1.1_inference_prep.pdb,1ufm,A,V71I,V359I,0.39502790570259094,0.2338351607322693,0.3144315481185913,-0.08059637248516083
C:\Users\gooud\AppData\Local\Temp\chimerax_rsv_input_nh8_3c1x\current_model_input_1.1_inference_prep.pdb,1ufm,A,V71K,V359K,-2.410005807876587,-1.9249862432479858,-2.1674959659576416,0.24250978231430054
C:\Users\gooud\AppData\Local\Temp\chimerax_rsv_input_nh8_3c1x\current_model_input_1.1_inference_prep.pdb,1ufm,A,V71L,V359L,0.028310265392065048,0.19680345058441162,0.11255685985088348,0.08424659259617329
C:\Users\gooud\AppData\Local\Temp\chimerax_rsv_input_nh8_3c1x\current_model_input_1.1_inference_prep.pdb,1ufm,A,V71M,V359M,-0.8226620554924011,-0.4227201044559479,-0.6226910948753357,0.19997097551822662
C:\Users\gooud\AppData\Local\Temp\chimerax_rsv_input_nh8_3c1x\current_model_input_1.1_inference_prep.pdb,1ufm,A,V71N,V359N,-2.4556095600128174,-1.9964749813079834,-2.2260422706604004,0.229567289352417
C:\Users\gooud\AppData\Local\Temp\chimerax_rsv_input_nh8_3c1x\current_model_input_1.1_inference_prep.pdb,1ufm,A,V71P,V359P,-2.583134174346924,-1.6849254369735718,-2.1340298652648926,0.449104368686676
C:\Users\gooud\AppData\Local\Temp\chimerax_rsv_input_nh8_3c1x\current_model_input_1.1_inference_prep.pdb,1ufm,A,V71Q,V359Q,-2.4998230934143066,-1.7667096853256226,-2.1332664489746094,0.36655670404434204
C:\Users\gooud\AppData\Local\Temp\chimerax_rsv_input_nh8_3c1x\current_model_input_1.1_inference_prep.pdb,1ufm,A,V71R,V359R,-2.4575788974761963,-1.9555950164794922,-2.2065868377685547,0.25099194049835205
C:\Users\gooud\AppData\Local\Temp\chimerax_rsv_input_nh8_3c1x\current_model_input_1.1_inference_prep.pdb,1ufm,A,V71S,V359S,-2.3076741695404053,-1.6385159492492676,-1.9730950593948364,0.33457911014556885
C:\Users\gooud\AppData\Local\Temp\chimerax_rsv_input_nh8_3c1x\current_model_input_1.1_inference_prep.pdb,1ufm,A,V71T,V359T,-2.165757656097412,-1.5566495656967163,-1.861203670501709,0.3045540452003479
C:\Users\gooud\AppData\Local\Temp\chimerax_rsv_input_nh8_3c1x\current_model_input_1.1_inference_prep.pdb,1ufm,A,V71W,V359W,-1.3571783304214478,-0.5870175957679749,-0.9720979928970337,0.38508036732673645
C:\Users\gooud\AppData\Local\Temp\chimerax_rsv_input_nh8_3c1x\current_model_input_1.1_inference_prep.pdb,1ufm,A,V71Y,V359Y,-1.4506182670593262,-0.7809187173843384,-1.1157684326171875,0.3348497748374939
C:\Users\gooud\AppData\Local\Temp\chimerax_rsv_input_nh8_3c1x\current_model_input_1.1_inference_prep.pdb,1ufm,A,H72A,H360A,-1.3663744926452637,-1.0076024532318115,-1.1869884729385376,0.17938601970672607
C:\Users\gooud\AppData\Local\Temp\chimerax_rsv_input_nh8_3c1x\current_model_input_1.1_inference_prep.pdb,1ufm,A,H72C,H360C,-0.4311682879924774,-0.5124387741088867,-0.47180354595184326,-0.04063524305820465
C:\Users\gooud\AppData\Local\Temp\chimerax_rsv_input_nh8_3c1x\current_model_input_1.1_inference_prep.pdb,1ufm,A,H72D,H360D,-2.3354148864746094,-1.6746071577072144,-2.0050110816955566,0.3304038643836975
C:\Users\gooud\AppData\Local\Temp\chimerax_rsv_input_nh8_3c1x\current_model_input_1.1_inference_prep.pdb,1ufm,A,H72E,H360E,-1.8613768815994263,-1.2128331661224365,-1.5371050834655762,0.3242718577384949
C:\Users\gooud\AppData\Local\Temp\chimerax_rsv_input_nh8_3c1x\current_model_input_1.1_inference_prep.pdb,1ufm,A,H72F,H360F,0.0157189778983593,-0.36184579133987427,-0.17306341230869293,-0.18878238461911678
C:\Users\gooud\AppData\Local\Temp\chimerax_rsv_input_nh8_3c1x\current_model_input_1.1_inference_prep.pdb,1ufm,A,H72G,H360G,-2.0918335914611816,-1.409868836402893,-1.7508511543273926,0.3409823775291443
C:\Users\gooud\AppData\Local\Temp\chimerax_rsv_input_nh8_3c1x\current_model_input_1.1_inference_prep.pdb,1ufm,A,H72I,H360I,-0.07013403624296188,-0.4146574139595032,-0.24239572882652283,-0.17226168885827065
C:\Users\gooud\AppData\Local\Temp\chimerax_rsv_input_nh8_3c1x\current_model_input_1.1_inference_prep.pdb,1ufm,A,H72K,H360K,-0.5094614624977112,-0.8452316522598267,-0.6773465871810913,-0.16788509488105774
C:\Users\gooud\AppData\Local\Temp\chimerax_rsv_input_nh8_3c1x\current_model_input_1.1_inference_prep.pdb,1ufm,A,H72L,H360L,-0.8502742648124695,-0.7043533325195312,-0.7773138284683228,0.07296046614646912
C:\Users\gooud\AppData\Local\Temp\chimerax_rsv_input_nh8_3c1x\current_model_input_1.1_inference_prep.pdb,1ufm,A,H72M,H360M,-0.6860381364822388,-0.7693980932235718,-0.7277181148529053,-0.041679978370666504
C:\Users\gooud\AppData\Local\Temp\chimerax_rsv_input_nh8_3c1x\current_model_input_1.1_inference_prep.pdb,1ufm,A,H72N,H360N,-1.0555576086044312,-1.103593111038208,-1.0795753002166748,-0.024017751216888428
C:\Users\gooud\AppData\Local\Temp\chimerax_rsv_input_nh8_3c1x\current_model_input_1.1_inference_prep.pdb,1ufm,A,H72P,H360P,-3.1029155254364014,-1.878069281578064,-2.490492343902588,0.6124231219291687
C:\Users\gooud\AppData\Local\Temp\chimerax_rsv_input_nh8_3c1x\current_model_input_1.1_inference_prep.pdb,1ufm,A,H72Q,H360Q,-1.0886913537979126,-0.8203399777412415,-0.9545156955718994,0.13417568802833557
C:\Users\gooud\AppData\Local\Temp\chimerax_rsv_input_nh8_3c1x\current_model_input_1.1_inference_prep.pdb,1ufm,A,H72R,H360R,-0.30320557951927185,-0.4337090849876404,-0.3684573173522949,-0.06525175273418427
C:\Users\gooud\AppData\Local\Temp\chimerax_rsv_input_nh8_3c1x\current_model_input_1.1_inference_prep.pdb,1ufm,A,H72S,H360S,-1.2670024633407593,-0.8954600691795349,-1.0812312364578247,0.18577119708061218
C:\Users\gooud\AppData\Local\Temp\chimerax_rsv_input_nh8_3c1x\current_model_input_1.1_inference_prep.pdb,1ufm,A,H72T,H360T,-1.0010238885879517,-0.7885949611663818,-0.8948094248771667,0.10621446371078491
C:\Users\gooud\AppData\Local\Temp\chimerax_rsv_input_nh8_3c1x\current_model_input_1.1_inference_prep.pdb,1ufm,A,H72V,H360V,-0.12608426809310913,-0.45747172832489014,-0.29177799820899963,-0.1656937301158905
C:\Users\gooud\AppData\Local\Temp\chimerax_rsv_input_nh8_3c1x\current_model_input_1.1_inference_prep.pdb,1ufm,A,H72W,H360W,-0.16673722863197327,-0.12933556735515594,-0.148036390542984,0.01870083063840866
C:\Users\gooud\AppData\Local\Temp\chimerax_rsv_input_nh8_3c1x\current_model_input_1.1_inference_prep.pdb,1ufm,A,H72Y,H360Y,0.28396809101104736,-0.16167695820331573,0.061145566403865814,-0.22282252460718155
C:\Users\gooud\AppData\Local\Temp\chimerax_rsv_input_nh8_3c1x\current_model_input_1.1_inference_prep.pdb,1ufm,A,F73A,F361A,-2.4845218658447266,-1.4648395776748657,-1.9746806621551514,0.5098411440849304
C:\Users\gooud\AppData\Local\Temp\chimerax_rsv_input_nh8_3c1x\current_model_input_1.1_inference_prep.pdb,1ufm,A,F73C,F361C,-1.7548766136169434,-0.6930833458900452,-1.2239799499511719,0.5308966338634491
C:\Users\gooud\AppData\Local\Temp\chimerax_rsv_input_nh8_3c1x\current_model_input_1.1_inference_prep.pdb,1ufm,A,F73D,F361D,-2.994603157043457,-2.098365306854248,-2.5464842319488525,0.4481189250946045
C:\Users\gooud\AppData\Local\Temp\chimerax_rsv_input_nh8_3c1x\current_model_input_1.1_inference_prep.pdb,1ufm,A,F73E,F361E,-2.9363787174224854,-1.7461295127868652,-2.341254234313965,0.5951246023178101
C:\Users\gooud\AppData\Local\Temp\chimerax_rsv_input_nh8_3c1x\current_model_input_1.1_inference_prep.pdb,1ufm,A,F73G,F361G,-2.4852490425109863,-1.5364362001419067,-2.0108425617218018,0.4744064211845398
C:\Users\gooud\AppData\Local\Temp\chimerax_rsv_input_nh8_3c1x\current_model_input_1.1_inference_prep.pdb,1ufm,A,F73H,F361H,-2.3521156311035156,-1.7915526628494263,-2.071834087371826,0.2802814841270447
C:\Users\gooud\AppData\Local\Temp\chimerax_rsv_input_nh8_3c1x\current_model_input_1.1_inference_prep.pdb,1ufm,A,F73I,F361I,-1.5297266244888306,-0.9485141038894653,-1.239120364189148,0.2906062602996826
C:\Users\gooud\AppData\Local\Temp\chimerax_rsv_input_nh8_3c1x\current_model_input_1.1_inference_prep.pdb,1ufm,A,F73K,F361K,-2.3487772941589355,-1.6470842361450195,-1.9979307651519775,0.350846529006958
C:\Users\gooud\AppData\Local\Temp\chimerax_rsv_input_nh8_3c1x\current_model_input_1.1_inference_prep.pdb,1ufm,A,F73L,F361L,-1.2446749210357666,-0.8918008804321289,-1.0682379007339478,0.17643702030181885
C:\Users\gooud\AppData\Local\Temp\chimerax_rsv_input_nh8_3c1x\current_model_input_1.1_inference_prep.pdb,1ufm,A,F73M,F361M,-1.7113077640533447,-1.0975815057754517,-1.404444694519043,0.30686312913894653
C:\Users\gooud\AppData\Local\Temp\chimerax_rsv_input_nh8_3c1x\current_model_input_1.1_inference_prep.pdb,1ufm,A,F73N,F361N,-2.4238533973693848,-1.769783616065979,-2.096818447113037,0.3270348906517029
C:\Users\gooud\AppData\Local\Temp\chimerax_rsv_input_nh8_3c1x\current_model_input_1.1_inference_prep.pdb,1ufm,A,F73P,F361P,-2.3575801849365234,-1.6327404975891113,-1.9951603412628174,0.36241984367370605
C:\Users\gooud\AppData\Local\Temp\chimerax_rsv_input_nh8_3c1x\current_model_input_1.1_inference_prep.pdb,1ufm,A,F73Q,F361Q,-2.6282708644866943,-1.6455223560333252,-2.1368966102600098,0.49137425422668457
C:\Users\gooud\AppData\Local\Temp\chimerax_rsv_input_nh8_3c1x\current_model_input_1.1_inference_prep.pdb,1ufm,A,F73R,F361R,-2.214325428009033,-1.6710140705108643,-1.9426697492599487,0.2716556787490845
C:\Users\gooud\AppData\Local\Temp\chimerax_rsv_input_nh8_3c1x\current_model_input_1.1_inference_prep.pdb,1ufm,A,F73S,F361S,-2.2744204998016357,-1.4759231805801392,-1.8751718997955322,0.3992486596107483
C:\Users\gooud\AppData\Local\Temp\chimerax_rsv_input_nh8_3c1x\current_model_input_1.1_inference_prep.pdb,1ufm,A,F73T,F361T,-2.288829803466797,-1.5511314868927002,-1.9199806451797485,0.36884915828704834
C:\Users\gooud\AppData\Local\Temp\chimerax_rsv_input_nh8_3c1x\current_model_input_1.1_inference_prep.pdb,1ufm,A,F73V,F361V,-2.1363368034362793,-1.3652825355529785,-1.750809669494629,0.3855271339416504
C:\Users\gooud\AppData\Local\Temp\chimerax_rsv_input_nh8_3c1x\current_model_input_1.1_inference_prep.pdb,1ufm,A,F73W,F361W,-0.6962223052978516,-0.3959384262561798,-0.5460803508758545,0.15014193952083588
C:\Users\gooud\AppData\Local\Temp\chimerax_rsv_input_nh8_3c1x\current_model_input_1.1_inference_prep.pdb,1ufm,A,F73Y,F361Y,-1.1637170314788818,-1.169846534729004,-1.1667817831039429,-0.003064751625061035
C:\Users\gooud\AppData\Local\Temp\chimerax_rsv_input_nh8_3c1x\current_model_input_1.1_inference_prep.pdb,1ufm,A,E74A,E362A,-0.026887118816375732,-0.042223505675792694,-0.03455531224608421,-0.007668193429708481
C:\Users\gooud\AppData\Local\Temp\chimerax_rsv_input_nh8_3c1x\current_model_input_1.1_inference_prep.pdb,1ufm,A,E74C,E362C,0.44373583793640137,0.5035027265548706,0.473619282245636,0.02988344430923462
C:\Users\gooud\AppData\Local\Temp\chimerax_rsv_input_nh8_3c1x\current_model_input_1.1_inference_prep.pdb,1ufm,A,E74D,E362D,-0.008856222033500671,-0.19284296035766602,-0.10084959119558334,-0.09199336916208267
C:\Users\gooud\AppData\Local\Temp\chimerax_rsv_input_nh8_3c1x\current_model_input_1.1_inference_prep.pdb,1ufm,A,E74F,E362F,0.32504695653915405,0.4962562918663025,0.41065162420272827,0.08560466766357422
C:\Users\gooud\AppData\Local\Temp\chimerax_rsv_input_nh8_3c1x\current_model_input_1.1_inference_prep.pdb,1ufm,A,E74G,E362G,-0.16171637177467346,-0.16023966670036316,-0.1609780192375183,0.0007383525371551514
C:\Users\gooud\AppData\Local\Temp\chimerax_rsv_input_nh8_3c1x\current_model_input_1.1_inference_prep.pdb,1ufm,A,E74H,E362H,-0.020013853907585144,0.1397935450077057,0.05988984555006027,0.07990369945764542
C:\Users\gooud\AppData\Local\Temp\chimerax_rsv_input_nh8_3c1x\current_model_input_1.1_inference_prep.pdb,1ufm,A,E74I,E362I,0.4550648331642151,0.4625658392906189,0.458815336227417,0.0037505030632019043
C:\Users\gooud\AppData\Local\Temp\chimerax_rsv_input_nh8_3c1x\current_model_input_1.1_inference_prep.pdb,1ufm,A,E74K,E362K,-0.12337245792150497,-0.05359511822462082,-0.0884837880730629,0.03488866984844208
C:\Users\gooud\AppData\Local\Temp\chimerax_rsv_input_nh8_3c1x\current_model_input_1.1_inference_prep.pdb,1ufm,A,E74L,E362L,0.5327913165092468,0.45337265729904175,0.4930819869041443,-0.03970932960510254
C:\Users\gooud\AppData\Local\Temp\chimerax_rsv_input_nh8_3c1x\current_model_input_1.1_inference_prep.pdb,1ufm,A,E74M,E362M,0.3602902293205261,0.24284577369689941,0.30156800150871277,-0.058722227811813354
C:\Users\gooud\AppData\Local\Temp\chimerax_rsv_input_nh8_3c1x\current_model_input_1.1_inference_prep.pdb,1ufm,A,E74N,E362N,0.09024051576852798,-0.06662528216838837,0.011807616800069809,-0.07843289896845818
C:\Users\gooud\AppData\Local\Temp\chimerax_rsv_input_nh8_3c1x\current_model_input_1.1_inference_prep.pdb,1ufm,A,E74P,E362P,-0.5989347100257874,-0.5671666264533997,-0.5830506682395935,0.015884041786193848
C:\Users\gooud\AppData\Local\Temp\chimerax_rsv_input_nh8_3c1x\current_model_input_1.1_inference_prep.pdb,1ufm,A,E74Q,E362Q,0.08608005195856094,0.04876115918159485,0.0674206018447876,-0.018659446388483047
C:\Users\gooud\AppData\Local\Temp\chimerax_rsv_input_nh8_3c1x\current_model_input_1.1_inference_prep.pdb,1ufm,A,E74R,E362R,-0.1604023277759552,-0.02133529633283615,-0.09086881577968597,0.06953351572155952
C:\Users\gooud\AppData\Local\Temp\chimerax_rsv_input_nh8_3c1x\current_model_input_1.1_inference_prep.pdb,1ufm,A,E74S,E362S,0.21464794874191284,0.06496065855026245,0.13980430364608765,-0.0748436450958252
C:\Users\gooud\AppData\Local\Temp\chimerax_rsv_input_nh8_3c1x\current_model_input_1.1_inference_prep.pdb,1ufm,A,E74T,E362T,0.34227707982063293,0.191386878490448,0.26683199405670166,-0.07544510066509247
C:\Users\gooud\AppData\Local\Temp\chimerax_rsv_input_nh8_3c1x\current_model_input_1.1_inference_prep.pdb,1ufm,A,E74V,E362V,0.2931065261363983,0.27565303444862366,0.284379780292511,-0.008726745843887329
C:\Users\gooud\AppData\Local\Temp\chimerax_rsv_input_nh8_3c1x\current_model_input_1.1_inference_prep.pdb,1ufm,A,E74W,E362W,0.19989165663719177,0.5165778994560242,0.3582347631454468,0.1583431214094162
C:\Users\gooud\AppData\Local\Temp\chimerax_rsv_input_nh8_3c1x\current_model_input_1.1_inference_prep.pdb,1ufm,A,E74Y,E362Y,0.2939505875110626,0.4956270456314087,0.39478880167007446,0.10083822906017303
C:\Users\gooud\AppData\Local\Temp\chimerax_rsv_input_nh8_3c1x\current_model_input_1.1_inference_prep.pdb,1ufm,A,T75A,T363A,0.014418929815292358,-0.06903351098299026,-0.027307290583848953,-0.04172622039914131
C:\Users\gooud\AppData\Local\Temp\chimerax_rsv_input_nh8_3c1x\current_model_input_1.1_inference_prep.pdb,1ufm,A,T75C,T363C,-0.0958423838019371,0.11617176234722137,0.010164689272642136,0.10600707307457924
C:\Users\gooud\AppData\Local\Temp\chimerax_rsv_input_nh8_3c1x\current_model_input_1.1_inference_prep.pdb,1ufm,A,T75D,T363D,-0.1068320944905281,-0.33664095401763916,-0.22173652052879333,-0.11490442976355553
C:\Users\gooud\AppData\Local\Temp\chimerax_rsv_input_nh8_3c1x\current_model_input_1.1_inference_prep.pdb,1ufm,A,T75E,T363E,-0.1853179931640625,-0.31891489028930664,-0.25211644172668457,-0.06679844856262207
C:\Users\gooud\AppData\Local\Temp\chimerax_rsv_input_nh8_3c1x\current_model_input_1.1_inference_prep.pdb,1ufm,A,T75F,T363F,-0.15132394433021545,0.025778979063034058,-0.0627724826335907,0.08855146169662476
C:\Users\gooud\AppData\Local\Temp\chimerax_rsv_input_nh8_3c1x\current_model_input_1.1_inference_prep.pdb,1ufm,A,T75G,T363G,0.004717029631137848,-0.023750603199005127,-0.00951678678393364,-0.014233816415071487
C:\Users\gooud\AppData\Local\Temp\chimerax_rsv_input_nh8_3c1x\current_model_input_1.1_inference_prep.pdb,1ufm,A,T75H,T363H,0.04562387615442276,0.14854967594146729,0.09708677232265472,0.05146289989352226
C:\Users\gooud\AppData\Local\Temp\chimerax_rsv_input_nh8_3c1x\current_model_input_1.1_inference_prep.pdb,1ufm,A,T75I,T363I,-0.11852607876062393,-0.03161785006523132,-0.07507196068763733,0.043454114347696304
C:\Users\gooud\AppData\Local\Temp\chimerax_rsv_input_nh8_3c1x\current_model_input_1.1_inference_prep.pdb,1ufm,A,T75K,T363K,0.01616288721561432,0.05219393968582153,0.034178413450717926,0.018015526235103607
C:\Users\gooud\AppData\Local\Temp\chimerax_rsv_input_nh8_3c1x\current_model_input_1.1_inference_prep.pdb,1ufm,A,T75L,T363L,-0.11020348221063614,-0.02551703155040741,-0.06786026060581207,0.042343225330114365
C:\Users\gooud\AppData\Local\Temp\chimerax_rsv_input_nh8_3c1x\current_model_input_1.1_inference_prep.pdb,1ufm,A,T75M,T363M,-0.22648665308952332,-0.12039939314126968,-0.1734430193901062,0.053043629974126816
C:\Users\gooud\AppData\Local\Temp\chimerax_rsv_input_nh8_3c1x\current_model_input_1.1_inference_prep.pdb,1ufm,A,T75N,T363N,0.07838356494903564,-0.03929978609085083,0.019541889429092407,-0.05884167551994324
C:\Users\gooud\AppData\Local\Temp\chimerax_rsv_input_nh8_3c1x\current_model_input_1.1_inference_prep.pdb,1ufm,A,T75P,T363P,0.030592091381549835,-0.04123441129922867,-0.0053211599588394165,-0.03591325134038925
C:\Users\gooud\AppData\Local\Temp\chimerax_rsv_input_nh8_3c1x\current_model_input_1.1_inference_prep.pdb,1ufm,A,T75Q,T363Q,0.026300761848688126,0.01375405490398407,0.020027408376336098,-0.006273353472352028
C:\Users\gooud\AppData\Local\Temp\chimerax_rsv_input_nh8_3c1x\current_model_input_1.1_inference_prep.pdb,1ufm,A,T75R,T363R,0.03843815624713898,0.08886666595935822,0.0636524111032486,0.02521425485610962
C:\Users\gooud\AppData\Local\Temp\chimerax_rsv_input_nh8_3c1x\current_model_input_1.1_inference_prep.pdb,1ufm,A,T75S,T363S,0.12403696775436401,-0.05763952434062958,0.03319872170686722,-0.0908382460474968
C:\Users\gooud\AppData\Local\Temp\chimerax_rsv_input_nh8_3c1x\current_model_input_1.1_inference_prep.pdb,1ufm,A,T75V,T363V,-0.07026290148496628,-0.10873348265886307,-0.08949819207191467,-0.019235290586948395
C:\Users\gooud\AppData\Local\Temp\chimerax_rsv_input_nh8_3c1x\current_model_input_1.1_inference_prep.pdb,1ufm,A,T75W,T363W,-0.06125716120004654,0.2947213649749756,0.11673210561275482,0.17798926308751106
C:\Users\gooud\AppData\Local\Temp\chimerax_rsv_input_nh8_3c1x\current_model_input_1.1_inference_prep.pdb,1ufm,A,T75Y,T363Y,-0.11530085653066635,0.054504767060279846,-0.030398044735193253,0.0849028117954731
C:\Users\gooud\AppData\Local\Temp\chimerax_rsv_input_nh8_3c1x\current_model_input_1.1_inference_prep.pdb,1ufm,A,R76A,R364A,0.07928155362606049,0.046006232500076294,0.06264389306306839,-0.016637660562992096
C:\Users\gooud\AppData\Local\Temp\chimerax_rsv_input_nh8_3c1x\current_model_input_1.1_inference_prep.pdb,1ufm,A,R76C,R364C,0.11148259043693542,0.34028565883636475,0.22588412463665009,0.11440153419971466
C:\Users\gooud\AppData\Local\Temp\chimerax_rsv_input_nh8_3c1x\current_model_input_1.1_inference_prep.pdb,1ufm,A,R76D,R364D,0.09677201509475708,-0.1290334165096283,-0.016130700707435608,-0.11290271580219269
C:\Users\gooud\AppData\Local\Temp\chimerax_rsv_input_nh8_3c1x\current_model_input_1.1_inference_prep.pdb,1ufm,A,R76E,R364E,0.012882634997367859,-0.08194856345653534,-0.03453296422958374,-0.0474155992269516
C:\Users\gooud\AppData\Local\Temp\chimerax_rsv_input_nh8_3c1x\current_model_input_1.1_inference_prep.pdb,1ufm,A,R76F,R364F,0.06280621141195297,0.12687629461288452,0.09484125673770905,0.032035041600465775
C:\Users\gooud\AppData\Local\Temp\chimerax_rsv_input_nh8_3c1x\current_model_input_1.1_inference_prep.pdb,1ufm,A,R76G,R364G,0.06714721769094467,0.0099668949842453,0.038557056337594986,-0.028590161353349686
C:\Users\gooud\AppData\Local\Temp\chimerax_rsv_input_nh8_3c1x\current_model_input_1.1_inference_prep.pdb,1ufm,A,R76H,R364H,0.03369702026247978,-0.01689326763153076,0.00840187631547451,-0.025295143947005272
C:\Users\gooud\AppData\Local\Temp\chimerax_rsv_input_nh8_3c1x\current_model_input_1.1_inference_prep.pdb,1ufm,A,R76I,R364I,0.026387911289930344,0.07272288203239441,0.049555398523807526,0.023167485371232033
C:\Users\gooud\AppData\Local\Temp\chimerax_rsv_input_nh8_3c1x\current_model_input_1.1_inference_prep.pdb,1ufm,A,R76K,R364K,0.1054723784327507,-0.10853537172079086,-0.0015314966440200806,-0.10700387507677078
C:\Users\gooud\AppData\Local\Temp\chimerax_rsv_input_nh8_3c1x\current_model_input_1.1_inference_prep.pdb,1ufm,A,R76L,R364L,0.03928761929273605,0.0793110579252243,0.05929933860898018,0.020011719316244125
C:\Users\gooud\AppData\Local\Temp\chimerax_rsv_input_nh8_3c1x\current_model_input_1.1_inference_prep.pdb,1ufm,A,R76M,R364M,-0.06504429131746292,-0.039334312081336975,-0.05218930169939995,0.012854989618062973
C:\Users\gooud\AppData\Local\Temp\chimerax_rsv_input_nh8_3c1x\current_model_input_1.1_inference_prep.pdb,1ufm,A,R76N,R364N,0.16330063343048096,-0.05383193865418434,0.05473434925079346,-0.10856628604233265
C:\Users\gooud\AppData\Local\Temp\chimerax_rsv_input_nh8_3c1x\current_model_input_1.1_inference_prep.pdb,1ufm,A,R76P,R364P,0.2505820095539093,0.09520113468170166,0.17289157211780548,-0.07769043743610382
C:\Users\gooud\AppData\Local\Temp\chimerax_rsv_input_nh8_3c1x\current_model_input_1.1_inference_prep.pdb,1ufm,A,R76Q,R364Q,0.07545560598373413,-0.03617016226053238,0.019642721861600876,-0.055812884122133255
C:\Users\gooud\AppData\Local\Temp\chimerax_rsv_input_nh8_3c1x\current_model_input_1.1_inference_prep.pdb,1ufm,A,R76S,R364S,0.1441657841205597,0.008293785154819489,0.07622978091239929,-0.0679359994828701
C:\Users\gooud\AppData\Local\Temp\chimerax_rsv_input_nh8_3c1x\current_model_input_1.1_inference_prep.pdb,1ufm,A,R76T,R364T,0.11399520933628082,-0.06102251261472702,0.0264863483607769,-0.08750886097550392
C:\Users\gooud\AppData\Local\Temp\chimerax_rsv_input_nh8_3c1x\current_model_input_1.1_inference_prep.pdb,1ufm,A,R76V,R364V,0.021957535296678543,-0.037134356796741486,-0.007588410750031471,-0.029545946046710014
C:\Users\gooud\AppData\Local\Temp\chimerax_rsv_input_nh8_3c1x\current_model_input_1.1_inference_prep.pdb,1ufm,A,R76W,R364W,0.02405266836285591,0.29200056195259094,0.15802662074565887,0.13397394679486752
C:\Users\gooud\AppData\Local\Temp\chimerax_rsv_input_nh8_3c1x\current_model_input_1.1_inference_prep.pdb,1ufm,A,R76Y,R364Y,0.000421181321144104,0.08030802011489868,0.04036460071802139,0.03994341939687729
C:\Users\gooud\AppData\Local\Temp\chimerax_rsv_input_nh8_3c1x\current_model_input_1.1_inference_prep.pdb,1ufm,A,E77A,E365A,-0.04981769621372223,-0.003836333751678467,-0.026827014982700348,0.02299068123102188
C:\Users\gooud\AppData\Local\Temp\chimerax_rsv_input_nh8_3c1x\current_model_input_1.1_inference_prep.pdb,1ufm,A,E77C,E365C,0.07343297451734543,0.357462614774704,0.215447798371315,0.14201482012867928
C:\Users\gooud\AppData\Local\Temp\chimerax_rsv_input_nh8_3c1x\current_model_input_1.1_inference_prep.pdb,1ufm,A,E77D,E365D,0.0864080861210823,-0.09160138666629791,-0.0025966502726078033,-0.08900473639369011
C:\Users\gooud\AppData\Local\Temp\chimerax_rsv_input_nh8_3c1x\current_model_input_1.1_inference_prep.pdb,1ufm,A,E77F,E365F,-0.14736881852149963,0.1907254159450531,0.021678298711776733,0.16904711723327637
C:\Users\gooud\AppData\Local\Temp\chimerax_rsv_input_nh8_3c1x\current_model_input_1.1_inference_prep.pdb,1ufm,A,E77G,E365G,-0.014300912618637085,0.03834201395511627,0.012020550668239594,0.02632146328687668
C:\Users\gooud\AppData\Local\Temp\chimerax_rsv_input_nh8_3c1x\current_model_input_1.1_inference_prep.pdb,1ufm,A,E77H,E365H,-0.19656908512115479,-0.07779592275619507,-0.13718250393867493,0.05938658118247986
C:\Users\gooud\AppData\Local\Temp\chimerax_rsv_input_nh8_3c1x\current_model_input_1.1_inference_prep.pdb,1ufm,A,E77I,E365I,-0.184444397687912,0.01530444622039795,-0.08456997573375702,0.09987442195415497
C:\Users\gooud\AppData\Local\Temp\chimerax_rsv_input_nh8_3c1x\current_model_input_1.1_inference_prep.pdb,1ufm,A,E77K,E365K,-0.23739707469940186,-0.16549164056777954,-0.2014443576335907,0.03595271706581116
C:\Users\gooud\AppData\Local\Temp\chimerax_rsv_input_nh8_3c1x\current_model_input_1.1_inference_prep.pdb,1ufm,A,E77L,E365L,-0.18068689107894897,0.0503433495759964,-0.06517177075147629,0.11551512032747269
C:\Users\gooud\AppData\Local\Temp\chimerax_rsv_input_nh8_3c1x\current_model_input_1.1_inference_prep.pdb,1ufm,A,E77M,E365M,-0.2645758390426636,-0.06701377034187317,-0.16579480469226837,0.0987810343503952
C:\Users\gooud\AppData\Local\Temp\chimerax_rsv_input_nh8_3c1x\current_model_input_1.1_inference_prep.pdb,1ufm,A,E77N,E365N,-0.040634602308273315,-0.05434416979551315,-0.047489386051893234,-0.006854783743619919
C:\Users\gooud\AppData\Local\Temp\chimerax_rsv_input_nh8_3c1x\current_model_input_1.1_inference_prep.pdb,1ufm,A,E77P,E365P,0.0324518196284771,-0.143031507730484,-0.05528984218835831,-0.08774166367948055
C:\Users\gooud\AppData\Local\Temp\chimerax_rsv_input_nh8_3c1x\current_model_input_1.1_inference_prep.pdb,1ufm,A,E77Q,E365Q,-0.0978996679186821,-0.15120142698287964,-0.12455055117607117,-0.02665087953209877
C:\Users\gooud\AppData\Local\Temp\chimerax_rsv_input_nh8_3c1x\current_model_input_1.1_inference_prep.pdb,1ufm,A,E77R,E365R,-0.3102274239063263,-0.14695318043231964,-0.22859030961990356,0.08163712173700333
C:\Users\gooud\AppData\Local\Temp\chimerax_rsv_input_nh8_3c1x\current_model_input_1.1_inference_prep.pdb,1ufm,A,E77S,E365S,-0.005452759563922882,0.017566397786140442,0.00605681911110878,0.011509578675031662
C:\Users\gooud\AppData\Local\Temp\chimerax_rsv_input_nh8_3c1x\current_model_input_1.1_inference_prep.pdb,1ufm,A,E77T,E365T,-0.0496029332280159,-0.04631465673446655,-0.047958794981241226,0.0016441382467746735
C:\Users\gooud\AppData\Local\Temp\chimerax_rsv_input_nh8_3c1x\current_model_input_1.1_inference_prep.pdb,1ufm,A,E77V,E365V,-0.16872042417526245,-0.04998600482940674,-0.1093532145023346,0.059367209672927856
C:\Users\gooud\AppData\Local\Temp\chimerax_rsv_input_nh8_3c1x\current_model_input_1.1_inference_prep.pdb,1ufm,A,E77W,E365W,-0.20217281579971313,0.20909518003463745,0.003461182117462158,0.2056339979171753
C:\Users\gooud\AppData\Local\Temp\chimerax_rsv_input_nh8_3c1x\current_model_input_1.1_inference_prep.pdb,1ufm,A,E77Y,E365Y,-0.20983663201332092,0.17342045903205872,-0.018208086490631104,0.19162854552268982
C:\Users\gooud\AppData\Local\Temp\chimerax_rsv_input_nh8_3c1x\current_model_input_1.1_inference_prep.pdb,1ufm,A,A78C,A366C,0.08558037132024765,0.214197039604187,0.14988870918750763,0.06430833414196968
C:\Users\gooud\AppData\Local\Temp\chimerax_rsv_input_nh8_3c1x\current_model_input_1.1_inference_prep.pdb,1ufm,A,A78D,A366D,0.039495572447776794,-0.21337920427322388,-0.08694181591272354,-0.12643738836050034
C:\Users\gooud\AppData\Local\Temp\chimerax_rsv_input_nh8_3c1x\current_model_input_1.1_inference_prep.pdb,1ufm,A,A78E,A366E,0.02385725826025009,-0.1824621856212616,-0.07930245995521545,-0.10315972194075584
C:\Users\gooud\AppData\Local\Temp\chimerax_rsv_input_nh8_3c1x\current_model_input_1.1_inference_prep.pdb,1ufm,A,A78F,A366F,-0.029602907598018646,0.08675548434257507,0.028576288372278214,0.05817919597029686
C:\Users\gooud\AppData\Local\Temp\chimerax_rsv_input_nh8_3c1x\current_model_input_1.1_inference_prep.pdb,1ufm,A,A78G,A366G,0.10801215469837189,0.03733418881893158,0.07267317175865173,-0.035338982939720154
C:\Users\gooud\AppData\Local\Temp\chimerax_rsv_input_nh8_3c1x\current_model_input_1.1_inference_prep.pdb,1ufm,A,A78H,A366H,-0.10875383764505386,-0.12188422679901123,-0.11531902849674225,-0.0065651945769786835
C:\Users\gooud\AppData\Local\Temp\chimerax_rsv_input_nh8_3c1x\current_model_input_1.1_inference_prep.pdb,1ufm,A,A78I,A366I,-0.02146191895008087,-0.07088305056095123,-0.04617248475551605,-0.02471056580543518
C:\Users\gooud\AppData\Local\Temp\chimerax_rsv_input_nh8_3c1x\current_model_input_1.1_inference_prep.pdb,1ufm,A,A78K,A366K,-0.08255589753389359,-0.16110263764858246,-0.12182927131652832,-0.03927337005734444
C:\Users\gooud\AppData\Local\Temp\chimerax_rsv_input_nh8_3c1x\current_model_input_1.1_inference_prep.pdb,1ufm,A,A78L,A366L,-0.016898803412914276,-0.06359723210334778,-0.04024801775813103,-0.02334921434521675
C:\Users\gooud\AppData\Local\Temp\chimerax_rsv_input_nh8_3c1x\current_model_input_1.1_inference_prep.pdb,1ufm,A,A78M,A366M,-0.1484888195991516,-0.14662767946720123,-0.14755824208259583,0.0009305700659751892
C:\Users\gooud\AppData\Local\Temp\chimerax_rsv_input_nh8_3c1x\current_model_input_1.1_inference_prep.pdb,1ufm,A,A78N,A366N,0.01627437025308609,-0.10383456200361252,-0.043780095875263214,-0.060054466128349304
C:\Users\gooud\AppData\Local\Temp\chimerax_rsv_input_nh8_3c1x\current_model_input_1.1_inference_prep.pdb,1ufm,A,A78P,A366P,0.10111436247825623,-0.20174866914749146,-0.050317153334617615,-0.15143151581287384
C:\Users\gooud\AppData\Local\Temp\chimerax_rsv_input_nh8_3c1x\current_model_input_1.1_inference_prep.pdb,1ufm,A,A78Q,A366Q,-0.010209664702415466,-0.16548150777816772,-0.0878455862402916,-0.07763592153787613
C:\Users\gooud\AppData\Local\Temp\chimerax_rsv_input_nh8_3c1x\current_model_input_1.1_inference_prep.pdb,1ufm,A,A78R,A366R,-0.13237518072128296,-0.16538476943969727,-0.1488799750804901,-0.016504794359207153
C:\Users\gooud\AppData\Local\Temp\chimerax_rsv_input_nh8_3c1x\current_model_input_1.1_inference_prep.pdb,1ufm,A,A78S,A366S,0.10609367489814758,-0.06859954446554184,0.01874706521630287,-0.08734660968184471
C:\Users\gooud\AppData\Local\Temp\chimerax_rsv_input_nh8_3c1x\current_model_input_1.1_inference_prep.pdb,1ufm,A,A78T,A366T,0.05335928499698639,-0.14362886548042297,-0.04513479024171829,-0.09849407523870468
C:\Users\gooud\AppData\Local\Temp\chimerax_rsv_input_nh8_3c1x\current_model_input_1.1_inference_prep.pdb,1ufm,A,A78V,A366V,-0.04939786344766617,-0.14798632264137268,-0.09869208931922913,-0.049294229596853256
C:\Users\gooud\AppData\Local\Temp\chimerax_rsv_input_nh8_3c1x\current_model_input_1.1_inference_prep.pdb,1ufm,A,A78W,A366W,-0.09527985006570816,0.16488364338874817,0.034801896661520004,0.13008174672722816
C:\Users\gooud\AppData\Local\Temp\chimerax_rsv_input_nh8_3c1x\current_model_input_1.1_inference_prep.pdb,1ufm,A,A78Y,A366Y,-0.09061513096094131,0.05872352421283722,-0.015945803374052048,0.07466932758688927
C:\Users\gooud\AppData\Local\Temp\chimerax_rsv_input_nh8_3c1x\current_model_input_1.1_inference_prep.pdb,1ufm,A,S79A,S367A,0.03828383982181549,-0.06979043781757355,-0.01575329899787903,-0.05403713881969452
C:\Users\gooud\AppData\Local\Temp\chimerax_rsv_input_nh8_3c1x\current_model_input_1.1_inference_prep.pdb,1ufm,A,S79C,S367C,0.12067526578903198,0.18817076086997986,0.15442301332950592,0.03374774754047394
C:\Users\gooud\AppData\Local\Temp\chimerax_rsv_input_nh8_3c1x\current_model_input_1.1_inference_prep.pdb,1ufm,A,S79D,S367D,0.004337698221206665,-0.1714051216840744,-0.08353371173143387,-0.08787140995264053
C:\Users\gooud\AppData\Local\Temp\chimerax_rsv_input_nh8_3c1x\current_model_input_1.1_inference_prep.pdb,1ufm,A,S79E,S367E,-0.008848048746585846,-0.13405367732048035,-0.0714508593082428,-0.06260281428694725
C:\Users\gooud\AppData\Local\Temp\chimerax_rsv_input_nh8_3c1x\current_model_input_1.1_inference_prep.pdb,1ufm,A,S79F,S367F,-0.04438883066177368,0.006559796631336212,-0.018914517015218735,0.025474313646554947
C:\Users\gooud\AppData\Local\Temp\chimerax_rsv_input_nh8_3c1x\current_model_input_1.1_inference_prep.pdb,1ufm,A,S79G,S367G,0.005989082157611847,-0.03236842900514603,-0.01318967342376709,-0.019178755581378937
C:\Users\gooud\AppData\Local\Temp\chimerax_rsv_input_nh8_3c1x\current_model_input_1.1_inference_prep.pdb,1ufm,A,S79H,S367H,-0.08595017343759537,-0.1524399369955063,-0.11919505894184113,-0.03324488177895546
C:\Users\gooud\AppData\Local\Temp\chimerax_rsv_input_nh8_3c1x\current_model_input_1.1_inference_prep.pdb,1ufm,A,S79I,S367I,-0.08587604016065598,-0.1371472179889679,-0.11151163280010223,-0.02563558891415596
C:\Users\gooud\AppData\Local\Temp\chimerax_rsv_input_nh8_3c1x\current_model_input_1.1_inference_prep.pdb,1ufm,A,S79K,S367K,-0.07817239314317703,-0.17451566457748413,-0.12634402513504028,-0.04817163571715355
C:\Users\gooud\AppData\Local\Temp\chimerax_rsv_input_nh8_3c1x\current_model_input_1.1_inference_prep.pdb,1ufm,A,S79L,S367L,0.0015581101179122925,-0.04561518132686615,-0.02202853560447693,-0.02358664572238922
C:\Users\gooud\AppData\Local\Temp\chimerax_rsv_input_nh8_3c1x\current_model_input_1.1_inference_prep.pdb,1ufm,A,S79M,S367M,-0.11461984366178513,-0.14824128150939941,-0.13143056631088257,-0.016810718923807144
C:\Users\gooud\AppData\Local\Temp\chimerax_rsv_input_nh8_3c1x\current_model_input_1.1_inference_prep.pdb,1ufm,A,S79N,S367N,0.012293785810470581,-0.14393986761569977,-0.0658230409026146,-0.07811682671308517
C:\Users\gooud\AppData\Local\Temp\chimerax_rsv_input_nh8_3c1x\current_model_input_1.1_inference_prep.pdb,1ufm,A,S79P,S367P,0.015690390020608902,-0.15060663223266602,-0.0674581229686737,-0.08314851112663746
C:\Users\gooud\AppData\Local\Temp\chimerax_rsv_input_nh8_3c1x\current_model_input_1.1_inference_prep.pdb,1ufm,A,S79Q,S367Q,-0.020765498280525208,-0.16214479506015778,-0.09145514667034149,-0.07068964838981628
C:\Users\gooud\AppData\Local\Temp\chimerax_rsv_input_nh8_3c1x\current_model_input_1.1_inference_prep.pdb,1ufm,A,S79R,S367R,-0.08192046731710434,-0.16677457094192505,-0.12434752285480499,-0.042427051812410355
C:\Users\gooud\AppData\Local\Temp\chimerax_rsv_input_nh8_3c1x\current_model_input_1.1_inference_prep.pdb,1ufm,A,S79T,S367T,0.016725797206163406,-0.18031130731105804,-0.08179275691509247,-0.09851855225861073
C:\Users\gooud\AppData\Local\Temp\chimerax_rsv_input_nh8_3c1x\current_model_input_1.1_inference_prep.pdb,1ufm,A,S79V,S367V,-0.0681411400437355,-0.19821083545684814,-0.13317598402500153,-0.06503484770655632
C:\Users\gooud\AppData\Local\Temp\chimerax_rsv_input_nh8_3c1x\current_model_input_1.1_inference_prep.pdb,1ufm,A,S79W,S367W,-0.15689170360565186,0.06231875717639923,-0.04728647321462631,0.10960523039102554
C:\Users\gooud\AppData\Local\Temp\chimerax_rsv_input_nh8_3c1x\current_model_input_1.1_inference_prep.pdb,1ufm,A,S79Y,S367Y,-0.08878206461668015,0.0159674733877182,-0.03640729561448097,0.05237476900219917
C:\Users\gooud\AppData\Local\Temp\chimerax_rsv_input_nh8_3c1x\current_model_input_1.1_inference_prep.pdb,1ufm,A,G80A,G368A,0.08497196435928345,-0.04813072085380554,0.018420621752738953,-0.0665513426065445
C:\Users\gooud\AppData\Local\Temp\chimerax_rsv_input_nh8_3c1x\current_model_input_1.1_inference_prep.pdb,1ufm,A,G80C,G368C,0.16278257966041565,0.1816754937171936,0.17222903668880463,0.009446457028388977
C:\Users\gooud\AppData\Local\Temp\chimerax_rsv_input_nh8_3c1x\current_model_input_1.1_inference_prep.pdb,1ufm,A,G80D,G368D,0.013907074928283691,-0.16351690888404846,-0.07480491697788239,-0.08871199190616608
C:\Users\gooud\AppData\Local\Temp\chimerax_rsv_input_nh8_3c1x\current_model_input_1.1_inference_prep.pdb,1ufm,A,G80E,G368E,-0.006977580487728119,-0.11510124802589417,-0.06103941425681114,-0.05406183376908302
C:\Users\gooud\AppData\Local\Temp\chimerax_rsv_input_nh8_3c1x\current_model_input_1.1_inference_prep.pdb,1ufm,A,G80F,G368F,0.021117333322763443,0.007565334439277649,0.014341333881020546,-0.006775999441742897
C:\Users\gooud\AppData\Local\Temp\chimerax_rsv_input_nh8_3c1x\current_model_input_1.1_inference_prep.pdb,1ufm,A,G80H,G368H,-0.06023065000772476,-0.11655611544847488,-0.08839338272809982,-0.02816273272037506
C:\Users\gooud\AppData\Local\Temp\chimerax_rsv_input_nh8_3c1x\current_model_input_1.1_inference_prep.pdb,1ufm,A,G80I,G368I,0.03974390774965286,0.008492574095726013,0.024118240922689438,-0.015625666826963425
C:\Users\gooud\AppData\Local\Temp\chimerax_rsv_input_nh8_3c1x\current_model_input_1.1_inference_prep.pdb,1ufm,A,G80K,G368K,-0.010281845927238464,-0.1873631775379181,-0.09882251173257828,-0.08854066580533981
C:\Users\gooud\AppData\Local\Temp\chimerax_rsv_input_nh8_3c1x\current_model_input_1.1_inference_prep.pdb,1ufm,A,G80L,G368L,0.11849021911621094,0.07252608239650726,0.0955081507563591,-0.022982068359851837
C:\Users\gooud\AppData\Local\Temp\chimerax_rsv_input_nh8_3c1x\current_model_input_1.1_inference_prep.pdb,1ufm,A,G80M,G368M,-0.036793068051338196,-0.09918862581253052,-0.06799084693193436,-0.03119777888059616
C:\Users\gooud\AppData\Local\Temp\chimerax_rsv_input_nh8_3c1x\current_model_input_1.1_inference_prep.pdb,1ufm,A,G80N,G368N,0.07448335736989975,-0.1539284586906433,-0.03972255066037178,-0.11420590803027153
C:\Users\gooud\AppData\Local\Temp\chimerax_rsv_input_nh8_3c1x\current_model_input_1.1_inference_prep.pdb,1ufm,A,G80P,G368P,0.029962200671434402,-0.13409718871116638,-0.05206749588251114,-0.08202969469130039
C:\Users\gooud\AppData\Local\Temp\chimerax_rsv_input_nh8_3c1x\current_model_input_1.1_inference_prep.pdb,1ufm,A,G80Q,G368Q,0.040421999990940094,-0.10513411462306976,-0.032356057316064835,-0.07277805730700493
C:\Users\gooud\AppData\Local\Temp\chimerax_rsv_input_nh8_3c1x\current_model_input_1.1_inference_prep.pdb,1ufm,A,G80R,G368R,-0.03844036906957626,-0.14741434156894684,-0.09292735159397125,-0.05448698624968529
C:\Users\gooud\AppData\Local\Temp\chimerax_rsv_input_nh8_3c1x\current_model_input_1.1_inference_prep.pdb,1ufm,A,G80S,G368S,0.10006214678287506,-0.10867907106876373,-0.004308462142944336,-0.1043706089258194
C:\Users\gooud\AppData\Local\Temp\chimerax_rsv_input_nh8_3c1x\current_model_input_1.1_inference_prep.pdb,1ufm,A,G80T,G368T,0.04510979726910591,-0.08715369552373886,-0.021021949127316475,-0.06613174639642239
C:\Users\gooud\AppData\Local\Temp\chimerax_rsv_input_nh8_3c1x\current_model_input_1.1_inference_prep.pdb,1ufm,A,G80V,G368V,-0.003262139856815338,-0.0938522070646286,-0.04855717346072197,-0.04529503360390663
C:\Users\gooud\AppData\Local\Temp\chimerax_rsv_input_nh8_3c1x\current_model_input_1.1_inference_prep.pdb,1ufm,A,G80W,G368W,-0.12965479493141174,0.08369064331054688,-0.022982075810432434,0.10667271912097931
C:\Users\gooud\AppData\Local\Temp\chimerax_rsv_input_nh8_3c1x\current_model_input_1.1_inference_prep.pdb,1ufm,A,G80Y,G368Y,-0.10097689181566238,-0.04726938158273697,-0.07412313669919968,0.026853755116462708
C:\Users\gooud\AppData\Local\Temp\chimerax_rsv_input_nh8_3c1x\current_model_input_1.1_inference_prep.pdb,1ufm,A,P81A,P369A,0.024780992418527603,-0.052675072103738785,-0.01394703984260559,-0.038728032261133194
C:\Users\gooud\AppData\Local\Temp\chimerax_rsv_input_nh8_3c1x\current_model_input_1.1_inference_prep.pdb,1ufm,A,P81C,P369C,0.06515128910541534,0.1449795365333557,0.10506541281938553,0.039914123713970184
C:\Users\gooud\AppData\Local\Temp\chimerax_rsv_input_nh8_3c1x\current_model_input_1.1_inference_prep.pdb,1ufm,A,P81D,P369D,-0.09834309667348862,-0.2829216718673706,-0.1906323879957199,-0.092289287596941
C:\Users\gooud\AppData\Local\Temp\chimerax_rsv_input_nh8_3c1x\current_model_input_1.1_inference_prep.pdb,1ufm,A,P81E,P369E,-0.09098463505506516,-0.2049318552017212,-0.14795824885368347,-0.05697361007332802
C:\Users\gooud\AppData\Local\Temp\chimerax_rsv_input_nh8_3c1x\current_model_input_1.1_inference_prep.pdb,1ufm,A,P81F,P369F,-0.08667796105146408,-0.041397564113140106,-0.0640377625823021,0.022640198469161987
C:\Users\gooud\AppData\Local\Temp\chimerax_rsv_input_nh8_3c1x\current_model_input_1.1_inference_prep.pdb,1ufm,A,P81G,P369G,-0.010322727262973785,0.1705680787563324,0.0801226794719696,0.09044540300965309
C:\Users\gooud\AppData\Local\Temp\chimerax_rsv_input_nh8_3c1x\current_model_input_1.1_inference_prep.pdb,1ufm,A,P81H,P369H,-0.14378181099891663,-0.23374567925930023,-0.18876373767852783,-0.0449819341301918
C:\Users\gooud\AppData\Local\Temp\chimerax_rsv_input_nh8_3c1x\current_model_input_1.1_inference_prep.pdb,1ufm,A,P81I,P369I,-0.09777387231588364,-0.07611455023288727,-0.08694420754909515,0.010829661041498184
C:\Users\gooud\AppData\Local\Temp\chimerax_rsv_input_nh8_3c1x\current_model_input_1.1_inference_prep.pdb,1ufm,A,P81K,P369K,-0.03839373588562012,-0.1511223018169403,-0.09475801885128021,-0.056364282965660095
C:\Users\gooud\AppData\Local\Temp\chimerax_rsv_input_nh8_3c1x\current_model_input_1.1_inference_prep.pdb,1ufm,A,P81L,P369L,-0.05586615204811096,-0.04585268348455429,-0.050859417766332626,0.005006734281778336
C:\Users\gooud\AppData\Local\Temp\chimerax_rsv_input_nh8_3c1x\current_model_input_1.1_inference_prep.pdb,1ufm,A,P81M,P369M,-0.24083760380744934,-0.17794345319271088,-0.2093905210494995,0.03144707530736923
C:\Users\gooud\AppData\Local\Temp\chimerax_rsv_input_nh8_3c1x\current_model_input_1.1_inference_prep.pdb,1ufm,A,P81N,P369N,-0.044124260544776917,-0.21211181581020355,-0.12811803817749023,-0.08399377763271332
C:\Users\gooud\AppData\Local\Temp\chimerax_rsv_input_nh8_3c1x\current_model_input_1.1_inference_prep.pdb,1ufm,A,P81Q,P369Q,-0.05665627866983414,-0.1439424604177475,-0.10029937326908112,-0.04364309087395668
C:\Users\gooud\AppData\Local\Temp\chimerax_rsv_input_nh8_3c1x\current_model_input_1.1_inference_prep.pdb,1ufm,A,P81R,P369R,-0.09359122067689896,-0.22741609811782837,-0.16050365567207336,-0.0669124387204647
C:\Users\gooud\AppData\Local\Temp\chimerax_rsv_input_nh8_3c1x\current_model_input_1.1_inference_prep.pdb,1ufm,A,P81S,P369S,0.033037927001714706,-0.029589585959911346,0.00172417052090168,-0.031313756480813026
C:\Users\gooud\AppData\Local\Temp\chimerax_rsv_input_nh8_3c1x\current_model_input_1.1_inference_prep.pdb,1ufm,A,P81T,P369T,-0.06435173004865646,-0.17835576832294464,-0.12135374546051025,-0.05700201913714409
C:\Users\gooud\AppData\Local\Temp\chimerax_rsv_input_nh8_3c1x\current_model_input_1.1_inference_prep.pdb,1ufm,A,P81V,P369V,-0.10364796966314316,-0.16188973188400269,-0.13276885449886322,-0.029120881110429764
C:\Users\gooud\AppData\Local\Temp\chimerax_rsv_input_nh8_3c1x\current_model_input_1.1_inference_prep.pdb,1ufm,A,P81W,P369W,-0.2182212769985199,-0.08369427919387817,-0.15095777809619904,0.06726349890232086
C:\Users\gooud\AppData\Local\Temp\chimerax_rsv_input_nh8_3c1x\current_model_input_1.1_inference_prep.pdb,1ufm,A,P81Y,P369Y,-0.19863352179527283,-0.1021859422326088,-0.1504097282886505,0.048223789781332016
C:\Users\gooud\AppData\Local\Temp\chimerax_rsv_input_nh8_3c1x\current_model_input_1.1_inference_prep.pdb,1ufm,A,S82A,S370A,0.04860924184322357,-0.011848971247673035,0.01838013529777527,-0.030229106545448303
C:\Users\gooud\AppData\Local\Temp\chimerax_rsv_input_nh8_3c1x\current_model_input_1.1_inference_prep.pdb,1ufm,A,S82C,S370C,0.12331290543079376,0.19625645875930786,0.15978467464447021,0.03647177666425705
C:\Users\gooud\AppData\Local\Temp\chimerax_rsv_input_nh8_3c1x\current_model_input_1.1_inference_prep.pdb,1ufm,A,S82D,S370D,-0.12986063957214355,-0.24271756410598755,-0.18628910183906555,-0.056428462266922
C:\Users\gooud\AppData\Local\Temp\chimerax_rsv_input_nh8_3c1x\current_model_input_1.1_inference_prep.pdb,1ufm,A,S82E,S370E,-0.12024391442537308,-0.2017803192138672,-0.16101211309432983,-0.040768202394247055
C:\Users\gooud\AppData\Local\Temp\chimerax_rsv_input_nh8_3c1x\current_model_input_1.1_inference_prep.pdb,1ufm,A,S82F,S370F,-0.052061691880226135,-0.02792796492576599,-0.03999482840299606,0.012066863477230072
C:\Users\gooud\AppData\Local\Temp\chimerax_rsv_input_nh8_3c1x\current_model_input_1.1_inference_prep.pdb,1ufm,A,S82G,S370G,-0.007184639573097229,-0.03491274267435074,-0.021048691123723984,-0.013864051550626755
C:\Users\gooud\AppData\Local\Temp\chimerax_rsv_input_nh8_3c1x\current_model_input_1.1_inference_prep.pdb,1ufm,A,S82H,S370H,-0.09195943921804428,-0.1266089230775833,-0.1092841774225235,-0.017324741929769516
C:\Users\gooud\AppData\Local\Temp\chimerax_rsv_input_nh8_3c1x\current_model_input_1.1_inference_prep.pdb,1ufm,A,S82I,S370I,-0.02539116144180298,-0.05664506182074547,-0.04101811349391937,-0.015626950189471245
C:\Users\gooud\AppData\Local\Temp\chimerax_rsv_input_nh8_3c1x\current_model_input_1.1_inference_prep.pdb,1ufm,A,S82K,S370K,-0.006080299615859985,-0.14713911712169647,-0.07660970836877823,-0.07052940875291824
C:\Users\gooud\AppData\Local\Temp\chimerax_rsv_input_nh8_3c1x\current_model_input_1.1_inference_prep.pdb,1ufm,A,S82L,S370L,0.03312483802437782,-0.025345146656036377,0.003889845684170723,-0.0292349923402071
C:\Users\gooud\AppData\Local\Temp\chimerax_rsv_input_nh8_3c1x\current_model_input_1.1_inference_prep.pdb,1ufm,A,S82M,S370M,-0.14887452125549316,-0.14617085456848145,-0.1475226879119873,0.0013518333435058594
C:\Users\gooud\AppData\Local\Temp\chimerax_rsv_input_nh8_3c1x\current_model_input_1.1_inference_prep.pdb,1ufm,A,S82N,S370N,-0.05781096965074539,-0.18609026074409485,-0.12195061147212982,-0.06413964554667473
C:\Users\gooud\AppData\Local\Temp\chimerax_rsv_input_nh8_3c1x\current_model_input_1.1_inference_prep.pdb,1ufm,A,S82P,S370P,0.06034170836210251,0.049016088247299194,0.05467889830470085,-0.005662810057401657
C:\Users\gooud\AppData\Local\Temp\chimerax_rsv_input_nh8_3c1x\current_model_input_1.1_inference_prep.pdb,1ufm,A,S82Q,S370Q,-0.04296606779098511,-0.14739137887954712,-0.09517872333526611,-0.052212655544281006
C:\Users\gooud\AppData\Local\Temp\chimerax_rsv_input_nh8_3c1x\current_model_input_1.1_inference_prep.pdb,1ufm,A,S82R,S370R,-0.02097923308610916,-0.15784481167793274,-0.08941201865673065,-0.06843278929591179
C:\Users\gooud\AppData\Local\Temp\chimerax_rsv_input_nh8_3c1x\current_model_input_1.1_inference_prep.pdb,1ufm,A,S82T,S370T,-0.0014845877885818481,-0.15415458381175995,-0.0778195858001709,-0.07633499801158905
C:\Users\gooud\AppData\Local\Temp\chimerax_rsv_input_nh8_3c1x\current_model_input_1.1_inference_prep.pdb,1ufm,A,S82V,S370V,-0.04254999756813049,-0.09661790728569031,-0.0695839524269104,-0.027033954858779907
C:\Users\gooud\AppData\Local\Temp\chimerax_rsv_input_nh8_3c1x\current_model_input_1.1_inference_prep.pdb,1ufm,A,S82W,S370W,-0.21406406164169312,-0.0009959042072296143,-0.10752998292446136,0.10653407871723175
C:\Users\gooud\AppData\Local\Temp\chimerax_rsv_input_nh8_3c1x\current_model_input_1.1_inference_prep.pdb,1ufm,A,S82Y,S370Y,-0.11891385167837143,-0.06426200270652771,-0.09158793091773987,0.02732592448592186
C:\Users\gooud\AppData\Local\Temp\chimerax_rsv_input_nh8_3c1x\current_model_input_1.1_inference_prep.pdb,1ufm,A,S83A,S371A,0.03827201575040817,-0.0938175693154335,-0.027772776782512665,-0.06604479253292084
C:\Users\gooud\AppData\Local\Temp\chimerax_rsv_input_nh8_3c1x\current_model_input_1.1_inference_prep.pdb,1ufm,A,S83C,S371C,0.06480790674686432,0.13783800601959229,0.1013229563832283,0.03651504963636398
C:\Users\gooud\AppData\Local\Temp\chimerax_rsv_input_nh8_3c1x\current_model_input_1.1_inference_prep.pdb,1ufm,A,S83D,S371D,-0.0815405622124672,-0.22243383526802063,-0.1519871950149536,-0.07044663652777672
C:\Users\gooud\AppData\Local\Temp\chimerax_rsv_input_nh8_3c1x\current_model_input_1.1_inference_prep.pdb,1ufm,A,S83E,S371E,-0.07315995544195175,-0.15331171452999115,-0.11323583126068115,-0.0400758795440197
C:\Users\gooud\AppData\Local\Temp\chimerax_rsv_input_nh8_3c1x\current_model_input_1.1_inference_prep.pdb,1ufm,A,S83F,S371F,-0.063119076192379,-0.04637972265481949,-0.05474939942359924,0.008369676768779755
C:\Users\gooud\AppData\Local\Temp\chimerax_rsv_input_nh8_3c1x\current_model_input_1.1_inference_prep.pdb,1ufm,A,S83G,S371G,-0.02586757391691208,-0.09748320281505585,-0.06167538836598396,-0.035807814449071884
C:\Users\gooud\AppData\Local\Temp\chimerax_rsv_input_nh8_3c1x\current_model_input_1.1_inference_prep.pdb,1ufm,A,S83H,S371H,-0.07456488162279129,-0.11514672636985779,-0.09485580027103424,-0.02029092237353325
C:\Users\gooud\AppData\Local\Temp\chimerax_rsv_input_nh8_3c1x\current_model_input_1.1_inference_prep.pdb,1ufm,A,S83I,S371I,-0.10139433294534683,-0.12346553057432175,-0.11242993175983429,-0.011035598814487457
C:\Users\gooud\AppData\Local\Temp\chimerax_rsv_input_nh8_3c1x\current_model_input_1.1_inference_prep.pdb,1ufm,A,S83K,S371K,0.01651139184832573,-0.1072704866528511,-0.04537954926490784,-0.06189093925058842
C:\Users\gooud\AppData\Local\Temp\chimerax_rsv_input_nh8_3c1x\current_model_input_1.1_inference_prep.pdb,1ufm,A,S83L,S371L,0.03405243530869484,-0.07529117166996002,-0.02061936818063259,-0.05467180348932743
C:\Users\gooud\AppData\Local\Temp\chimerax_rsv_input_nh8_3c1x\current_model_input_1.1_inference_prep.pdb,1ufm,A,S83M,S371M,-0.14058062434196472,-0.17423953115940094,-0.15741008520126343,-0.01682945340871811
C:\Users\gooud\AppData\Local\Temp\chimerax_rsv_input_nh8_3c1x\current_model_input_1.1_inference_prep.pdb,1ufm,A,S83N,S371N,0.0035675615072250366,-0.13759370148181915,-0.06701306998729706,-0.0705806314945221
C:\Users\gooud\AppData\Local\Temp\chimerax_rsv_input_nh8_3c1x\current_model_input_1.1_inference_prep.pdb,1ufm,A,S83P,S371P,0.012308094650506973,-0.010265499353408813,0.00102129764854908,-0.011286797001957893
C:\Users\gooud\AppData\Local\Temp\chimerax_rsv_input_nh8_3c1x\current_model_input_1.1_inference_prep.pdb,1ufm,A,S83Q,S371Q,-0.0038683637976646423,-0.10142548382282257,-0.05264692381024361,-0.048778560012578964
C:\Users\gooud\AppData\Local\Temp\chimerax_rsv_input_nh8_3c1x\current_model_input_1.1_inference_prep.pdb,1ufm,A,S83R,S371R,-0.021145060658454895,-0.12868458032608032,-0.07491482049226761,-0.053769759833812714
C:\Users\gooud\AppData\Local\Temp\chimerax_rsv_input_nh8_3c1x\current_model_input_1.1_inference_prep.pdb,1ufm,A,S83T,S371T,-0.035488538444042206,-0.20087997615337372,-0.11818425357341766,-0.08269571885466576
C:\Users\gooud\AppData\Local\Temp\chimerax_rsv_input_nh8_3c1x\current_model_input_1.1_inference_prep.pdb,1ufm,A,S83V,S371V,-0.11184612661600113,-0.17799469828605652,-0.14492040872573853,-0.033074285835027695
C:\Users\gooud\AppData\Local\Temp\chimerax_rsv_input_nh8_3c1x\current_model_input_1.1_inference_prep.pdb,1ufm,A,S83W,S371W,-0.2512301206588745,0.060428693890571594,-0.09540071338415146,0.15582940727472305
C:\Users\gooud\AppData\Local\Temp\chimerax_rsv_input_nh8_3c1x\current_model_input_1.1_inference_prep.pdb,1ufm,A,S83Y,S371Y,-0.1343139111995697,-0.039034634828567505,-0.0866742730140686,0.0476396381855011
C:\Users\gooud\AppData\Local\Temp\chimerax_rsv_input_nh8_3c1x\current_model_input_1.1_inference_prep.pdb,1ufm,A,G84A,G372A,0.1541655957698822,-0.04974052309989929,0.052212536334991455,-0.10195305943489075
C:\Users\gooud\AppData\Local\Temp\chimerax_rsv_input_nh8_3c1x\current_model_input_1.1_inference_prep.pdb,1ufm,A,G84C,G372C,0.22601324319839478,0.3107165992259979,0.26836490631103516,0.042351678013801575
C:\Users\gooud\AppData\Local\Temp\chimerax_rsv_input_nh8_3c1x\current_model_input_1.1_inference_prep.pdb,1ufm,A,G84D,G372D,-0.041030190885066986,-0.16699908673763275,-0.10401463508605957,-0.06298444792628288
C:\Users\gooud\AppData\Local\Temp\chimerax_rsv_input_nh8_3c1x\current_model_input_1.1_inference_prep.pdb,1ufm,A,G84E,G372E,-0.03279025852680206,-0.1290796548128128,-0.08093495666980743,-0.04814469814300537
C:\Users\gooud\AppData\Local\Temp\chimerax_rsv_input_nh8_3c1x\current_model_input_1.1_inference_prep.pdb,1ufm,A,G84F,G372F,0.017198096960783005,-0.025504305958747864,-0.0041531044989824295,-0.021351201459765434
C:\Users\gooud\AppData\Local\Temp\chimerax_rsv_input_nh8_3c1x\current_model_input_1.1_inference_prep.pdb,1ufm,A,G84H,G372H,0.003725975751876831,-0.06041689217090607,-0.028345458209514618,-0.03207143396139145
C:\Users\gooud\AppData\Local\Temp\chimerax_rsv_input_nh8_3c1x\current_model_input_1.1_inference_prep.pdb,1ufm,A,G84I,G372I,0.02567342296242714,-0.09906680881977081,-0.036696694791316986,-0.062370115891098976
C:\Users\gooud\AppData\Local\Temp\chimerax_rsv_input_nh8_3c1x\current_model_input_1.1_inference_prep.pdb,1ufm,A,G84K,G372K,0.13905766606330872,-0.12196053564548492,0.008548565208911896,-0.13050910085439682
C:\Users\gooud\AppData\Local\Temp\chimerax_rsv_input_nh8_3c1x\current_model_input_1.1_inference_prep.pdb,1ufm,A,G84L,G372L,0.09882712364196777,-0.02520751953125,0.03680980205535889,-0.06201732158660889
C:\Users\gooud\AppData\Local\Temp\chimerax_rsv_input_nh8_3c1x\current_model_input_1.1_inference_prep.pdb,1ufm,A,G84M,G372M,-0.06312055140733719,-0.12324738502502441,-0.0931839644908905,-0.030063416808843613
C:\Users\gooud\AppData\Local\Temp\chimerax_rsv_input_nh8_3c1x\current_model_input_1.1_inference_prep.pdb,1ufm,A,G84N,G372N,0.07831823825836182,-0.1452924758195877,-0.033487118780612946,-0.11180535703897476
C:\Users\gooud\AppData\Local\Temp\chimerax_rsv_input_nh8_3c1x\current_model_input_1.1_inference_prep.pdb,1ufm,A,G84P,G372P,-0.07952385395765305,-0.1410171091556549,-0.11027048528194427,-0.03074662759900093
C:\Users\gooud\AppData\Local\Temp\chimerax_rsv_input_nh8_3c1x\current_model_input_1.1_inference_prep.pdb,1ufm,A,G84Q,G372Q,0.06934294104576111,-0.10908672213554382,-0.019871890544891357,-0.08921483159065247
C:\Users\gooud\AppData\Local\Temp\chimerax_rsv_input_nh8_3c1x\current_model_input_1.1_inference_prep.pdb,1ufm,A,G84R,G372R,0.065691277384758,-0.06491531431674957,0.0003879815340042114,-0.06530329585075378
C:\Users\gooud\AppData\Local\Temp\chimerax_rsv_input_nh8_3c1x\current_model_input_1.1_inference_prep.pdb,1ufm,A,G84S,G372S,0.18131978809833527,0.04022239148616791,0.11077108979225159,-0.07054869830608368
C:\Users\gooud\AppData\Local\Temp\chimerax_rsv_input_nh8_3c1x\current_model_input_1.1_inference_prep.pdb,1ufm,A,G84T,G372T,0.021568913012742996,-0.09275117516517639,-0.03559113293886185,-0.057160044088959694
C:\Users\gooud\AppData\Local\Temp\chimerax_rsv_input_nh8_3c1x\current_model_input_1.1_inference_prep.pdb,1ufm,A,G84V,G372V,-0.005836687982082367,-0.1498262584209442,-0.07783147692680359,-0.07199478521943092
C:\Users\gooud\AppData\Local\Temp\chimerax_rsv_input_nh8_3c1x\current_model_input_1.1_inference_prep.pdb,1ufm,A,G84W,G372W,-0.16377758979797363,-0.053442806005477905,-0.10861019790172577,0.055167391896247864
C:\Users\gooud\AppData\Local\Temp\chimerax_rsv_input_nh8_3c1x\current_model_input_1.1_inference_prep.pdb,1ufm,A,G84Y,G372Y,-0.08604783564805984,-0.04107857495546341,-0.06356320530176163,0.022484630346298218
